#
# A fatal error has been detected by the Java Runtime Environment:
#
#  Internal Error (assembler_aarch64.hpp:264), pid=10106, tid=25347
#  guarantee(chk == -1 || chk == 0) failed: Field too big for insn
#
# JRE version: OpenJDK Runtime Environment (21.0.2+13) (build 21.0.2+13-58)
# Java VM: OpenJDK 64-Bit Server VM (21.0.2+13-58, mixed mode, sharing, tiered, compressed oops, compressed class ptrs, g1 gc, bsd-aarch64)
# No core dump will be written. Core dumps have been disabled. To enable core dumping, try "ulimit -c unlimited" before starting Java again
#
# If you would like to submit a bug report, please visit:
#   https://bugreport.java.com/bugreport/crash.jsp
#

---------------  S U M M A R Y ------------

Command Line: --add-opens=java.base/java.lang=ALL-UNNAMED --add-opens=java.base/java.lang.invoke=ALL-UNNAMED --add-opens=java.base/java.util=ALL-UNNAMED --add-opens=java.prefs/java.util.prefs=ALL-UNNAMED --add-exports=jdk.compiler/com.sun.tools.javac.api=ALL-UNNAMED --add-exports=jdk.compiler/com.sun.tools.javac.util=ALL-UNNAMED --add-opens=java.base/java.util=ALL-UNNAMED --add-opens=java.prefs/java.util.prefs=ALL-UNNAMED --add-opens=java.base/java.nio.charset=ALL-UNNAMED --add-opens=java.base/java.net=ALL-UNNAMED --add-opens=java.base/java.util.concurrent.atomic=ALL-UNNAMED --add-opens=java.xml/javax.xml.namespace=ALL-UNNAMED -Xmx2048m -Dfile.encoding=UTF-8 -Duser.country=PL -Duser.language=en -Duser.variant -javaagent:/Users/j/.gradle/wrapper/dists/gradle-8.14.5-bin/690y85m0j9nfaub7xoiayko8a/gradle-8.14.5/lib/agents/gradle-instrumentation-agent-8.14.5.jar org.gradle.launcher.daemon.bootstrap.GradleDaemon 8.14.5

Host: "MacBookPro17,1" arm64, 8 cores, 16G, Darwin 25.5.0, macOS 26.5.2 (25F84)
Time: Sun Aug  9 19:39:15 2026 CEST elapsed time: 167.506153 seconds (0d 0h 2m 47s)

---------------  T H R E A D  ---------------

Current thread (0x000000010b00da00):  JavaThread "C1 CompilerThread0" daemon [_thread_in_native, id=25347, stack(0x0000000171508000,0x000000017170b000) (2060K)]


Current CompileTask:
C1: 167506 102197 % !   3       org.jetbrains.uast.kotlin.FirKotlinUastResolveProviderService::getArgumentForParameter @ 2397 (2840 bytes)

Stack: [0x0000000171508000,0x000000017170b000],  sp=0x0000000171709620,  free space=2053k
Native frames: (J=compiled Java code, j=interpreted, Vv=VM code, C=native code)
V  [libjvm.dylib+0xa251f0]  VMError::report_and_die(int, char const*, char const*, char*, Thread*, unsigned char*, void*, void*, char const*, int, unsigned long)+0x480  (assembler_aarch64.hpp:264)
V  [libjvm.dylib+0xa25ad0]  VMError::report_and_die(Thread*, void*, char const*, int, char const*, char const*, char*)+0x40
V  [libjvm.dylib+0x311fa0]  report_vm_error(char const*, int, char const*, char const*, ...)+0x6c
V  [libjvm.dylib+0x99440]  Address::encode_pair(Instruction_aarch64*) const+0x11c
V  [libjvm.dylib+0x1c0de0]  Assembler::ldp(Register, Register, Address)+0x104
V  [libjvm.dylib+0x1c0c0c]  LIR_Assembler::osr_entry()+0x170
V  [libjvm.dylib+0x1bed8c]  LIR_Assembler::emit_lir_list(LIR_List*)+0x9c
V  [libjvm.dylib+0x1bee34]  LIR_Assembler::emit_code(BlockList*)+0x74
V  [libjvm.dylib+0x191e88]  Compilation::emit_code_body()+0xdc
V  [libjvm.dylib+0x1925c0]  Compilation::compile_java_method()+0x360
V  [libjvm.dylib+0x192874]  Compilation::compile_method()+0x19c
V  [libjvm.dylib+0x192c18]  Compilation::Compilation(AbstractCompiler*, ciEnv*, ciMethod*, int, BufferBlob*, bool, DirectiveSet*)+0x1ac
V  [libjvm.dylib+0x194504]  Compiler::compile_method(ciEnv*, ciMethod*, int, bool, DirectiveSet*)+0x5c
V  [libjvm.dylib+0x2dd414]  CompileBroker::invoke_compiler_on_method(CompileTask*)+0x4a0
V  [libjvm.dylib+0x2dceb8]  CompileBroker::compiler_thread_loop()+0x55c
V  [libjvm.dylib+0x4eac90]  JavaThread::thread_main_inner()+0x98
V  [libjvm.dylib+0x9aaca8]  Thread::call_run()+0xc8
V  [libjvm.dylib+0x855ac4]  thread_native_entry(Thread*)+0x158
C  [libsystem_pthread.dylib+0x6c58]  _pthread_start+0x88

---------------  P R O C E S S  ---------------

Threads class SMR info:
_java_thread_list=0x0000600005dab700, length=184, elements={
0x000000011c80a200, 0x000000010b008800, 0x000000010b00b200, 0x000000010b00ba00,
0x000000010b00c200, 0x000000010b00ca00, 0x000000010b00d200, 0x000000010b00da00,
0x000000010b009a00, 0x000000011c842200, 0x000000011cd3d000, 0x000000010b667600,
0x000000011e008200, 0x000000010b665e00, 0x000000011cd45e00, 0x000000011debce00,
0x000000011debf200, 0x000000011dec0a00, 0x000000011f0cfe00, 0x000000011f865200,
0x000000011e942400, 0x000000014316ec00, 0x000000011eb09800, 0x000000011ec94000,
0x000000010ca62a00, 0x000000014335ba00, 0x00000001432b9800, 0x000000011f526200,
0x0000000144062000, 0x000000014405ac00, 0x0000000143e38600, 0x000000010ba18800,
0x000000010cbb1c00, 0x000000011e0f8a00, 0x000000010ceac800, 0x000000010ba00800,
0x000000010ba3ee00, 0x000000011cf79000, 0x000000010f1a2600, 0x000000010f1a2e00,
0x0000000143a8fc00, 0x0000000144b1ca00, 0x0000000143e0dc00, 0x0000000146223000,
0x0000000144a45600, 0x000000011ed30600, 0x0000000144b1e600, 0x0000000143e87600,
0x00000001684e6800, 0x0000000169913800, 0x0000000145351a00, 0x000000014330ec00,
0x000000010ca3d800, 0x000000014548d000, 0x000000014322b400, 0x000000010ba4b000,
0x000000011e18ba00, 0x000000014635f400, 0x000000010f154800, 0x000000010beb5c00,
0x000000010f2dd800, 0x00000001685c7200, 0x00000001460af400, 0x000000031f9e7800,
0x000000031f9e8000, 0x000000031f9e8800, 0x000000031f9e9000, 0x000000031f9e9800,
0x0000000144999200, 0x0000000144999a00, 0x000000014499a200, 0x000000014499aa00,
0x000000031f9ea000, 0x000000031f9ea800, 0x000000031f9ed600, 0x000000011e090e00,
0x000000031f9f0200, 0x000000031f9f0a00, 0x000000031f9f1200, 0x000000031f9f1a00,
0x000000031f9f2200, 0x000000031f9f2a00, 0x00000001685c0800, 0x000000010f259400,
0x000000010f259c00, 0x000000010f254800, 0x000000031fa0b200, 0x000000010f255000,
0x00000001685ca600, 0x000000031fa0ba00, 0x0000000144bc6a00, 0x000000031f9eb000,
0x000000031fa0c200, 0x000000031fa0ca00, 0x000000010f255800, 0x000000031fa0d200,
0x000000031f9eb800, 0x000000031f9ec000, 0x0000000168547800, 0x0000000146729800,
0x0000000168548000, 0x000000014672a000, 0x000000010f256800, 0x000000010f257000,
0x000000010f257800, 0x0000000146727000, 0x000000031f9ec800, 0x0000000146727800,
0x0000000146728000, 0x0000000146728800, 0x000000010f699200, 0x000000010f699a00,
0x000000031fa10000, 0x000000011e08dc00, 0x000000011e08e400, 0x000000010f67f600,
0x000000010f596200, 0x000000031fab4600, 0x000000031fb48a00, 0x000000031fabce00,
0x000000031facdc00, 0x000000031face400, 0x000000031facec00, 0x000000031facf400,
0x000000011e73b600, 0x000000011e73c400, 0x000000011e074400, 0x0000000144bcac00,
0x0000000144bcb400, 0x000000010f299200, 0x000000010f61fe00, 0x00000001683caa00,
0x00000001683c8000, 0x000000016854e400, 0x0000000145475200, 0x000000011e10ca00,
0x0000000144ece200, 0x000000016a86cc00, 0x0000000144ecea00, 0x000000011e474000,
0x000000011e474e00, 0x000000011e303600, 0x0000000146560a00, 0x000000011f3f9000,
0x0000000169cecc00, 0x0000000169ceda00, 0x0000000169cee200, 0x0000000169cfae00,
0x000000016a872200, 0x000000010bdede00, 0x000000016a872a00, 0x000000011f3f9800,
0x000000011f537c00, 0x00000001683c3c00, 0x0000000169cfb600, 0x0000000169cfbe00,
0x0000000146162800, 0x0000000168532200, 0x000000016851de00, 0x000000016851e600,
0x000000016851ee00, 0x00000001685e8200, 0x000000010bf54800, 0x000000010bf55000,
0x000000010f70fa00, 0x000000010f716400, 0x00000001685eb800, 0x000000011e03cc00,
0x000000010f717400, 0x0000000168161600, 0x000000016a874200, 0x000000011e03aa00,
0x000000011f5bb600, 0x0000000143531600, 0x000000011ef60600, 0x000000014343fe00,
0x000000016ab41000, 0x0000000169ce6000, 0x000000016a84c800, 0x000000010ca7b800,
0x00000001452adc00, 0x000000010cdd0200, 0x000000010bdf9200, 0x0000000144b38000
}

Java Threads: ( => current thread )
  0x000000011c80a200 JavaThread "main"                              [_thread_blocked, id=6403, stack(0x000000016f748000,0x000000016f94b000) (2060K)]
  0x000000010b008800 JavaThread "Reference Handler"          daemon [_thread_blocked, id=23043, stack(0x00000001708c0000,0x0000000170ac3000) (2060K)]
  0x000000010b00b200 JavaThread "Finalizer"                  daemon [_thread_blocked, id=31747, stack(0x0000000170acc000,0x0000000170ccf000) (2060K)]
  0x000000010b00ba00 JavaThread "Signal Dispatcher"          daemon [_thread_blocked, id=23555, stack(0x0000000170cd8000,0x0000000170edb000) (2060K)]
  0x000000010b00c200 JavaThread "Service Thread"             daemon [_thread_blocked, id=24067, stack(0x0000000170ee4000,0x00000001710e7000) (2060K)]
  0x000000010b00ca00 JavaThread "Monitor Deflation Thread"   daemon [_thread_blocked, id=31491, stack(0x00000001710f0000,0x00000001712f3000) (2060K)]
  0x000000010b00d200 JavaThread "C2 CompilerThread0"         daemon [_thread_in_native, id=24835, stack(0x00000001712fc000,0x00000001714ff000) (2060K)]
=>0x000000010b00da00 JavaThread "C1 CompilerThread0"         daemon [_thread_in_native, id=25347, stack(0x0000000171508000,0x000000017170b000) (2060K)]
  0x000000010b009a00 JavaThread "Common-Cleaner"             daemon [_thread_blocked, id=25859, stack(0x0000000171714000,0x0000000171917000) (2060K)]
  0x000000011c842200 JavaThread "Notification Thread"        daemon [_thread_blocked, id=30979, stack(0x0000000171920000,0x0000000171b23000) (2060K)]
  0x000000011cd3d000 JavaThread "Daemon health stats"               [_thread_blocked, id=29955, stack(0x0000000172568000,0x000000017276b000) (2060K)]
  0x000000010b667600 JavaThread "Incoming local TCP Connector on port 61382"        [_thread_in_native, id=29699, stack(0x0000000172774000,0x0000000172977000) (2060K)]
  0x000000011e008200 JavaThread "Daemon periodic checks"            [_thread_blocked, id=28675, stack(0x0000000172980000,0x0000000172b83000) (2060K)]
  0x000000010b665e00 JavaThread "Daemon"                            [_thread_blocked, id=28931, stack(0x0000000172b8c000,0x0000000172d8f000) (2060K)]
  0x000000011cd45e00 JavaThread "Daemon worker"                     [_thread_blocked, id=33283, stack(0x00000001731b0000,0x00000001733b3000) (2060K)]
  0x000000011debce00 JavaThread "Cache worker for journal cache (/Users/j/.gradle/caches/journal-1)"        [_thread_blocked, id=34307, stack(0x0000000173df8000,0x0000000173ffb000) (2060K)]
  0x000000011debf200 JavaThread "File lock request listener"        [_thread_in_native, id=34563, stack(0x0000000174004000,0x0000000174207000) (2060K)]
  0x000000011dec0a00 JavaThread "Cache worker for file hash cache (/Users/j/.gradle/caches/8.14.5/fileHashes)"        [_thread_blocked, id=35075, stack(0x0000000174210000,0x0000000174413000) (2060K)]
  0x000000011f0cfe00 JavaThread "Cache worker for file content cache (/Users/j/.gradle/caches/8.14.5/fileContent)"        [_thread_blocked, id=36355, stack(0x0000000174c4c000,0x0000000174e4f000) (2060K)]
  0x000000011f865200 JavaThread "File watcher server"        daemon [_thread_in_native, id=38915, stack(0x0000000174e58000,0x000000017505b000) (2060K)]
  0x000000011e942400 JavaThread "File watcher consumer"      daemon [_thread_blocked, id=38659, stack(0x0000000175064000,0x0000000175267000) (2060K)]
  0x000000014316ec00 JavaThread "Memory manager"                    [_thread_blocked, id=38427, stack(0x0000000175270000,0x0000000175473000) (2060K)]
  0x000000011eb09800 JavaThread "File lock release action executor"        [_thread_blocked, id=52995, stack(0x00000003026e8000,0x00000003028eb000) (2060K)]
  0x000000011ec94000 JavaThread "RMI Scheduler(0)"           daemon [_thread_blocked, id=87555, stack(0x0000000308510000,0x0000000308713000) (2060K)]
  0x000000010ca62a00 JavaThread "RMI GC Daemon"              daemon [_thread_blocked, id=130819, stack(0x0000000308928000,0x0000000308b2b000) (2060K)]
  0x000000014335ba00 JavaThread "RMI TCP Accept-0"           daemon [_thread_in_native, id=88835, stack(0x0000000308b34000,0x0000000308d37000) (2060K)]
  0x00000001432b9800 JavaThread "RMI Reaper"                        [_thread_blocked, id=130563, stack(0x0000000308d40000,0x0000000308f43000) (2060K)]
  0x000000011f526200 JavaThread "included builds"                   [_thread_blocked, id=52231, stack(0x0000000303f78000,0x000000030417b000) (2060K)]
  0x0000000144062000 JavaThread "process reaper"             daemon [_thread_blocked, id=93443, stack(0x0000000170834000,0x000000017086b000) (220K)]
  0x000000014405ac00 JavaThread "Exec process Thread 3"             [_thread_blocked, id=94211, stack(0x000000030f2d0000,0x000000030f4d3000) (2060K)]
  0x0000000143e38600 JavaThread "RMI TCP Accept-0"           daemon [_thread_in_native, id=102403, stack(0x00000003166e8000,0x00000003168eb000) (2060K)]
  0x000000010ba18800 JavaThread "process reaper"             daemon [_thread_blocked, id=103939, stack(0x0000000170874000,0x00000001708ab000) (220K)]
  0x000000010cbb1c00 JavaThread "process reaper"             daemon [_thread_blocked, id=105475, stack(0x0000000177f78000,0x0000000177faf000) (220K)]
  0x000000011e0f8a00 JavaThread "process reaper (pid 10497)" daemon [_thread_in_native, id=116995, stack(0x0000000177fb8000,0x0000000177fef000) (220K)]
  0x000000010ceac800 JavaThread "RMI TCP Connection(idle)"   daemon [_thread_blocked, id=107267, stack(0x00000003187a8000,0x00000003189ab000) (2060K)]
  0x000000010ba00800 JavaThread "RMI TCP Connection(26)-127.0.0.1" daemon [_thread_in_native, id=108035, stack(0x0000000318bc0000,0x0000000318dc3000) (2060K)]
  0x000000010ba3ee00 JavaThread "RMI TCP Connection(idle)"   daemon [_thread_blocked, id=107019, stack(0x000000031859c000,0x000000031879f000) (2060K)]
  0x000000011cf79000 JavaThread "process reaper"             daemon [_thread_blocked, id=113163, stack(0x0000000308f8c000,0x0000000308fc3000) (220K)]
  0x000000010f1a2600 JavaThread "Exec process Thread 6"             [_thread_blocked, id=112643, stack(0x000000031a038000,0x000000031a23b000) (2060K)]
  0x000000010f1a2e00 JavaThread "Exec process Thread 7"             [_thread_blocked, id=112387, stack(0x000000031a244000,0x000000031a447000) (2060K)]
  0x0000000143a8fc00 JavaThread "Cache worker for Java compile cache (/Users/j/.gradle/caches/8.14.5/javaCompile)"        [_thread_blocked, id=131599, stack(0x000000031a868000,0x000000031aa6b000) (2060K)]
  0x0000000144b1ca00 JavaThread "ForkJoinPool.commonPool-worker-2" daemon [_thread_blocked, id=131083, stack(0x000000031e498000,0x000000031e69b000) (2060K)]
  0x0000000143e0dc00 JavaThread "ForkJoinPool.commonPool-worker-3" daemon [_thread_blocked, id=134159, stack(0x0000000320804000,0x0000000320a07000) (2060K)]
  0x0000000146223000 JavaThread "ForkJoinPool.commonPool-worker-4" daemon [_thread_blocked, id=171283, stack(0x0000000320a10000,0x0000000320c13000) (2060K)]
  0x0000000144a45600 JavaThread "ForkJoinPool.commonPool-worker-5" daemon [_thread_blocked, id=133651, stack(0x0000000320c1c000,0x0000000320e1f000) (2060K)]
  0x000000011ed30600 JavaThread "ForkJoinPool.commonPool-worker-6" daemon [_thread_blocked, id=133903, stack(0x000000032739c000,0x000000032759f000) (2060K)]
  0x0000000144b1e600 JavaThread "ForkJoinPool.commonPool-worker-7" daemon [_thread_blocked, id=115471, stack(0x00000003275a8000,0x00000003277ab000) (2060K)]
  0x0000000143e87600 JavaThread "VFS cleanup Thread 2"              [_thread_blocked, id=42003, stack(0x00000001733bc000,0x00000001735bf000) (2060K)]
  0x00000001684e6800 JavaThread "included builds"                   [_thread_blocked, id=46355, stack(0x0000000301aa0000,0x0000000301ca3000) (2060K)]
  0x0000000169913800 JavaThread "Handler for socket connection from /127.0.0.1:61382 to /127.0.0.1:61527"        [_thread_in_native, id=103435, stack(0x0000000172d98000,0x0000000172f9b000) (2060K)]
  0x0000000145351a00 JavaThread "Cancel handler"                    [_thread_blocked, id=118287, stack(0x0000000172fa4000,0x00000001731a7000) (2060K)]
  0x000000014330ec00 JavaThread "Asynchronous log dispatcher for DefaultDaemonConnection: socket connection from /127.0.0.1:61382 to /127.0.0.1:61527"        [_thread_blocked, id=101659, stack(0x00000001735c8000,0x00000001737cb000) (2060K)]
  0x000000010ca3d800 JavaThread "Stdin handler"                     [_thread_blocked, id=130323, stack(0x00000001737d4000,0x00000001739d7000) (2060K)]
  0x000000014548d000 JavaThread "Daemon client event forwarder"        [_thread_blocked, id=120335, stack(0x0000000174628000,0x000000017482b000) (2060K)]
  0x000000014322b400 JavaThread "Cache worker for file hash cache (/Users/j/AndroidStudioProjects/TemplateProject/.gradle/8.14.5/fileHashes)"        [_thread_blocked, id=170787, stack(0x0000000174834000,0x0000000174a37000) (2060K)]
  0x000000010ba4b000 JavaThread "Cache worker for checksums cache (/Users/j/AndroidStudioProjects/TemplateProject/.gradle/8.14.5/checksums)"        [_thread_blocked, id=76867, stack(0x0000000174a40000,0x0000000174c43000) (2060K)]
  0x000000011e18ba00 JavaThread "Cache worker for Build Output Cleanup Cache (/Users/j/AndroidStudioProjects/TemplateProject/.gradle/buildOutputCleanup)"        [_thread_blocked, id=55603, stack(0x000000017547c000,0x000000017567f000) (2060K)]
  0x000000014635f400 JavaThread "Cache worker for cache directory md-supplier (/Users/j/.gradle/caches/8.14.5/md-supplier)"        [_thread_blocked, id=93715, stack(0x0000000175688000,0x000000017588b000) (2060K)]
  0x000000010f154800 JavaThread "Cache worker for cache directory md-rule (/Users/j/.gradle/caches/8.14.5/md-rule)"        [_thread_blocked, id=110115, stack(0x0000000175894000,0x0000000175a97000) (2060K)]
  0x000000010beb5c00 JavaThread "Cache worker for Build Output Cleanup Cache (/Users/j/AndroidStudioProjects/TemplateProject/build-logic/.gradle/buildOutputCleanup)"        [_thread_blocked, id=109603, stack(0x0000000175aa0000,0x0000000175ca3000) (2060K)]
  0x000000010f2dd800 JavaThread "Configuration cache report writer"        [_thread_blocked, id=72487, stack(0x0000000175cac000,0x0000000175eaf000) (2060K)]
  0x00000001685c7200 JavaThread "Unconstrained build operations"        [_thread_blocked, id=84019, stack(0x0000000175eb8000,0x00000001760bb000) (2060K)]
  0x00000001460af400 JavaThread "Unconstrained build operations Thread 2"        [_thread_blocked, id=79155, stack(0x00000001760c4000,0x00000001762c7000) (2060K)]
  0x000000031f9e7800 JavaThread "Unconstrained build operations Thread 3"        [_thread_blocked, id=75303, stack(0x00000001762d0000,0x00000001764d3000) (2060K)]
  0x000000031f9e8000 JavaThread "Unconstrained build operations Thread 4"        [_thread_blocked, id=57115, stack(0x00000001764dc000,0x00000001766df000) (2060K)]
  0x000000031f9e8800 JavaThread "Unconstrained build operations Thread 5"        [_thread_blocked, id=90651, stack(0x00000001766e8000,0x00000001768eb000) (2060K)]
  0x000000031f9e9000 JavaThread "Unconstrained build operations Thread 6"        [_thread_blocked, id=54579, stack(0x00000001768f4000,0x0000000176af7000) (2060K)]
  0x000000031f9e9800 JavaThread "Unconstrained build operations Thread 7"        [_thread_blocked, id=58931, stack(0x0000000176b00000,0x0000000176d03000) (2060K)]
  0x0000000144999200 JavaThread "Unconstrained build operations Thread 8"        [_thread_blocked, id=69659, stack(0x0000000176d0c000,0x0000000176f0f000) (2060K)]
  0x0000000144999a00 JavaThread "Unconstrained build operations Thread 9"        [_thread_blocked, id=60979, stack(0x0000000176f18000,0x000000017711b000) (2060K)]
  0x000000014499a200 JavaThread "Unconstrained build operations Thread 10"        [_thread_blocked, id=66075, stack(0x0000000177124000,0x0000000177327000) (2060K)]
  0x000000014499aa00 JavaThread "Unconstrained build operations Thread 11"        [_thread_blocked, id=98315, stack(0x0000000177330000,0x0000000177533000) (2060K)]
  0x000000031f9ea000 JavaThread "Unconstrained build operations Thread 12"        [_thread_blocked, id=91171, stack(0x000000017753c000,0x000000017773f000) (2060K)]
  0x000000031f9ea800 JavaThread "Unconstrained build operations Thread 13"        [_thread_blocked, id=45619, stack(0x0000000177748000,0x000000017794b000) (2060K)]
  0x000000031f9ed600 JavaThread "Unconstrained build operations Thread 14"        [_thread_blocked, id=70695, stack(0x0000000177954000,0x0000000177b57000) (2060K)]
  0x000000011e090e00 JavaThread "build event listener"              [_thread_blocked, id=82227, stack(0x0000000177b60000,0x0000000177d63000) (2060K)]
  0x000000031f9f0200 JavaThread "Unconstrained build operations Thread 15"        [_thread_blocked, id=48423, stack(0x0000000177d6c000,0x0000000177f6f000) (2060K)]
  0x000000031f9f0a00 JavaThread "Unconstrained build operations Thread 16"        [_thread_blocked, id=64783, stack(0x0000000300004000,0x0000000300207000) (2060K)]
  0x000000031f9f1200 JavaThread "Unconstrained build operations Thread 17"        [_thread_blocked, id=92171, stack(0x0000000300210000,0x0000000300413000) (2060K)]
  0x000000031f9f1a00 JavaThread "Unconstrained build operations Thread 18"        [_thread_blocked, id=46887, stack(0x000000030041c000,0x000000030061f000) (2060K)]
  0x000000031f9f2200 JavaThread "Unconstrained build operations Thread 19"        [_thread_blocked, id=88103, stack(0x0000000300628000,0x000000030082b000) (2060K)]
  0x000000031f9f2a00 JavaThread "Unconstrained build operations Thread 20"        [_thread_blocked, id=71439, stack(0x0000000300834000,0x0000000300a37000) (2060K)]
  0x00000001685c0800 JavaThread "Unconstrained build operations Thread 21"        [_thread_blocked, id=68403, stack(0x0000000300a40000,0x0000000300c43000) (2060K)]
  0x000000010f259400 JavaThread "Unconstrained build operations Thread 22"        [_thread_blocked, id=59175, stack(0x0000000300c4c000,0x0000000300e4f000) (2060K)]
  0x000000010f259c00 JavaThread "Unconstrained build operations Thread 23"        [_thread_blocked, id=68147, stack(0x0000000300e58000,0x000000030105b000) (2060K)]
  0x000000010f254800 JavaThread "Unconstrained build operations Thread 24"        [_thread_blocked, id=50483, stack(0x0000000301064000,0x0000000301267000) (2060K)]
  0x000000031fa0b200 JavaThread "Unconstrained build operations Thread 25"        [_thread_blocked, id=56603, stack(0x0000000301270000,0x0000000301473000) (2060K)]
  0x000000010f255000 JavaThread "Unconstrained build operations Thread 26"        [_thread_blocked, id=65575, stack(0x000000030147c000,0x000000030167f000) (2060K)]
  0x00000001685ca600 JavaThread "Unconstrained build operations Thread 27"        [_thread_blocked, id=130075, stack(0x0000000301688000,0x000000030188b000) (2060K)]
  0x000000031fa0ba00 JavaThread "Unconstrained build operations Thread 28"        [_thread_blocked, id=48691, stack(0x0000000301894000,0x0000000301a97000) (2060K)]
  0x0000000144bc6a00 JavaThread "included builds"                   [_thread_blocked, id=37939, stack(0x0000000301cac000,0x0000000301eaf000) (2060K)]
  0x000000031f9eb000 JavaThread "Execution worker"                  [_thread_blocked, id=37659, stack(0x0000000301eb8000,0x00000003020bb000) (2060K)]
  0x000000031fa0c200 JavaThread "Execution worker Thread 2"         [_thread_blocked, id=129819, stack(0x00000003020c4000,0x00000003022c7000) (2060K)]
  0x000000031fa0ca00 JavaThread "Execution worker Thread 3"         [_thread_blocked, id=49203, stack(0x00000003022d0000,0x00000003024d3000) (2060K)]
  0x000000010f255800 JavaThread "Execution worker Thread 4"         [_thread_blocked, id=44047, stack(0x00000003024dc000,0x00000003026df000) (2060K)]
  0x000000031fa0d200 JavaThread "Execution worker Thread 5"         [_thread_blocked, id=61711, stack(0x00000003028f4000,0x0000000302af7000) (2060K)]
  0x000000031f9eb800 JavaThread "Execution worker Thread 6"         [_thread_blocked, id=45083, stack(0x0000000302b00000,0x0000000302d03000) (2060K)]
  0x000000031f9ec000 JavaThread "Execution worker Thread 7"         [_thread_blocked, id=77583, stack(0x0000000302d0c000,0x0000000302f0f000) (2060K)]
  0x0000000168547800 JavaThread "Cache worker for execution history cache (/Users/j/AndroidStudioProjects/TemplateProject/build-logic/.gradle/8.14.5/executionHistory)"        [_thread_blocked, id=74279, stack(0x0000000302f18000,0x000000030311b000) (2060K)]
  0x0000000146729800 JavaThread "Unconstrained build operations Thread 29"        [_thread_blocked, id=63783, stack(0x0000000303124000,0x0000000303327000) (2060K)]
  0x0000000168548000 JavaThread "Unconstrained build operations Thread 30"        [_thread_blocked, id=44583, stack(0x0000000303330000,0x0000000303533000) (2060K)]
  0x000000014672a000 JavaThread "Unconstrained build operations Thread 31"        [_thread_blocked, id=56347, stack(0x000000030353c000,0x000000030373f000) (2060K)]
  0x000000010f256800 JavaThread "Unconstrained build operations Thread 32"        [_thread_blocked, id=62991, stack(0x0000000303748000,0x000000030394b000) (2060K)]
  0x000000010f257000 JavaThread "Unconstrained build operations Thread 33"        [_thread_blocked, id=70451, stack(0x0000000303954000,0x0000000303b57000) (2060K)]
  0x000000010f257800 JavaThread "Unconstrained build operations Thread 34"        [_thread_blocked, id=61491, stack(0x0000000303b60000,0x0000000303d63000) (2060K)]
  0x0000000146727000 JavaThread "Unconstrained build operations Thread 35"        [_thread_blocked, id=78631, stack(0x0000000303d6c000,0x0000000303f6f000) (2060K)]
  0x000000031f9ec800 JavaThread "Unconstrained build operations Thread 36"        [_thread_blocked, id=46643, stack(0x0000000304184000,0x0000000304387000) (2060K)]
  0x0000000146727800 JavaThread "Unconstrained build operations Thread 37"        [_thread_blocked, id=80911, stack(0x0000000304390000,0x0000000304593000) (2060K)]
  0x0000000146728000 JavaThread "Unconstrained build operations Thread 38"        [_thread_blocked, id=47375, stack(0x000000030459c000,0x000000030479f000) (2060K)]
  0x0000000146728800 JavaThread "Unconstrained build operations Thread 39"        [_thread_blocked, id=83251, stack(0x00000003047a8000,0x00000003049ab000) (2060K)]
  0x000000010f699200 JavaThread "Unconstrained build operations Thread 40"        [_thread_blocked, id=78875, stack(0x00000003049b4000,0x0000000304bb7000) (2060K)]
  0x000000010f699a00 JavaThread "Unconstrained build operations Thread 41"        [_thread_blocked, id=56079, stack(0x0000000304bc0000,0x0000000304dc3000) (2060K)]
  0x000000031fa10000 JavaThread "Unconstrained build operations Thread 42"        [_thread_blocked, id=48911, stack(0x0000000304dcc000,0x0000000304fcf000) (2060K)]
  0x000000011e08dc00 JavaThread "Unconstrained build operations Thread 43"        [_thread_blocked, id=50739, stack(0x0000000304fd8000,0x00000003051db000) (2060K)]
  0x000000011e08e400 JavaThread "Unconstrained build operations Thread 44"        [_thread_blocked, id=82971, stack(0x00000003051e4000,0x00000003053e7000) (2060K)]
  0x000000010f67f600 JavaThread "WorkerExecutor Queue"              [_thread_blocked, id=64039, stack(0x00000003053f0000,0x00000003055f3000) (2060K)]
  0x000000010f596200 JavaThread "RMI TCP Accept-0"           daemon [_thread_in_native, id=70939, stack(0x0000000305808000,0x0000000305a0b000) (2060K)]
  0x000000031fab4600 JavaThread "Unconstrained build operations Thread 45"        [_thread_blocked, id=66599, stack(0x0000000305a14000,0x0000000305c17000) (2060K)]
  0x000000031fb48a00 JavaThread "Unconstrained build operations Thread 46"        [_thread_blocked, id=66319, stack(0x0000000305c20000,0x0000000305e23000) (2060K)]
  0x000000031fabce00 JavaThread "Unconstrained build operations Thread 47"        [_thread_blocked, id=75815, stack(0x0000000305e2c000,0x000000030602f000) (2060K)]
  0x000000031facdc00 JavaThread "Unconstrained build operations Thread 48"        [_thread_blocked, id=128523, stack(0x0000000306038000,0x000000030623b000) (2060K)]
  0x000000031face400 JavaThread "Unconstrained build operations Thread 49"        [_thread_blocked, id=91419, stack(0x0000000306244000,0x0000000306447000) (2060K)]
  0x000000031facec00 JavaThread "Unconstrained build operations Thread 50"        [_thread_blocked, id=129555, stack(0x0000000306450000,0x0000000306653000) (2060K)]
  0x000000031facf400 JavaThread "Unconstrained build operations Thread 51"        [_thread_blocked, id=52531, stack(0x000000030665c000,0x000000030685f000) (2060K)]
  0x000000011e73b600 JavaThread "Unconstrained build operations Thread 52"        [_thread_blocked, id=47155, stack(0x0000000306868000,0x0000000306a6b000) (2060K)]
  0x000000011e73c400 JavaThread "Unconstrained build operations Thread 53"        [_thread_blocked, id=94739, stack(0x0000000306a74000,0x0000000306c77000) (2060K)]
  0x000000011e074400 JavaThread "Unconstrained build operations Thread 54"        [_thread_blocked, id=43035, stack(0x0000000306c80000,0x0000000306e83000) (2060K)]
  0x0000000144bcac00 JavaThread "Unconstrained build operations Thread 55"        [_thread_blocked, id=32819, stack(0x0000000306e8c000,0x000000030708f000) (2060K)]
  0x0000000144bcb400 JavaThread "Unconstrained build operations Thread 56"        [_thread_blocked, id=129035, stack(0x0000000307098000,0x000000030729b000) (2060K)]
  0x000000010f299200 JavaThread "Unconstrained build operations Thread 57"        [_thread_blocked, id=89875, stack(0x00000003072a4000,0x00000003074a7000) (2060K)]
  0x000000010f61fe00 JavaThread "Unconstrained build operations Thread 58"        [_thread_blocked, id=65331, stack(0x00000003074b0000,0x00000003076b3000) (2060K)]
  0x00000001683caa00 JavaThread "build event listener"              [_thread_blocked, id=49447, stack(0x00000003076bc000,0x00000003078bf000) (2060K)]
  0x00000001683c8000 JavaThread "build event listener"              [_thread_blocked, id=53787, stack(0x00000003078c8000,0x0000000307acb000) (2060K)]
  0x000000016854e400 JavaThread "Kotlin DSL Writer"                 [_thread_blocked, id=82447, stack(0x0000000307ad4000,0x0000000307cd7000) (2060K)]
  0x0000000145475200 JavaThread "Build operations"                  [_thread_blocked, id=114955, stack(0x0000000308004000,0x0000000308207000) (2060K)]
  0x000000011e10ca00 JavaThread "Unconstrained build operations Thread 59"        [_thread_blocked, id=106503, stack(0x0000000308210000,0x0000000308413000) (2060K)]
  0x0000000144ece200 JavaThread "Unconstrained build operations Thread 60"        [_thread_blocked, id=93191, stack(0x000000030871c000,0x000000030891f000) (2060K)]
  0x000000016a86cc00 JavaThread "Unconstrained build operations Thread 61"        [_thread_blocked, id=90915, stack(0x000000030d004000,0x000000030d207000) (2060K)]
  0x0000000144ecea00 JavaThread "Unconstrained build operations Thread 62"        [_thread_blocked, id=74523, stack(0x000000030d210000,0x000000030d413000) (2060K)]
  0x000000011e474000 JavaThread "Unconstrained build operations Thread 63"        [_thread_blocked, id=91683, stack(0x000000030d41c000,0x000000030d61f000) (2060K)]
  0x000000011e474e00 JavaThread "Unconstrained build operations Thread 64"        [_thread_blocked, id=39731, stack(0x000000030d628000,0x000000030d82b000) (2060K)]
  0x000000011e303600 JavaThread "Unconstrained build operations Thread 65"        [_thread_blocked, id=83751, stack(0x000000030d834000,0x000000030da37000) (2060K)]
  0x0000000146560a00 JavaThread "Unconstrained build operations Thread 66"        [_thread_blocked, id=84787, stack(0x000000030da40000,0x000000030dc43000) (2060K)]
  0x000000011f3f9000 JavaThread "Unconstrained build operations Thread 67"        [_thread_blocked, id=96547, stack(0x000000030dc4c000,0x000000030de4f000) (2060K)]
  0x0000000169cecc00 JavaThread "Unconstrained build operations Thread 68"        [_thread_blocked, id=41487, stack(0x000000030de58000,0x000000030e05b000) (2060K)]
  0x0000000169ceda00 JavaThread "Unconstrained build operations Thread 69"        [_thread_blocked, id=37147, stack(0x000000030e064000,0x000000030e267000) (2060K)]
  0x0000000169cee200 JavaThread "Unconstrained build operations Thread 70"        [_thread_blocked, id=69915, stack(0x000000030e270000,0x000000030e473000) (2060K)]
  0x0000000169cfae00 JavaThread "Unconstrained build operations Thread 71"        [_thread_blocked, id=39963, stack(0x000000030e47c000,0x000000030e67f000) (2060K)]
  0x000000016a872200 JavaThread "Unconstrained build operations Thread 72"        [_thread_blocked, id=74803, stack(0x000000030e688000,0x000000030e88b000) (2060K)]
  0x000000010bdede00 JavaThread "Unconstrained build operations Thread 73"        [_thread_blocked, id=123427, stack(0x000000030e894000,0x000000030ea97000) (2060K)]
  0x000000016a872a00 JavaThread "Unconstrained build operations Thread 74"        [_thread_blocked, id=96267, stack(0x000000030eaa0000,0x000000030eca3000) (2060K)]
  0x000000011f3f9800 JavaThread "Unconstrained build operations Thread 75"        [_thread_blocked, id=124707, stack(0x000000030ecac000,0x000000030eeaf000) (2060K)]
  0x000000011f537c00 JavaThread "Unconstrained build operations Thread 76"        [_thread_blocked, id=124443, stack(0x000000030eeb8000,0x000000030f0bb000) (2060K)]
  0x00000001683c3c00 JavaThread "Unconstrained build operations Thread 77"        [_thread_blocked, id=99355, stack(0x000000030f0c4000,0x000000030f2c7000) (2060K)]
  0x0000000169cfb600 JavaThread "Unconstrained build operations Thread 78"        [_thread_blocked, id=99603, stack(0x000000030f4dc000,0x000000030f6df000) (2060K)]
  0x0000000169cfbe00 JavaThread "Unconstrained build operations Thread 79"        [_thread_blocked, id=97315, stack(0x000000030f6e8000,0x000000030f8eb000) (2060K)]
  0x0000000146162800 JavaThread "Unconstrained build operations Thread 80"        [_thread_blocked, id=168987, stack(0x000000030f8f4000,0x000000030faf7000) (2060K)]
  0x0000000168532200 JavaThread "Build operations Thread 2"         [_thread_blocked, id=122631, stack(0x000000030fd0c000,0x000000030ff0f000) (2060K)]
  0x000000016851de00 JavaThread "Build operations Thread 3"         [_thread_blocked, id=110607, stack(0x0000000314004000,0x0000000314207000) (2060K)]
  0x000000016851e600 JavaThread "Build operations Thread 4"         [_thread_blocked, id=98931, stack(0x0000000314210000,0x0000000314413000) (2060K)]
  0x000000016851ee00 JavaThread "Build operations Thread 5"         [_thread_blocked, id=123663, stack(0x000000031441c000,0x000000031461f000) (2060K)]
  0x00000001685e8200 JavaThread "Build operations Thread 6"         [_thread_blocked, id=59675, stack(0x0000000314834000,0x0000000314a37000) (2060K)]
  0x000000010bf54800 JavaThread "Build operations Thread 7"         [_thread_blocked, id=67875, stack(0x0000000314a40000,0x0000000314c43000) (2060K)]
  0x000000010bf55000 JavaThread "Build operations Thread 8"         [_thread_blocked, id=87051, stack(0x0000000314c4c000,0x0000000314e4f000) (2060K)]
  0x000000010f70fa00 JavaThread "Cache worker for execution history cache (/Users/j/AndroidStudioProjects/TemplateProject/.gradle/8.14.5/executionHistory)"        [_thread_blocked, id=99123, stack(0x000000030fb00000,0x000000030fd03000) (2060K)]
  0x000000010f716400 JavaThread "WorkerExecutor Queue Thread 2"        [_thread_in_vm, id=75539, stack(0x0000000314e58000,0x000000031505b000) (2060K)]
  0x00000001685eb800 JavaThread "WorkerExecutor Queue Thread 3"        [_thread_blocked, id=54803, stack(0x0000000315064000,0x0000000315267000) (2060K)]
  0x000000011e03cc00 JavaThread "WorkerExecutor Queue Thread 4"        [_thread_in_native, id=58643, stack(0x0000000315270000,0x0000000315473000) (2060K)]
  0x000000010f717400 JavaThread "WorkerExecutor Queue Thread 5"        [_thread_blocked, id=50187, stack(0x000000031547c000,0x000000031567f000) (2060K)]
  0x0000000168161600 JavaThread "WorkerExecutor Queue Thread 6"        [_thread_blocked, id=73763, stack(0x0000000315688000,0x000000031588b000) (2060K)]
  0x000000016a874200 JavaThread "WorkerExecutor Queue Thread 7"        [_thread_blocked, id=81435, stack(0x0000000315894000,0x0000000315a97000) (2060K)]
  0x000000011e03aa00 JavaThread "WorkerExecutor Queue Thread 8"        [_thread_in_Java, id=67339, stack(0x0000000315aa0000,0x0000000315ca3000) (2060K)]
  0x000000011f5bb600 JavaThread "AppKit Thread"              daemon [_thread_in_native, id=259, stack(0x000000016eec0000,0x000000016f6bc000) (8176K)]
  0x0000000143531600 JavaThread "DefaultDispatcher-worker-1" daemon [_thread_blocked, id=42323, stack(0x0000000316b00000,0x0000000316d03000) (2060K)]
  0x000000011ef60600 JavaThread "DefaultDispatcher-worker-2" daemon [_thread_blocked, id=80155, stack(0x0000000316d0c000,0x0000000316f0f000) (2060K)]
  0x000000014343fe00 JavaThread "DefaultDispatcher-worker-3" daemon [_thread_blocked, id=95555, stack(0x0000000316f18000,0x000000031711b000) (2060K)]
  0x000000016ab41000 JavaThread "DefaultDispatcher-worker-1" daemon [_thread_blocked, id=121871, stack(0x0000000317124000,0x0000000317327000) (2060K)]
  0x0000000169ce6000 JavaThread "DefaultDispatcher-worker-2" daemon [_thread_blocked, id=169755, stack(0x0000000317330000,0x0000000317533000) (2060K)]
  0x000000016a84c800 JavaThread "DefaultDispatcher-worker-4" daemon [_thread_blocked, id=169227, stack(0x000000031753c000,0x000000031773f000) (2060K)]
  0x000000010ca7b800 JavaThread "DefaultDispatcher-worker-5" daemon [_thread_blocked, id=135451, stack(0x0000000317748000,0x000000031794b000) (2060K)]
  0x00000001452adc00 JavaThread "DefaultDispatcher-worker-6" daemon [_thread_blocked, id=106259, stack(0x0000000317954000,0x0000000317b57000) (2060K)]
  0x000000010cdd0200 JavaThread "DefaultDispatcher-worker-3" daemon [_thread_blocked, id=116231, stack(0x0000000317b60000,0x0000000317d63000) (2060K)]
  0x000000010bdf9200 JavaThread "Periodic tasks thread"      daemon [_thread_blocked, id=42547, stack(0x0000000316148000,0x000000031634b000) (2060K)]
  0x0000000144b38000 JavaThread "ApplicationImpl pooled thread 1"        [_thread_blocked, id=77123, stack(0x00000003168f4000,0x0000000316af7000) (2060K)]
Total: 184

Other Threads:
  0x000000011c608ee0 VMThread "VM Thread"                           [id=20227, stack(0x000000017059c000,0x000000017079f000) (2060K)]
  0x000000011c608770 WatcherThread "VM Periodic Task Thread"        [id=17667, stack(0x0000000170390000,0x0000000170593000) (2060K)]
  0x000000011c606750 WorkerThread "GC Thread#0"                     [id=12291, stack(0x000000016f954000,0x000000016fb57000) (2060K)]
  0x000000010140bf80 WorkerThread "GC Thread#1"                     [id=30723, stack(0x0000000171b2c000,0x0000000171d2f000) (2060K)]
  0x000000011c614880 WorkerThread "GC Thread#2"                     [id=26627, stack(0x0000000171d38000,0x0000000171f3b000) (2060K)]
  0x000000010140c4f0 WorkerThread "GC Thread#3"                     [id=26883, stack(0x0000000171f44000,0x0000000172147000) (2060K)]
  0x000000010140ca60 WorkerThread "GC Thread#4"                     [id=27395, stack(0x0000000172150000,0x0000000172353000) (2060K)]
  0x000000010140d3c0 WorkerThread "GC Thread#5"                     [id=27907, stack(0x000000017235c000,0x000000017255f000) (2060K)]
  0x000000010c66b870 WorkerThread "GC Thread#6"                     [id=33795, stack(0x00000001739e0000,0x0000000173be3000) (2060K)]
  0x00000001015050a0 WorkerThread "GC Thread#7"                     [id=34051, stack(0x0000000173bec000,0x0000000173def000) (2060K)]
  0x000000010c604640 ConcurrentGCThread "G1 Main Marker"            [id=14083, stack(0x000000016fb60000,0x000000016fd63000) (2060K)]
  0x000000010c604fb0 WorkerThread "G1 Conc#0"                       [id=13315, stack(0x000000016fd6c000,0x000000016ff6f000) (2060K)]
  0x000000011d09d4f0 WorkerThread "G1 Conc#1"                       [id=40195, stack(0x000000017441c000,0x000000017461f000) (2060K)]
  0x000000010c80a000 ConcurrentGCThread "G1 Refine#0"               [id=12803, stack(0x000000016ff78000,0x000000017017b000) (2060K)]
  0x0000000169b4f600 ConcurrentGCThread "G1 Refine#1"               [id=123923, stack(0x0000000314628000,0x000000031482b000) (2060K)]
  0x000000010f02e200 ConcurrentGCThread "G1 Refine#2"               [id=169483, stack(0x0000000319a14000,0x0000000319c17000) (2060K)]
  0x0000000145236800 ConcurrentGCThread "G1 Refine#3"               [id=101415, stack(0x000000031a450000,0x000000031a653000) (2060K)]
  0x000000010cc15800 ConcurrentGCThread "G1 Refine#4"               [id=108819, stack(0x000000031a65c000,0x000000031a85f000) (2060K)]
  0x000000010cac4400 ConcurrentGCThread "G1 Refine#5"               [id=172295, stack(0x000000031b098000,0x000000031b29b000) (2060K)]
  0x000000011c606cc0 ConcurrentGCThread "G1 Service"                [id=16643, stack(0x0000000170184000,0x0000000170387000) (2060K)]
Total: 20

Threads with active compile tasks:
C2 CompilerThread0   167518 102213       4       com.intellij.psi.stubs.MaterialStubList$1::visitStub (110 bytes)
C1 CompilerThread0   167518 102197 % !   3       org.jetbrains.uast.kotlin.FirKotlinUastResolveProviderService::getArgumentForParameter @ 2397 (2840 bytes)
Total: 2

VM state: not at safepoint (normal execution)

VM Mutex/Monitor currently owned by a thread: None

Heap address: 0x0000000780000000, size: 2048 MB, Compressed Oops mode: Zero based, Oop shift amount: 3

CDS archive(s) mapped at: [0x000000a800000000-0x000000a800ca4000-0x000000a800ca4000), size 13254656, SharedBaseAddress: 0x000000a800000000, ArchiveRelocationMode: 1.
Compressed class space mapped at: 0x000000a801000000-0x000000a841000000, reserved size: 1073741824
Narrow klass base: 0x000000a800000000, Narrow klass shift: 0, Narrow klass range: 0x100000000

GC Precious Log:
 CardTable entry size: 512
 Card Set container configuration: InlinePtr #cards 5 size 8 Array Of Cards #cards 12 size 40 Howl #buckets 4 coarsen threshold 1843 Howl Bitmap #cards 512 size 80 coarsen threshold 460 Card regions per heap region 1 cards per card region 2048
 CPUs: 8 total, 8 available
 Memory: 16384M
 Large Page Support: Disabled
 NUMA Support: Disabled
 Compressed Oops: Enabled (Zero based)
 Heap Region Size: 1M
 Heap Min Capacity: 8M
 Heap Initial Capacity: 256M
 Heap Max Capacity: 2G
 Pre-touch: Disabled
 Parallel Workers: 8
 Concurrent Workers: 2
 Concurrent Refinement Workers: 8
 Periodic GC: Disabled

Heap:
 garbage-first heap   total 1720320K, used 1068433K [0x0000000780000000, 0x0000000800000000)
  region size 1024K, 556 young (569344K), 39 survivors (39936K)
 Metaspace       used 472874K, committed 478144K, reserved 1507328K
  class space    used 59445K, committed 62144K, reserved 1048576K

Heap Regions: E=young(eden), S=young(survivor), O=old, HS=humongous(starts), HC=humongous(continues), CS=collection set, F=free, TAMS=top-at-mark-start, PB=parsable bottom
|   0|0x0000000780000000, 0x0000000780100000, 0x0000000780100000|100%|HS|  |TAMS 0x0000000780000000| PB 0x0000000780000000| Complete 
|   1|0x0000000780100000, 0x0000000780200000, 0x0000000780200000|100%|HC|  |TAMS 0x0000000780100000| PB 0x0000000780100000| Complete 
|   2|0x0000000780200000, 0x0000000780300000, 0x0000000780300000|100%|HC|  |TAMS 0x0000000780200000| PB 0x0000000780200000| Complete 
|   3|0x0000000780300000, 0x0000000780400000, 0x0000000780400000|100%| O|  |TAMS 0x0000000780300000| PB 0x0000000780300000| Untracked 
|   4|0x0000000780400000, 0x0000000780500000, 0x0000000780500000|100%| O|  |TAMS 0x0000000780400000| PB 0x0000000780400000| Untracked 
|   5|0x0000000780500000, 0x00000007805ff7f0, 0x0000000780600000| 99%| O|  |TAMS 0x0000000780500000| PB 0x0000000780500000| Untracked 
|   6|0x0000000780600000, 0x0000000780700000, 0x0000000780700000|100%|HS|  |TAMS 0x0000000780600000| PB 0x0000000780600000| Complete 
|   7|0x0000000780700000, 0x0000000780800000, 0x0000000780800000|100%|HS|  |TAMS 0x0000000780700000| PB 0x0000000780700000| Complete 
|   8|0x0000000780800000, 0x00000007808f01a8, 0x0000000780900000| 93%| O|  |TAMS 0x0000000780800000| PB 0x0000000780800000| Untracked 
|   9|0x0000000780900000, 0x00000007809ffff0, 0x0000000780a00000| 99%| O|  |TAMS 0x0000000780900000| PB 0x0000000780900000| Untracked 
|  10|0x0000000780a00000, 0x0000000780afee60, 0x0000000780b00000| 99%| O|  |TAMS 0x0000000780a00000| PB 0x0000000780a00000| Untracked 
|  11|0x0000000780b00000, 0x0000000780c00000, 0x0000000780c00000|100%| O|  |TAMS 0x0000000780b00000| PB 0x0000000780b00000| Untracked 
|  12|0x0000000780c00000, 0x0000000780cebf78, 0x0000000780d00000| 92%| O|  |TAMS 0x0000000780c00000| PB 0x0000000780c00000| Untracked 
|  13|0x0000000780d00000, 0x0000000780e00000, 0x0000000780e00000|100%|HS|  |TAMS 0x0000000780d00000| PB 0x0000000780d00000| Complete 
|  14|0x0000000780e00000, 0x0000000780efffb0, 0x0000000780f00000| 99%| O|  |TAMS 0x0000000780e00000| PB 0x0000000780e00000| Untracked 
|  15|0x0000000780f00000, 0x0000000781000000, 0x0000000781000000|100%| O|  |TAMS 0x0000000780f00000| PB 0x0000000780f00000| Untracked 
|  16|0x0000000781000000, 0x0000000781100000, 0x0000000781100000|100%| O|  |TAMS 0x0000000781000000| PB 0x0000000781000000| Untracked 
|  17|0x0000000781100000, 0x0000000781200000, 0x0000000781200000|100%| O|  |TAMS 0x0000000781100000| PB 0x0000000781100000| Untracked 
|  18|0x0000000781200000, 0x0000000781300000, 0x0000000781300000|100%| O|  |TAMS 0x0000000781200000| PB 0x0000000781200000| Untracked 
|  19|0x0000000781300000, 0x0000000781400000, 0x0000000781400000|100%| O|  |TAMS 0x0000000781300000| PB 0x0000000781300000| Untracked 
|  20|0x0000000781400000, 0x00000007814ffff8, 0x0000000781500000| 99%| O|  |TAMS 0x0000000781400000| PB 0x0000000781400000| Untracked 
|  21|0x0000000781500000, 0x0000000781600000, 0x0000000781600000|100%| O|  |TAMS 0x0000000781500000| PB 0x0000000781500000| Untracked 
|  22|0x0000000781600000, 0x00000007816f6bc8, 0x0000000781700000| 96%| O|  |TAMS 0x0000000781600000| PB 0x0000000781600000| Untracked 
|  23|0x0000000781700000, 0x0000000781800000, 0x0000000781800000|100%| O|  |TAMS 0x0000000781700000| PB 0x0000000781700000| Untracked 
|  24|0x0000000781800000, 0x00000007818fffe8, 0x0000000781900000| 99%| O|  |TAMS 0x0000000781800000| PB 0x0000000781800000| Untracked 
|  25|0x0000000781900000, 0x0000000781a00000, 0x0000000781a00000|100%|HS|  |TAMS 0x0000000781900000| PB 0x0000000781900000| Complete 
|  26|0x0000000781a00000, 0x0000000781afffb0, 0x0000000781b00000| 99%| O|  |TAMS 0x0000000781a00000| PB 0x0000000781a00000| Untracked 
|  27|0x0000000781b00000, 0x0000000781c00000, 0x0000000781c00000|100%|HS|  |TAMS 0x0000000781b00000| PB 0x0000000781b00000| Complete 
|  28|0x0000000781c00000, 0x0000000781d00000, 0x0000000781d00000|100%|HC|  |TAMS 0x0000000781c00000| PB 0x0000000781c00000| Complete 
|  29|0x0000000781d00000, 0x0000000781e00000, 0x0000000781e00000|100%|HS|  |TAMS 0x0000000781d00000| PB 0x0000000781d00000| Complete 
|  30|0x0000000781e00000, 0x0000000781f00000, 0x0000000781f00000|100%|HC|  |TAMS 0x0000000781e00000| PB 0x0000000781e00000| Complete 
|  31|0x0000000781f00000, 0x0000000782000000, 0x0000000782000000|100%|HS|  |TAMS 0x0000000781f00000| PB 0x0000000781f00000| Complete 
|  32|0x0000000782000000, 0x0000000782100000, 0x0000000782100000|100%|HS|  |TAMS 0x0000000782000000| PB 0x0000000782000000| Complete 
|  33|0x0000000782100000, 0x00000007821b7990, 0x0000000782200000| 71%| O|  |TAMS 0x0000000782100000| PB 0x0000000782100000| Untracked 
|  34|0x0000000782200000, 0x00000007822ffff0, 0x0000000782300000| 99%| O|  |TAMS 0x0000000782200000| PB 0x0000000782200000| Untracked 
|  35|0x0000000782300000, 0x00000007823fffc8, 0x0000000782400000| 99%| O|  |TAMS 0x0000000782300000| PB 0x0000000782300000| Untracked 
|  36|0x0000000782400000, 0x00000007824f1f08, 0x0000000782500000| 94%| O|  |TAMS 0x0000000782400000| PB 0x0000000782400000| Untracked 
|  37|0x0000000782500000, 0x0000000782600000, 0x0000000782600000|100%| O|  |TAMS 0x0000000782500000| PB 0x0000000782500000| Untracked 
|  38|0x0000000782600000, 0x0000000782700000, 0x0000000782700000|100%| O|  |TAMS 0x0000000782600000| PB 0x0000000782600000| Untracked 
|  39|0x0000000782700000, 0x00000007827fff98, 0x0000000782800000| 99%| O|  |TAMS 0x0000000782700000| PB 0x0000000782700000| Untracked 
|  40|0x0000000782800000, 0x00000007828fffe0, 0x0000000782900000| 99%| O|  |TAMS 0x0000000782800000| PB 0x0000000782800000| Untracked 
|  41|0x0000000782900000, 0x00000007829f2680, 0x0000000782a00000| 94%| O|  |TAMS 0x0000000782900000| PB 0x0000000782900000| Untracked 
|  42|0x0000000782a00000, 0x0000000782b00000, 0x0000000782b00000|100%| O|  |TAMS 0x0000000782a00000| PB 0x0000000782a00000| Untracked 
|  43|0x0000000782b00000, 0x0000000782bffff0, 0x0000000782c00000| 99%| O|  |TAMS 0x0000000782b00000| PB 0x0000000782b00000| Untracked 
|  44|0x0000000782c00000, 0x0000000782cfa018, 0x0000000782d00000| 97%| O|  |TAMS 0x0000000782c00000| PB 0x0000000782c00000| Untracked 
|  45|0x0000000782d00000, 0x0000000782dfffe8, 0x0000000782e00000| 99%| O|  |TAMS 0x0000000782d00000| PB 0x0000000782d00000| Untracked 
|  46|0x0000000782e00000, 0x0000000782f00000, 0x0000000782f00000|100%| O|  |TAMS 0x0000000782e00000| PB 0x0000000782e00000| Untracked 
|  47|0x0000000782f00000, 0x0000000782ffffe8, 0x0000000783000000| 99%| O|  |TAMS 0x0000000782f00000| PB 0x0000000782f00000| Untracked 
|  48|0x0000000783000000, 0x00000007830ffff8, 0x0000000783100000| 99%| O|  |TAMS 0x0000000783000000| PB 0x0000000783000000| Untracked 
|  49|0x0000000783100000, 0x0000000783200000, 0x0000000783200000|100%| O|  |TAMS 0x0000000783100000| PB 0x0000000783100000| Untracked 
|  50|0x0000000783200000, 0x00000007832fb028, 0x0000000783300000| 98%| O|  |TAMS 0x0000000783200000| PB 0x0000000783200000| Untracked 
|  51|0x0000000783300000, 0x00000007833ffff0, 0x0000000783400000| 99%| O|  |TAMS 0x0000000783300000| PB 0x0000000783300000| Untracked 
|  52|0x0000000783400000, 0x0000000783500000, 0x0000000783500000|100%|HS|  |TAMS 0x0000000783400000| PB 0x0000000783400000| Complete 
|  53|0x0000000783500000, 0x00000007835fff90, 0x0000000783600000| 99%| O|  |TAMS 0x0000000783500000| PB 0x0000000783500000| Untracked 
|  54|0x0000000783600000, 0x00000007836f7ed0, 0x0000000783700000| 96%| O|  |TAMS 0x0000000783600000| PB 0x0000000783600000| Untracked 
|  55|0x0000000783700000, 0x0000000783800000, 0x0000000783800000|100%| O|  |TAMS 0x0000000783700000| PB 0x0000000783700000| Untracked 
|  56|0x0000000783800000, 0x00000007838ffff8, 0x0000000783900000| 99%| O|  |TAMS 0x0000000783800000| PB 0x0000000783800000| Untracked 
|  57|0x0000000783900000, 0x0000000783a00000, 0x0000000783a00000|100%| O|  |TAMS 0x0000000783900000| PB 0x0000000783900000| Untracked 
|  58|0x0000000783a00000, 0x0000000783b00000, 0x0000000783b00000|100%| O|  |TAMS 0x0000000783a00000| PB 0x0000000783a00000| Untracked 
|  59|0x0000000783b00000, 0x0000000783c00000, 0x0000000783c00000|100%| O|  |TAMS 0x0000000783b00000| PB 0x0000000783b00000| Untracked 
|  60|0x0000000783c00000, 0x0000000783d00000, 0x0000000783d00000|100%|HS|  |TAMS 0x0000000783c00000| PB 0x0000000783c00000| Complete 
|  61|0x0000000783d00000, 0x0000000783dffff8, 0x0000000783e00000| 99%| O|  |TAMS 0x0000000783d00000| PB 0x0000000783d00000| Untracked 
|  62|0x0000000783e00000, 0x0000000783effff8, 0x0000000783f00000| 99%| O|  |TAMS 0x0000000783e00000| PB 0x0000000783e00000| Untracked 
|  63|0x0000000783f00000, 0x0000000783fffff8, 0x0000000784000000| 99%| O|  |TAMS 0x0000000783f00000| PB 0x0000000783f00000| Untracked 
|  64|0x0000000784000000, 0x00000007840fb810, 0x0000000784100000| 98%| O|  |TAMS 0x0000000784000000| PB 0x0000000784000000| Untracked 
|  65|0x0000000784100000, 0x00000007841fffd0, 0x0000000784200000| 99%| O|  |TAMS 0x0000000784100000| PB 0x0000000784100000| Untracked 
|  66|0x0000000784200000, 0x00000007842fffe0, 0x0000000784300000| 99%| O|  |TAMS 0x0000000784200000| PB 0x0000000784200000| Untracked 
|  67|0x0000000784300000, 0x00000007843fffc0, 0x0000000784400000| 99%| O|  |TAMS 0x0000000784300000| PB 0x0000000784300000| Untracked 
|  68|0x0000000784400000, 0x00000007844ff9e0, 0x0000000784500000| 99%| O|  |TAMS 0x0000000784400000| PB 0x0000000784400000| Untracked 
|  69|0x0000000784500000, 0x0000000784600000, 0x0000000784600000|100%| O|  |TAMS 0x0000000784500000| PB 0x0000000784500000| Untracked 
|  70|0x0000000784600000, 0x0000000784700000, 0x0000000784700000|100%| O|  |TAMS 0x0000000784600000| PB 0x0000000784600000| Untracked 
|  71|0x0000000784700000, 0x0000000784800000, 0x0000000784800000|100%| O|  |TAMS 0x0000000784700000| PB 0x0000000784700000| Untracked 
|  72|0x0000000784800000, 0x00000007848ffff8, 0x0000000784900000| 99%| O|  |TAMS 0x0000000784800000| PB 0x0000000784800000| Untracked 
|  73|0x0000000784900000, 0x00000007849ff448, 0x0000000784a00000| 99%| O|  |TAMS 0x0000000784900000| PB 0x0000000784900000| Untracked 
|  74|0x0000000784a00000, 0x0000000784b00000, 0x0000000784b00000|100%| O|  |TAMS 0x0000000784a00000| PB 0x0000000784a00000| Untracked 
|  75|0x0000000784b00000, 0x0000000784bffff8, 0x0000000784c00000| 99%| O|  |TAMS 0x0000000784b00000| PB 0x0000000784b00000| Untracked 
|  76|0x0000000784c00000, 0x0000000784cffff8, 0x0000000784d00000| 99%| O|  |TAMS 0x0000000784c00000| PB 0x0000000784c00000| Untracked 
|  77|0x0000000784d00000, 0x0000000784dfff90, 0x0000000784e00000| 99%| O|  |TAMS 0x0000000784d00000| PB 0x0000000784d00000| Untracked 
|  78|0x0000000784e00000, 0x0000000784f00000, 0x0000000784f00000|100%| O|  |TAMS 0x0000000784e00000| PB 0x0000000784e00000| Untracked 
|  79|0x0000000784f00000, 0x0000000784ffffb8, 0x0000000785000000| 99%| O|  |TAMS 0x0000000784f00000| PB 0x0000000784f00000| Untracked 
|  80|0x0000000785000000, 0x0000000785100000, 0x0000000785100000|100%|HS|  |TAMS 0x0000000785000000| PB 0x0000000785000000| Complete 
|  81|0x0000000785100000, 0x0000000785200000, 0x0000000785200000|100%| O|  |TAMS 0x0000000785100000| PB 0x0000000785100000| Untracked 
|  82|0x0000000785200000, 0x00000007852ffff0, 0x0000000785300000| 99%| O|  |TAMS 0x0000000785200000| PB 0x0000000785200000| Untracked 
|  83|0x0000000785300000, 0x0000000785400000, 0x0000000785400000|100%| O|  |TAMS 0x0000000785300000| PB 0x0000000785300000| Untracked 
|  84|0x0000000785400000, 0x00000007854ffff0, 0x0000000785500000| 99%| O|  |TAMS 0x0000000785400000| PB 0x0000000785400000| Untracked 
|  85|0x0000000785500000, 0x00000007855f56f0, 0x0000000785600000| 95%| O|  |TAMS 0x0000000785500000| PB 0x0000000785500000| Untracked 
|  86|0x0000000785600000, 0x00000007856ffff8, 0x0000000785700000| 99%| O|  |TAMS 0x0000000785600000| PB 0x0000000785600000| Untracked 
|  87|0x0000000785700000, 0x0000000785800000, 0x0000000785800000|100%|HS|  |TAMS 0x0000000785700000| PB 0x0000000785700000| Complete 
|  88|0x0000000785800000, 0x0000000785900000, 0x0000000785900000|100%|HC|  |TAMS 0x0000000785800000| PB 0x0000000785800000| Complete 
|  89|0x0000000785900000, 0x0000000785a00000, 0x0000000785a00000|100%|HC|  |TAMS 0x0000000785900000| PB 0x0000000785900000| Complete 
|  90|0x0000000785a00000, 0x0000000785b00000, 0x0000000785b00000|100%|HC|  |TAMS 0x0000000785a00000| PB 0x0000000785a00000| Complete 
|  91|0x0000000785b00000, 0x0000000785c00000, 0x0000000785c00000|100%| O|  |TAMS 0x0000000785b00000| PB 0x0000000785b00000| Untracked 
|  92|0x0000000785c00000, 0x0000000785cffff8, 0x0000000785d00000| 99%| O|  |TAMS 0x0000000785c00000| PB 0x0000000785c00000| Untracked 
|  93|0x0000000785d00000, 0x0000000785dffff8, 0x0000000785e00000| 99%| O|  |TAMS 0x0000000785d00000| PB 0x0000000785d00000| Untracked 
|  94|0x0000000785e00000, 0x0000000785effff8, 0x0000000785f00000| 99%| O|  |TAMS 0x0000000785e00000| PB 0x0000000785e00000| Untracked 
|  95|0x0000000785f00000, 0x0000000785ffffe8, 0x0000000786000000| 99%| O|  |TAMS 0x0000000785f00000| PB 0x0000000785f00000| Untracked 
|  96|0x0000000786000000, 0x0000000786100000, 0x0000000786100000|100%|HS|  |TAMS 0x0000000786000000| PB 0x0000000786000000| Complete 
|  97|0x0000000786100000, 0x0000000786200000, 0x0000000786200000|100%|HC|  |TAMS 0x0000000786100000| PB 0x0000000786100000| Complete 
|  98|0x0000000786200000, 0x0000000786300000, 0x0000000786300000|100%|HS|  |TAMS 0x0000000786200000| PB 0x0000000786200000| Complete 
|  99|0x0000000786300000, 0x0000000786400000, 0x0000000786400000|100%|HC|  |TAMS 0x0000000786300000| PB 0x0000000786300000| Complete 
| 100|0x0000000786400000, 0x0000000786500000, 0x0000000786500000|100%| O|  |TAMS 0x0000000786400000| PB 0x0000000786400000| Untracked 
| 101|0x0000000786500000, 0x0000000786600000, 0x0000000786600000|100%|HS|  |TAMS 0x0000000786500000| PB 0x0000000786500000| Complete 
| 102|0x0000000786600000, 0x0000000786700000, 0x0000000786700000|100%|HC|  |TAMS 0x0000000786600000| PB 0x0000000786600000| Complete 
| 103|0x0000000786700000, 0x0000000786800000, 0x0000000786800000|100%|HC|  |TAMS 0x0000000786700000| PB 0x0000000786700000| Complete 
| 104|0x0000000786800000, 0x0000000786900000, 0x0000000786900000|100%| O|  |TAMS 0x0000000786800000| PB 0x0000000786800000| Untracked 
| 105|0x0000000786900000, 0x0000000786a00000, 0x0000000786a00000|100%| O|  |TAMS 0x0000000786900000| PB 0x0000000786900000| Untracked 
| 106|0x0000000786a00000, 0x0000000786b00000, 0x0000000786b00000|100%| O|  |TAMS 0x0000000786a00000| PB 0x0000000786a00000| Untracked 
| 107|0x0000000786b00000, 0x0000000786c00000, 0x0000000786c00000|100%| O|  |TAMS 0x0000000786b00000| PB 0x0000000786b00000| Untracked 
| 108|0x0000000786c00000, 0x0000000786d00000, 0x0000000786d00000|100%| O|  |TAMS 0x0000000786c00000| PB 0x0000000786c00000| Untracked 
| 109|0x0000000786d00000, 0x0000000786e00000, 0x0000000786e00000|100%|HS|  |TAMS 0x0000000786d00000| PB 0x0000000786d00000| Complete 
| 110|0x0000000786e00000, 0x0000000786f00000, 0x0000000786f00000|100%|HC|  |TAMS 0x0000000786e00000| PB 0x0000000786e00000| Complete 
| 111|0x0000000786f00000, 0x0000000787000000, 0x0000000787000000|100%|HC|  |TAMS 0x0000000786f00000| PB 0x0000000786f00000| Complete 
| 112|0x0000000787000000, 0x0000000787100000, 0x0000000787100000|100%| O|  |TAMS 0x0000000787000000| PB 0x0000000787000000| Untracked 
| 113|0x0000000787100000, 0x0000000787200000, 0x0000000787200000|100%| O|  |TAMS 0x0000000787100000| PB 0x0000000787100000| Untracked 
| 114|0x0000000787200000, 0x00000007872ffff0, 0x0000000787300000| 99%| O|  |TAMS 0x0000000787200000| PB 0x0000000787200000| Untracked 
| 115|0x0000000787300000, 0x00000007873ffff8, 0x0000000787400000| 99%| O|  |TAMS 0x0000000787300000| PB 0x0000000787300000| Untracked 
| 116|0x0000000787400000, 0x00000007874ffff0, 0x0000000787500000| 99%| O|  |TAMS 0x0000000787400000| PB 0x0000000787400000| Untracked 
| 117|0x0000000787500000, 0x0000000787600000, 0x0000000787600000|100%| O|  |TAMS 0x0000000787500000| PB 0x0000000787500000| Untracked 
| 118|0x0000000787600000, 0x00000007876fffc0, 0x0000000787700000| 99%| O|  |TAMS 0x0000000787600000| PB 0x0000000787600000| Untracked 
| 119|0x0000000787700000, 0x0000000787800000, 0x0000000787800000|100%| O|  |TAMS 0x0000000787700000| PB 0x0000000787700000| Untracked 
| 120|0x0000000787800000, 0x00000007878fffb0, 0x0000000787900000| 99%| O|  |TAMS 0x0000000787800000| PB 0x0000000787800000| Untracked 
| 121|0x0000000787900000, 0x0000000787a00000, 0x0000000787a00000|100%| O|  |TAMS 0x0000000787900000| PB 0x0000000787900000| Untracked 
| 122|0x0000000787a00000, 0x0000000787affff0, 0x0000000787b00000| 99%| O|  |TAMS 0x0000000787a00000| PB 0x0000000787a00000| Untracked 
| 123|0x0000000787b00000, 0x0000000787bffff0, 0x0000000787c00000| 99%| O|  |TAMS 0x0000000787b00000| PB 0x0000000787b00000| Untracked 
| 124|0x0000000787c00000, 0x0000000787cfffe8, 0x0000000787d00000| 99%| O|  |TAMS 0x0000000787c00000| PB 0x0000000787c00000| Untracked 
| 125|0x0000000787d00000, 0x0000000787dffff0, 0x0000000787e00000| 99%| O|  |TAMS 0x0000000787d00000| PB 0x0000000787d00000| Untracked 
| 126|0x0000000787e00000, 0x0000000787effff0, 0x0000000787f00000| 99%| O|  |TAMS 0x0000000787e00000| PB 0x0000000787e00000| Untracked 
| 127|0x0000000787f00000, 0x0000000787fffff0, 0x0000000788000000| 99%| O|  |TAMS 0x0000000787f00000| PB 0x0000000787f00000| Untracked 
| 128|0x0000000788000000, 0x0000000788100000, 0x0000000788100000|100%| O|  |TAMS 0x0000000788000000| PB 0x0000000788000000| Untracked 
| 129|0x0000000788100000, 0x0000000788200000, 0x0000000788200000|100%| O|  |TAMS 0x0000000788100000| PB 0x0000000788100000| Untracked 
| 130|0x0000000788200000, 0x0000000788300000, 0x0000000788300000|100%| O|  |TAMS 0x0000000788200000| PB 0x0000000788200000| Untracked 
| 131|0x0000000788300000, 0x00000007883fff90, 0x0000000788400000| 99%| O|  |TAMS 0x0000000788300000| PB 0x0000000788300000| Untracked 
| 132|0x0000000788400000, 0x00000007884ffff8, 0x0000000788500000| 99%| O|  |TAMS 0x0000000788400000| PB 0x0000000788400000| Untracked 
| 133|0x0000000788500000, 0x0000000788600000, 0x0000000788600000|100%|HS|  |TAMS 0x0000000788500000| PB 0x0000000788500000| Complete 
| 134|0x0000000788600000, 0x00000007886ffff0, 0x0000000788700000| 99%| O|  |TAMS 0x0000000788600000| PB 0x0000000788600000| Untracked 
| 135|0x0000000788700000, 0x00000007887fffd8, 0x0000000788800000| 99%| O|  |TAMS 0x0000000788700000| PB 0x0000000788700000| Untracked 
| 136|0x0000000788800000, 0x0000000788900000, 0x0000000788900000|100%|HS|  |TAMS 0x0000000788800000| PB 0x0000000788800000| Complete 
| 137|0x0000000788900000, 0x00000007889fffe8, 0x0000000788a00000| 99%| O|  |TAMS 0x0000000788900000| PB 0x0000000788900000| Untracked 
| 138|0x0000000788a00000, 0x0000000788affff8, 0x0000000788b00000| 99%| O|  |TAMS 0x0000000788a00000| PB 0x0000000788a00000| Untracked 
| 139|0x0000000788b00000, 0x0000000788bffee8, 0x0000000788c00000| 99%| O|  |TAMS 0x0000000788b00000| PB 0x0000000788b00000| Untracked 
| 140|0x0000000788c00000, 0x0000000788d00000, 0x0000000788d00000|100%|HS|  |TAMS 0x0000000788c00000| PB 0x0000000788c00000| Complete 
| 141|0x0000000788d00000, 0x0000000788dffff8, 0x0000000788e00000| 99%| O|  |TAMS 0x0000000788d00000| PB 0x0000000788d00000| Untracked 
| 142|0x0000000788e00000, 0x0000000788e00000, 0x0000000788f00000|  0%| F|  |TAMS 0x0000000788e00000| PB 0x0000000788e00000| Untracked 
| 143|0x0000000788f00000, 0x0000000788ffffe8, 0x0000000789000000| 99%| O|Cm|TAMS 0x0000000788f00000| PB 0x0000000788f00000| Complete 
| 144|0x0000000789000000, 0x00000007890ffff8, 0x0000000789100000| 99%| O|  |TAMS 0x0000000789000000| PB 0x0000000789000000| Untracked 
| 145|0x0000000789100000, 0x00000007891fffd0, 0x0000000789200000| 99%| O|  |TAMS 0x0000000789100000| PB 0x0000000789100000| Untracked 
| 146|0x0000000789200000, 0x00000007892ffff0, 0x0000000789300000| 99%| O|Cm|TAMS 0x0000000789200000| PB 0x0000000789200000| Complete 
| 147|0x0000000789300000, 0x0000000789400000, 0x0000000789400000|100%|HS|  |TAMS 0x0000000789300000| PB 0x0000000789300000| Complete 
| 148|0x0000000789400000, 0x0000000789500000, 0x0000000789500000|100%|HC|  |TAMS 0x0000000789400000| PB 0x0000000789400000| Complete 
| 149|0x0000000789500000, 0x0000000789500000, 0x0000000789600000|  0%| F|  |TAMS 0x0000000789500000| PB 0x0000000789500000| Untracked 
| 150|0x0000000789600000, 0x0000000789600000, 0x0000000789700000|  0%| F|  |TAMS 0x0000000789600000| PB 0x0000000789600000| Untracked 
| 151|0x0000000789700000, 0x0000000789700000, 0x0000000789800000|  0%| F|  |TAMS 0x0000000789700000| PB 0x0000000789700000| Untracked 
| 152|0x0000000789800000, 0x00000007898ffff0, 0x0000000789900000| 99%| O|  |TAMS 0x0000000789800000| PB 0x0000000789800000| Untracked 
| 153|0x0000000789900000, 0x00000007899fffe8, 0x0000000789a00000| 99%| O|  |TAMS 0x0000000789900000| PB 0x0000000789900000| Untracked 
| 154|0x0000000789a00000, 0x0000000789affff0, 0x0000000789b00000| 99%| O|  |TAMS 0x0000000789a00000| PB 0x0000000789a00000| Untracked 
| 155|0x0000000789b00000, 0x0000000789c00000, 0x0000000789c00000|100%| O|  |TAMS 0x0000000789b00000| PB 0x0000000789b00000| Untracked 
| 156|0x0000000789c00000, 0x0000000789cffff0, 0x0000000789d00000| 99%| O|  |TAMS 0x0000000789c00000| PB 0x0000000789c00000| Untracked 
| 157|0x0000000789d00000, 0x0000000789e00000, 0x0000000789e00000|100%| O|  |TAMS 0x0000000789d00000| PB 0x0000000789d00000| Untracked 
| 158|0x0000000789e00000, 0x0000000789effff8, 0x0000000789f00000| 99%| O|  |TAMS 0x0000000789e00000| PB 0x0000000789e00000| Untracked 
| 159|0x0000000789f00000, 0x000000078a000000, 0x000000078a000000|100%| O|Cm|TAMS 0x0000000789f00000| PB 0x0000000789f00000| Complete 
| 160|0x000000078a000000, 0x000000078a000000, 0x000000078a100000|  0%| F|  |TAMS 0x000000078a000000| PB 0x000000078a000000| Untracked 
| 161|0x000000078a100000, 0x000000078a1cd370, 0x000000078a200000| 80%| O|  |TAMS 0x000000078a100000| PB 0x000000078a100000| Untracked 
| 162|0x000000078a200000, 0x000000078a200000, 0x000000078a300000|  0%| F|  |TAMS 0x000000078a200000| PB 0x000000078a200000| Untracked 
| 163|0x000000078a300000, 0x000000078a400000, 0x000000078a400000|100%| O|  |TAMS 0x000000078a300000| PB 0x000000078a300000| Untracked 
| 164|0x000000078a400000, 0x000000078a4fffd8, 0x000000078a500000| 99%| O|  |TAMS 0x000000078a400000| PB 0x000000078a400000| Untracked 
| 165|0x000000078a500000, 0x000000078a600000, 0x000000078a600000|100%| O|  |TAMS 0x000000078a500000| PB 0x000000078a500000| Untracked 
| 166|0x000000078a600000, 0x000000078a6ffff8, 0x000000078a700000| 99%| O|Cm|TAMS 0x000000078a600000| PB 0x000000078a600000| Complete 
| 167|0x000000078a700000, 0x000000078a800000, 0x000000078a800000|100%| O|  |TAMS 0x000000078a700000| PB 0x000000078a700000| Untracked 
| 168|0x000000078a800000, 0x000000078a8ffff0, 0x000000078a900000| 99%| O|  |TAMS 0x000000078a800000| PB 0x000000078a800000| Untracked 
| 169|0x000000078a900000, 0x000000078a9fffe8, 0x000000078aa00000| 99%| O|  |TAMS 0x000000078a900000| PB 0x000000078a900000| Untracked 
| 170|0x000000078aa00000, 0x000000078ab00000, 0x000000078ab00000|100%| O|  |TAMS 0x000000078aa00000| PB 0x000000078aa00000| Untracked 
| 171|0x000000078ab00000, 0x000000078abfe208, 0x000000078ac00000| 99%| O|Cm|TAMS 0x000000078ab00000| PB 0x000000078ab00000| Complete 
| 172|0x000000078ac00000, 0x000000078ad00000, 0x000000078ad00000|100%| O|  |TAMS 0x000000078ac00000| PB 0x000000078ac00000| Untracked 
| 173|0x000000078ad00000, 0x000000078ad00000, 0x000000078ae00000|  0%| F|  |TAMS 0x000000078ad00000| PB 0x000000078ad00000| Untracked 
| 174|0x000000078ae00000, 0x000000078ae00000, 0x000000078af00000|  0%| F|  |TAMS 0x000000078ae00000| PB 0x000000078ae00000| Untracked 
| 175|0x000000078af00000, 0x000000078affffb8, 0x000000078b000000| 99%| O|  |TAMS 0x000000078af00000| PB 0x000000078af00000| Untracked 
| 176|0x000000078b000000, 0x000000078b000000, 0x000000078b100000|  0%| F|  |TAMS 0x000000078b000000| PB 0x000000078b000000| Untracked 
| 177|0x000000078b100000, 0x000000078b1ffff8, 0x000000078b200000| 99%| O|  |TAMS 0x000000078b100000| PB 0x000000078b100000| Untracked 
| 178|0x000000078b200000, 0x000000078b200000, 0x000000078b300000|  0%| F|  |TAMS 0x000000078b200000| PB 0x000000078b200000| Untracked 
| 179|0x000000078b300000, 0x000000078b400000, 0x000000078b400000|100%| O|  |TAMS 0x000000078b300000| PB 0x000000078b300000| Untracked 
| 180|0x000000078b400000, 0x000000078b4fffe8, 0x000000078b500000| 99%| O|  |TAMS 0x000000078b400000| PB 0x000000078b400000| Untracked 
| 181|0x000000078b500000, 0x000000078b5ffcb0, 0x000000078b600000| 99%| O|  |TAMS 0x000000078b500000| PB 0x000000078b500000| Untracked 
| 182|0x000000078b600000, 0x000000078b6fffc0, 0x000000078b700000| 99%| O|  |TAMS 0x000000078b600000| PB 0x000000078b600000| Untracked 
| 183|0x000000078b700000, 0x000000078b7fffe8, 0x000000078b800000| 99%| O|  |TAMS 0x000000078b700000| PB 0x000000078b700000| Untracked 
| 184|0x000000078b800000, 0x000000078b8fffd0, 0x000000078b900000| 99%| O|  |TAMS 0x000000078b800000| PB 0x000000078b800000| Untracked 
| 185|0x000000078b900000, 0x000000078b9fffd8, 0x000000078ba00000| 99%| O|  |TAMS 0x000000078b900000| PB 0x000000078b900000| Untracked 
| 186|0x000000078ba00000, 0x000000078baffff8, 0x000000078bb00000| 99%| O|  |TAMS 0x000000078ba00000| PB 0x000000078ba00000| Untracked 
| 187|0x000000078bb00000, 0x000000078bbffff0, 0x000000078bc00000| 99%| O|  |TAMS 0x000000078bb00000| PB 0x000000078bb00000| Untracked 
| 188|0x000000078bc00000, 0x000000078bcfcd50, 0x000000078bd00000| 98%| O|  |TAMS 0x000000078bc00000| PB 0x000000078bc00000| Untracked 
| 189|0x000000078bd00000, 0x000000078be00000, 0x000000078be00000|100%| O|Cm|TAMS 0x000000078bd00000| PB 0x000000078bd00000| Complete 
| 190|0x000000078be00000, 0x000000078befffe8, 0x000000078bf00000| 99%| O|  |TAMS 0x000000078be00000| PB 0x000000078be00000| Untracked 
| 191|0x000000078bf00000, 0x000000078bffffe8, 0x000000078c000000| 99%| O|  |TAMS 0x000000078bf00000| PB 0x000000078bf00000| Untracked 
| 192|0x000000078c000000, 0x000000078c100000, 0x000000078c100000|100%| O|Cm|TAMS 0x000000078c000000| PB 0x000000078c000000| Complete 
| 193|0x000000078c100000, 0x000000078c200000, 0x000000078c200000|100%| O|  |TAMS 0x000000078c100000| PB 0x000000078c100000| Untracked 
| 194|0x000000078c200000, 0x000000078c200000, 0x000000078c300000|  0%| F|  |TAMS 0x000000078c200000| PB 0x000000078c200000| Untracked 
| 195|0x000000078c300000, 0x000000078c400000, 0x000000078c400000|100%| O|Cm|TAMS 0x000000078c300000| PB 0x000000078c300000| Complete 
| 196|0x000000078c400000, 0x000000078c400000, 0x000000078c500000|  0%| F|  |TAMS 0x000000078c400000| PB 0x000000078c400000| Untracked 
| 197|0x000000078c500000, 0x000000078c600000, 0x000000078c600000|100%| O|Cm|TAMS 0x000000078c500000| PB 0x000000078c500000| Complete 
| 198|0x000000078c600000, 0x000000078c600000, 0x000000078c700000|  0%| F|  |TAMS 0x000000078c600000| PB 0x000000078c600000| Untracked 
| 199|0x000000078c700000, 0x000000078c800000, 0x000000078c800000|100%| O|  |TAMS 0x000000078c700000| PB 0x000000078c700000| Untracked 
| 200|0x000000078c800000, 0x000000078c900000, 0x000000078c900000|100%| O|  |TAMS 0x000000078c800000| PB 0x000000078c800000| Untracked 
| 201|0x000000078c900000, 0x000000078c900000, 0x000000078ca00000|  0%| F|  |TAMS 0x000000078c900000| PB 0x000000078c900000| Untracked 
| 202|0x000000078ca00000, 0x000000078cb00000, 0x000000078cb00000|100%| O|  |TAMS 0x000000078ca00000| PB 0x000000078ca00000| Untracked 
| 203|0x000000078cb00000, 0x000000078cbfdfa0, 0x000000078cc00000| 99%| O|  |TAMS 0x000000078cb00000| PB 0x000000078cb00000| Untracked 
| 204|0x000000078cc00000, 0x000000078ccf3838, 0x000000078cd00000| 95%| O|  |TAMS 0x000000078cc00000| PB 0x000000078cc00000| Untracked 
| 205|0x000000078cd00000, 0x000000078cdffff0, 0x000000078ce00000| 99%| O|  |TAMS 0x000000078cd00000| PB 0x000000078cd00000| Untracked 
| 206|0x000000078ce00000, 0x000000078cf00000, 0x000000078cf00000|100%| O|Cm|TAMS 0x000000078ce00000| PB 0x000000078ce00000| Complete 
| 207|0x000000078cf00000, 0x000000078cfe9258, 0x000000078d000000| 91%| O|  |TAMS 0x000000078cf00000| PB 0x000000078cf00000| Untracked 
| 208|0x000000078d000000, 0x000000078d100000, 0x000000078d100000|100%| O|  |TAMS 0x000000078d000000| PB 0x000000078d000000| Untracked 
| 209|0x000000078d100000, 0x000000078d1fffe0, 0x000000078d200000| 99%| O|  |TAMS 0x000000078d100000| PB 0x000000078d100000| Untracked 
| 210|0x000000078d200000, 0x000000078d200000, 0x000000078d300000|  0%| F|  |TAMS 0x000000078d200000| PB 0x000000078d200000| Untracked 
| 211|0x000000078d300000, 0x000000078d400000, 0x000000078d400000|100%| O|  |TAMS 0x000000078d300000| PB 0x000000078d300000| Untracked 
| 212|0x000000078d400000, 0x000000078d4ffff8, 0x000000078d500000| 99%| O|  |TAMS 0x000000078d400000| PB 0x000000078d400000| Untracked 
| 213|0x000000078d500000, 0x000000078d600000, 0x000000078d600000|100%| O|  |TAMS 0x000000078d500000| PB 0x000000078d500000| Untracked 
| 214|0x000000078d600000, 0x000000078d700000, 0x000000078d700000|100%| O|  |TAMS 0x000000078d600000| PB 0x000000078d600000| Untracked 
| 215|0x000000078d700000, 0x000000078d7ffa20, 0x000000078d800000| 99%| O|  |TAMS 0x000000078d700000| PB 0x000000078d700000| Untracked 
| 216|0x000000078d800000, 0x000000078d900000, 0x000000078d900000|100%| O|  |TAMS 0x000000078d800000| PB 0x000000078d800000| Untracked 
| 217|0x000000078d900000, 0x000000078d9fffe8, 0x000000078da00000| 99%| O|  |TAMS 0x000000078d900000| PB 0x000000078d900000| Untracked 
| 218|0x000000078da00000, 0x000000078daffff0, 0x000000078db00000| 99%| O|  |TAMS 0x000000078da00000| PB 0x000000078da00000| Untracked 
| 219|0x000000078db00000, 0x000000078dbffff8, 0x000000078dc00000| 99%| O|  |TAMS 0x000000078db00000| PB 0x000000078db00000| Untracked 
| 220|0x000000078dc00000, 0x000000078dc00000, 0x000000078dd00000|  0%| F|  |TAMS 0x000000078dc00000| PB 0x000000078dc00000| Untracked 
| 221|0x000000078dd00000, 0x000000078de00000, 0x000000078de00000|100%| O|  |TAMS 0x000000078dd00000| PB 0x000000078dd00000| Untracked 
| 222|0x000000078de00000, 0x000000078df00000, 0x000000078df00000|100%| O|Cm|TAMS 0x000000078de00000| PB 0x000000078de00000| Complete 
| 223|0x000000078df00000, 0x000000078dfff300, 0x000000078e000000| 99%| O|  |TAMS 0x000000078df00000| PB 0x000000078df00000| Untracked 
| 224|0x000000078e000000, 0x000000078e0fe038, 0x000000078e100000| 99%| O|  |TAMS 0x000000078e000000| PB 0x000000078e000000| Untracked 
| 225|0x000000078e100000, 0x000000078e1fffb8, 0x000000078e200000| 99%| O|  |TAMS 0x000000078e100000| PB 0x000000078e100000| Untracked 
| 226|0x000000078e200000, 0x000000078e2ffff0, 0x000000078e300000| 99%| O|  |TAMS 0x000000078e200000| PB 0x000000078e200000| Untracked 
| 227|0x000000078e300000, 0x000000078e3ffff0, 0x000000078e400000| 99%| O|Cm|TAMS 0x000000078e300000| PB 0x000000078e300000| Complete 
| 228|0x000000078e400000, 0x000000078e500000, 0x000000078e500000|100%| O|  |TAMS 0x000000078e400000| PB 0x000000078e400000| Untracked 
| 229|0x000000078e500000, 0x000000078e500000, 0x000000078e600000|  0%| F|  |TAMS 0x000000078e500000| PB 0x000000078e500000| Untracked 
| 230|0x000000078e600000, 0x000000078e700000, 0x000000078e700000|100%| O|Cm|TAMS 0x000000078e600000| PB 0x000000078e600000| Complete 
| 231|0x000000078e700000, 0x000000078e700000, 0x000000078e800000|  0%| F|  |TAMS 0x000000078e700000| PB 0x000000078e700000| Untracked 
| 232|0x000000078e800000, 0x000000078e8fffe0, 0x000000078e900000| 99%| O|  |TAMS 0x000000078e800000| PB 0x000000078e800000| Untracked 
| 233|0x000000078e900000, 0x000000078ea00000, 0x000000078ea00000|100%| O|  |TAMS 0x000000078e900000| PB 0x000000078e900000| Untracked 
| 234|0x000000078ea00000, 0x000000078eb00000, 0x000000078eb00000|100%| O|  |TAMS 0x000000078ea00000| PB 0x000000078ea00000| Untracked 
| 235|0x000000078eb00000, 0x000000078ebffff8, 0x000000078ec00000| 99%| O|Cm|TAMS 0x000000078eb00000| PB 0x000000078eb00000| Complete 
| 236|0x000000078ec00000, 0x000000078ec00000, 0x000000078ed00000|  0%| F|  |TAMS 0x000000078ec00000| PB 0x000000078ec00000| Untracked 
| 237|0x000000078ed00000, 0x000000078ed00000, 0x000000078ee00000|  0%| F|  |TAMS 0x000000078ed00000| PB 0x000000078ed00000| Untracked 
| 238|0x000000078ee00000, 0x000000078eeffff0, 0x000000078ef00000| 99%| O|  |TAMS 0x000000078ee00000| PB 0x000000078ee00000| Untracked 
| 239|0x000000078ef00000, 0x000000078ef00000, 0x000000078f000000|  0%| F|  |TAMS 0x000000078ef00000| PB 0x000000078ef00000| Untracked 
| 240|0x000000078f000000, 0x000000078f100000, 0x000000078f100000|100%| O|  |TAMS 0x000000078f000000| PB 0x000000078f000000| Untracked 
| 241|0x000000078f100000, 0x000000078f1e5130, 0x000000078f200000| 89%| O|  |TAMS 0x000000078f100000| PB 0x000000078f100000| Untracked 
| 242|0x000000078f200000, 0x000000078f200000, 0x000000078f300000|  0%| F|  |TAMS 0x000000078f200000| PB 0x000000078f200000| Untracked 
| 243|0x000000078f300000, 0x000000078f3fffc8, 0x000000078f400000| 99%| O|  |TAMS 0x000000078f300000| PB 0x000000078f300000| Untracked 
| 244|0x000000078f400000, 0x000000078f500000, 0x000000078f500000|100%| O|  |TAMS 0x000000078f400000| PB 0x000000078f400000| Untracked 
| 245|0x000000078f500000, 0x000000078f500000, 0x000000078f600000|  0%| F|  |TAMS 0x000000078f500000| PB 0x000000078f500000| Untracked 
| 246|0x000000078f600000, 0x000000078f600000, 0x000000078f700000|  0%| F|  |TAMS 0x000000078f600000| PB 0x000000078f600000| Untracked 
| 247|0x000000078f700000, 0x000000078f7f8910, 0x000000078f800000| 97%| O|  |TAMS 0x000000078f700000| PB 0x000000078f700000| Untracked 
| 248|0x000000078f800000, 0x000000078f800000, 0x000000078f900000|  0%| F|  |TAMS 0x000000078f800000| PB 0x000000078f800000| Untracked 
| 249|0x000000078f900000, 0x000000078fa00000, 0x000000078fa00000|100%| O|  |TAMS 0x000000078f900000| PB 0x000000078f900000| Untracked 
| 250|0x000000078fa00000, 0x000000078fafffe8, 0x000000078fb00000| 99%| O|  |TAMS 0x000000078fa00000| PB 0x000000078fa00000| Untracked 
| 251|0x000000078fb00000, 0x000000078fb00000, 0x000000078fc00000|  0%| F|  |TAMS 0x000000078fb00000| PB 0x000000078fb00000| Untracked 
| 252|0x000000078fc00000, 0x000000078fc00000, 0x000000078fd00000|  0%| F|  |TAMS 0x000000078fc00000| PB 0x000000078fc00000| Untracked 
| 253|0x000000078fd00000, 0x000000078fe00000, 0x000000078fe00000|100%| O|  |TAMS 0x000000078fd00000| PB 0x000000078fd00000| Untracked 
| 254|0x000000078fe00000, 0x000000078ff00000, 0x000000078ff00000|100%| O|  |TAMS 0x000000078fe00000| PB 0x000000078fe00000| Untracked 
| 255|0x000000078ff00000, 0x000000078ff00000, 0x0000000790000000|  0%| F|  |TAMS 0x000000078ff00000| PB 0x000000078ff00000| Untracked 
| 256|0x0000000790000000, 0x00000007900fffe0, 0x0000000790100000| 99%| O|  |TAMS 0x0000000790000000| PB 0x0000000790000000| Untracked 
| 257|0x0000000790100000, 0x0000000790100000, 0x0000000790200000|  0%| F|  |TAMS 0x0000000790100000| PB 0x0000000790100000| Untracked 
| 258|0x0000000790200000, 0x0000000790300000, 0x0000000790300000|100%| O|  |TAMS 0x0000000790200000| PB 0x0000000790200000| Untracked 
| 259|0x0000000790300000, 0x0000000790300000, 0x0000000790400000|  0%| F|  |TAMS 0x0000000790300000| PB 0x0000000790300000| Untracked 
| 260|0x0000000790400000, 0x0000000790400000, 0x0000000790500000|  0%| F|  |TAMS 0x0000000790400000| PB 0x0000000790400000| Untracked 
| 261|0x0000000790500000, 0x0000000790500000, 0x0000000790600000|  0%| F|  |TAMS 0x0000000790500000| PB 0x0000000790500000| Untracked 
| 262|0x0000000790600000, 0x0000000790600000, 0x0000000790700000|  0%| F|  |TAMS 0x0000000790600000| PB 0x0000000790600000| Untracked 
| 263|0x0000000790700000, 0x00000007907ffff8, 0x0000000790800000| 99%| O|  |TAMS 0x0000000790700000| PB 0x0000000790700000| Untracked 
| 264|0x0000000790800000, 0x0000000790900000, 0x0000000790900000|100%| O|  |TAMS 0x0000000790800000| PB 0x0000000790800000| Untracked 
| 265|0x0000000790900000, 0x00000007909ffff8, 0x0000000790a00000| 99%| O|  |TAMS 0x0000000790900000| PB 0x0000000790900000| Untracked 
| 266|0x0000000790a00000, 0x0000000790b00000, 0x0000000790b00000|100%| O|  |TAMS 0x0000000790a00000| PB 0x0000000790a00000| Untracked 
| 267|0x0000000790b00000, 0x0000000790b00000, 0x0000000790c00000|  0%| F|  |TAMS 0x0000000790b00000| PB 0x0000000790b00000| Untracked 
| 268|0x0000000790c00000, 0x0000000790c00000, 0x0000000790d00000|  0%| F|  |TAMS 0x0000000790c00000| PB 0x0000000790c00000| Untracked 
| 269|0x0000000790d00000, 0x0000000790d00000, 0x0000000790e00000|  0%| F|  |TAMS 0x0000000790d00000| PB 0x0000000790d00000| Untracked 
| 270|0x0000000790e00000, 0x0000000790e00000, 0x0000000790f00000|  0%| F|  |TAMS 0x0000000790e00000| PB 0x0000000790e00000| Untracked 
| 271|0x0000000790f00000, 0x0000000790f00000, 0x0000000791000000|  0%| F|  |TAMS 0x0000000790f00000| PB 0x0000000790f00000| Untracked 
| 272|0x0000000791000000, 0x0000000791100000, 0x0000000791100000|100%| O|  |TAMS 0x0000000791000000| PB 0x0000000791000000| Untracked 
| 273|0x0000000791100000, 0x0000000791200000, 0x0000000791200000|100%| O|  |TAMS 0x0000000791100000| PB 0x0000000791100000| Untracked 
| 274|0x0000000791200000, 0x0000000791300000, 0x0000000791300000|100%| O|  |TAMS 0x0000000791200000| PB 0x0000000791200000| Untracked 
| 275|0x0000000791300000, 0x0000000791400000, 0x0000000791400000|100%| O|  |TAMS 0x0000000791300000| PB 0x0000000791300000| Untracked 
| 276|0x0000000791400000, 0x00000007914ffff8, 0x0000000791500000| 99%| O|  |TAMS 0x0000000791400000| PB 0x0000000791400000| Untracked 
| 277|0x0000000791500000, 0x0000000791600000, 0x0000000791600000|100%| O|  |TAMS 0x0000000791500000| PB 0x0000000791500000| Untracked 
| 278|0x0000000791600000, 0x00000007916fffe8, 0x0000000791700000| 99%| O|  |TAMS 0x0000000791600000| PB 0x0000000791600000| Untracked 
| 279|0x0000000791700000, 0x0000000791800000, 0x0000000791800000|100%| O|  |TAMS 0x0000000791700000| PB 0x0000000791700000| Untracked 
| 280|0x0000000791800000, 0x0000000791900000, 0x0000000791900000|100%| O|Cm|TAMS 0x0000000791800000| PB 0x0000000791800000| Complete 
| 281|0x0000000791900000, 0x0000000791900000, 0x0000000791a00000|  0%| F|  |TAMS 0x0000000791900000| PB 0x0000000791900000| Untracked 
| 282|0x0000000791a00000, 0x0000000791a00000, 0x0000000791b00000|  0%| F|  |TAMS 0x0000000791a00000| PB 0x0000000791a00000| Untracked 
| 283|0x0000000791b00000, 0x0000000791b00000, 0x0000000791c00000|  0%| F|  |TAMS 0x0000000791b00000| PB 0x0000000791b00000| Untracked 
| 284|0x0000000791c00000, 0x0000000791c00000, 0x0000000791d00000|  0%| F|  |TAMS 0x0000000791c00000| PB 0x0000000791c00000| Untracked 
| 285|0x0000000791d00000, 0x0000000791dffff0, 0x0000000791e00000| 99%| O|  |TAMS 0x0000000791d00000| PB 0x0000000791d00000| Untracked 
| 286|0x0000000791e00000, 0x0000000791f00000, 0x0000000791f00000|100%| O|  |TAMS 0x0000000791e00000| PB 0x0000000791e00000| Untracked 
| 287|0x0000000791f00000, 0x0000000792000000, 0x0000000792000000|100%| O|  |TAMS 0x0000000791f00000| PB 0x0000000791f00000| Untracked 
| 288|0x0000000792000000, 0x00000007920ffff0, 0x0000000792100000| 99%| O|  |TAMS 0x0000000792000000| PB 0x0000000792000000| Untracked 
| 289|0x0000000792100000, 0x0000000792100000, 0x0000000792200000|  0%| F|  |TAMS 0x0000000792100000| PB 0x0000000792100000| Untracked 
| 290|0x0000000792200000, 0x0000000792300000, 0x0000000792300000|100%| O|  |TAMS 0x0000000792200000| PB 0x0000000792200000| Untracked 
| 291|0x0000000792300000, 0x0000000792400000, 0x0000000792400000|100%| O|  |TAMS 0x0000000792300000| PB 0x0000000792300000| Untracked 
| 292|0x0000000792400000, 0x0000000792400000, 0x0000000792500000|  0%| F|  |TAMS 0x0000000792400000| PB 0x0000000792400000| Untracked 
| 293|0x0000000792500000, 0x0000000792500000, 0x0000000792600000|  0%| F|  |TAMS 0x0000000792500000| PB 0x0000000792500000| Untracked 
| 294|0x0000000792600000, 0x00000007926fffd8, 0x0000000792700000| 99%| O|  |TAMS 0x0000000792600000| PB 0x0000000792600000| Untracked 
| 295|0x0000000792700000, 0x0000000792800000, 0x0000000792800000|100%| O|  |TAMS 0x0000000792700000| PB 0x0000000792700000| Untracked 
| 296|0x0000000792800000, 0x0000000792800000, 0x0000000792900000|  0%| F|  |TAMS 0x0000000792800000| PB 0x0000000792800000| Untracked 
| 297|0x0000000792900000, 0x0000000792a00000, 0x0000000792a00000|100%| O|  |TAMS 0x0000000792900000| PB 0x0000000792900000| Untracked 
| 298|0x0000000792a00000, 0x0000000792a00000, 0x0000000792b00000|  0%| F|  |TAMS 0x0000000792a00000| PB 0x0000000792a00000| Untracked 
| 299|0x0000000792b00000, 0x0000000792c00000, 0x0000000792c00000|100%| O|  |TAMS 0x0000000792b00000| PB 0x0000000792b00000| Untracked 
| 300|0x0000000792c00000, 0x0000000792d00000, 0x0000000792d00000|100%| O|  |TAMS 0x0000000792c00000| PB 0x0000000792c00000| Untracked 
| 301|0x0000000792d00000, 0x0000000792e00000, 0x0000000792e00000|100%| O|  |TAMS 0x0000000792d00000| PB 0x0000000792d00000| Untracked 
| 302|0x0000000792e00000, 0x0000000792efffe8, 0x0000000792f00000| 99%| O|  |TAMS 0x0000000792e00000| PB 0x0000000792e00000| Untracked 
| 303|0x0000000792f00000, 0x0000000792ffffe8, 0x0000000793000000| 99%| O|Cm|TAMS 0x0000000792f00000| PB 0x0000000792f00000| Complete 
| 304|0x0000000793000000, 0x0000000793100000, 0x0000000793100000|100%| O|  |TAMS 0x0000000793000000| PB 0x0000000793000000| Untracked 
| 305|0x0000000793100000, 0x0000000793200000, 0x0000000793200000|100%| O|  |TAMS 0x0000000793100000| PB 0x0000000793100000| Untracked 
| 306|0x0000000793200000, 0x0000000793300000, 0x0000000793300000|100%| O|  |TAMS 0x0000000793200000| PB 0x0000000793200000| Untracked 
| 307|0x0000000793300000, 0x0000000793400000, 0x0000000793400000|100%| O|  |TAMS 0x0000000793300000| PB 0x0000000793300000| Untracked 
| 308|0x0000000793400000, 0x0000000793500000, 0x0000000793500000|100%| O|  |TAMS 0x0000000793400000| PB 0x0000000793400000| Untracked 
| 309|0x0000000793500000, 0x0000000793500000, 0x0000000793600000|  0%| F|  |TAMS 0x0000000793500000| PB 0x0000000793500000| Untracked 
| 310|0x0000000793600000, 0x0000000793600000, 0x0000000793700000|  0%| F|  |TAMS 0x0000000793600000| PB 0x0000000793600000| Untracked 
| 311|0x0000000793700000, 0x0000000793700000, 0x0000000793800000|  0%| F|  |TAMS 0x0000000793700000| PB 0x0000000793700000| Untracked 
| 312|0x0000000793800000, 0x0000000793800000, 0x0000000793900000|  0%| F|  |TAMS 0x0000000793800000| PB 0x0000000793800000| Untracked 
| 313|0x0000000793900000, 0x0000000793a00000, 0x0000000793a00000|100%| O|  |TAMS 0x0000000793900000| PB 0x0000000793900000| Untracked 
| 314|0x0000000793a00000, 0x0000000793b00000, 0x0000000793b00000|100%| O|  |TAMS 0x0000000793a00000| PB 0x0000000793a00000| Untracked 
| 315|0x0000000793b00000, 0x0000000793c00000, 0x0000000793c00000|100%| O|  |TAMS 0x0000000793b00000| PB 0x0000000793b00000| Untracked 
| 316|0x0000000793c00000, 0x0000000793d00000, 0x0000000793d00000|100%| O|  |TAMS 0x0000000793c00000| PB 0x0000000793c00000| Untracked 
| 317|0x0000000793d00000, 0x0000000793e00000, 0x0000000793e00000|100%| O|  |TAMS 0x0000000793d00000| PB 0x0000000793d00000| Untracked 
| 318|0x0000000793e00000, 0x0000000793f00000, 0x0000000793f00000|100%| O|  |TAMS 0x0000000793e00000| PB 0x0000000793e00000| Untracked 
| 319|0x0000000793f00000, 0x0000000793fffff0, 0x0000000794000000| 99%| O|Cm|TAMS 0x0000000793f00000| PB 0x0000000793f00000| Complete 
| 320|0x0000000794000000, 0x0000000794000000, 0x0000000794100000|  0%| F|  |TAMS 0x0000000794000000| PB 0x0000000794000000| Untracked 
| 321|0x0000000794100000, 0x0000000794100000, 0x0000000794200000|  0%| F|  |TAMS 0x0000000794100000| PB 0x0000000794100000| Untracked 
| 322|0x0000000794200000, 0x0000000794300000, 0x0000000794300000|100%| O|  |TAMS 0x0000000794200000| PB 0x0000000794200000| Untracked 
| 323|0x0000000794300000, 0x0000000794400000, 0x0000000794400000|100%| O|  |TAMS 0x0000000794300000| PB 0x0000000794300000| Untracked 
| 324|0x0000000794400000, 0x0000000794500000, 0x0000000794500000|100%| O|  |TAMS 0x0000000794400000| PB 0x0000000794400000| Untracked 
| 325|0x0000000794500000, 0x0000000794600000, 0x0000000794600000|100%| O|  |TAMS 0x0000000794500000| PB 0x0000000794500000| Untracked 
| 326|0x0000000794600000, 0x0000000794700000, 0x0000000794700000|100%| O|  |TAMS 0x0000000794600000| PB 0x0000000794600000| Untracked 
| 327|0x0000000794700000, 0x0000000794700000, 0x0000000794800000|  0%| F|  |TAMS 0x0000000794700000| PB 0x0000000794700000| Untracked 
| 328|0x0000000794800000, 0x0000000794900000, 0x0000000794900000|100%| O|  |TAMS 0x0000000794800000| PB 0x0000000794800000| Untracked 
| 329|0x0000000794900000, 0x0000000794a00000, 0x0000000794a00000|100%| O|  |TAMS 0x0000000794900000| PB 0x0000000794900000| Untracked 
| 330|0x0000000794a00000, 0x0000000794b00000, 0x0000000794b00000|100%| O|  |TAMS 0x0000000794a00000| PB 0x0000000794a00000| Untracked 
| 331|0x0000000794b00000, 0x0000000794b00000, 0x0000000794c00000|  0%| F|  |TAMS 0x0000000794b00000| PB 0x0000000794b00000| Untracked 
| 332|0x0000000794c00000, 0x0000000794d00000, 0x0000000794d00000|100%| O|  |TAMS 0x0000000794c00000| PB 0x0000000794c00000| Untracked 
| 333|0x0000000794d00000, 0x0000000794e00000, 0x0000000794e00000|100%| O|  |TAMS 0x0000000794d00000| PB 0x0000000794d00000| Untracked 
| 334|0x0000000794e00000, 0x0000000794f00000, 0x0000000794f00000|100%| O|  |TAMS 0x0000000794e00000| PB 0x0000000794e00000| Untracked 
| 335|0x0000000794f00000, 0x0000000795000000, 0x0000000795000000|100%| O|  |TAMS 0x0000000794f00000| PB 0x0000000794f00000| Untracked 
| 336|0x0000000795000000, 0x0000000795000000, 0x0000000795100000|  0%| F|  |TAMS 0x0000000795000000| PB 0x0000000795000000| Untracked 
| 337|0x0000000795100000, 0x0000000795100000, 0x0000000795200000|  0%| F|  |TAMS 0x0000000795100000| PB 0x0000000795100000| Untracked 
| 338|0x0000000795200000, 0x0000000795300000, 0x0000000795300000|100%|HS|  |TAMS 0x0000000795200000| PB 0x0000000795200000| Complete 
| 339|0x0000000795300000, 0x0000000795400000, 0x0000000795400000|100%|HS|  |TAMS 0x0000000795300000| PB 0x0000000795300000| Complete 
| 340|0x0000000795400000, 0x0000000795400000, 0x0000000795500000|  0%| F|  |TAMS 0x0000000795400000| PB 0x0000000795400000| Untracked 
| 341|0x0000000795500000, 0x0000000795600000, 0x0000000795600000|100%|HS|  |TAMS 0x0000000795500000| PB 0x0000000795500000| Complete 
| 342|0x0000000795600000, 0x0000000795700000, 0x0000000795700000|100%|HC|  |TAMS 0x0000000795600000| PB 0x0000000795600000| Complete 
| 343|0x0000000795700000, 0x00000007957fffe8, 0x0000000795800000| 99%| O|Cm|TAMS 0x0000000795700000| PB 0x0000000795700000| Complete 
| 344|0x0000000795800000, 0x0000000795800000, 0x0000000795900000|  0%| F|  |TAMS 0x0000000795800000| PB 0x0000000795800000| Untracked 
| 345|0x0000000795900000, 0x0000000795900000, 0x0000000795a00000|  0%| F|  |TAMS 0x0000000795900000| PB 0x0000000795900000| Untracked 
| 346|0x0000000795a00000, 0x0000000795a00000, 0x0000000795b00000|  0%| F|  |TAMS 0x0000000795a00000| PB 0x0000000795a00000| Untracked 
| 347|0x0000000795b00000, 0x0000000795c00000, 0x0000000795c00000|100%| O|  |TAMS 0x0000000795b00000| PB 0x0000000795b00000| Untracked 
| 348|0x0000000795c00000, 0x0000000795c00000, 0x0000000795d00000|  0%| F|  |TAMS 0x0000000795c00000| PB 0x0000000795c00000| Untracked 
| 349|0x0000000795d00000, 0x0000000795d00000, 0x0000000795e00000|  0%| F|  |TAMS 0x0000000795d00000| PB 0x0000000795d00000| Untracked 
| 350|0x0000000795e00000, 0x0000000795e00000, 0x0000000795f00000|  0%| F|  |TAMS 0x0000000795e00000| PB 0x0000000795e00000| Untracked 
| 351|0x0000000795f00000, 0x0000000795f00000, 0x0000000796000000|  0%| F|  |TAMS 0x0000000795f00000| PB 0x0000000795f00000| Untracked 
| 352|0x0000000796000000, 0x0000000796000000, 0x0000000796100000|  0%| F|  |TAMS 0x0000000796000000| PB 0x0000000796000000| Untracked 
| 353|0x0000000796100000, 0x0000000796100000, 0x0000000796200000|  0%| F|  |TAMS 0x0000000796100000| PB 0x0000000796100000| Untracked 
| 354|0x0000000796200000, 0x0000000796200000, 0x0000000796300000|  0%| F|  |TAMS 0x0000000796200000| PB 0x0000000796200000| Untracked 
| 355|0x0000000796300000, 0x0000000796300000, 0x0000000796400000|  0%| F|  |TAMS 0x0000000796300000| PB 0x0000000796300000| Untracked 
| 356|0x0000000796400000, 0x0000000796500000, 0x0000000796500000|100%|HS|  |TAMS 0x0000000796400000| PB 0x0000000796400000| Complete 
| 357|0x0000000796500000, 0x0000000796600000, 0x0000000796600000|100%|HC|  |TAMS 0x0000000796500000| PB 0x0000000796500000| Complete 
| 358|0x0000000796600000, 0x0000000796600000, 0x0000000796700000|  0%| F|  |TAMS 0x0000000796600000| PB 0x0000000796600000| Untracked 
| 359|0x0000000796700000, 0x0000000796700000, 0x0000000796800000|  0%| F|  |TAMS 0x0000000796700000| PB 0x0000000796700000| Untracked 
| 360|0x0000000796800000, 0x0000000796800000, 0x0000000796900000|  0%| F|  |TAMS 0x0000000796800000| PB 0x0000000796800000| Untracked 
| 361|0x0000000796900000, 0x0000000796a00000, 0x0000000796a00000|100%| O|  |TAMS 0x0000000796900000| PB 0x0000000796900000| Untracked 
| 362|0x0000000796a00000, 0x0000000796a00000, 0x0000000796b00000|  0%| F|  |TAMS 0x0000000796a00000| PB 0x0000000796a00000| Untracked 
| 363|0x0000000796b00000, 0x0000000796b00000, 0x0000000796c00000|  0%| F|  |TAMS 0x0000000796b00000| PB 0x0000000796b00000| Untracked 
| 364|0x0000000796c00000, 0x0000000796c00000, 0x0000000796d00000|  0%| F|  |TAMS 0x0000000796c00000| PB 0x0000000796c00000| Untracked 
| 365|0x0000000796d00000, 0x0000000796e00000, 0x0000000796e00000|100%| O|  |TAMS 0x0000000796d00000| PB 0x0000000796d00000| Untracked 
| 366|0x0000000796e00000, 0x0000000796e00000, 0x0000000796f00000|  0%| F|  |TAMS 0x0000000796e00000| PB 0x0000000796e00000| Untracked 
| 367|0x0000000796f00000, 0x0000000797000000, 0x0000000797000000|100%| O|  |TAMS 0x0000000796f00000| PB 0x0000000796f00000| Untracked 
| 368|0x0000000797000000, 0x0000000797100000, 0x0000000797100000|100%|HS|  |TAMS 0x0000000797000000| PB 0x0000000797000000| Complete 
| 369|0x0000000797100000, 0x0000000797200000, 0x0000000797200000|100%|HC|  |TAMS 0x0000000797100000| PB 0x0000000797100000| Complete 
| 370|0x0000000797200000, 0x0000000797200000, 0x0000000797300000|  0%| F|  |TAMS 0x0000000797200000| PB 0x0000000797200000| Untracked 
| 371|0x0000000797300000, 0x0000000797400000, 0x0000000797400000|100%| O|  |TAMS 0x0000000797300000| PB 0x0000000797300000| Untracked 
| 372|0x0000000797400000, 0x0000000797500000, 0x0000000797500000|100%| O|  |TAMS 0x0000000797400000| PB 0x0000000797400000| Untracked 
| 373|0x0000000797500000, 0x0000000797500000, 0x0000000797600000|  0%| F|  |TAMS 0x0000000797500000| PB 0x0000000797500000| Untracked 
| 374|0x0000000797600000, 0x0000000797600000, 0x0000000797700000|  0%| F|  |TAMS 0x0000000797600000| PB 0x0000000797600000| Untracked 
| 375|0x0000000797700000, 0x0000000797700000, 0x0000000797800000|  0%| F|  |TAMS 0x0000000797700000| PB 0x0000000797700000| Untracked 
| 376|0x0000000797800000, 0x0000000797900000, 0x0000000797900000|100%| O|  |TAMS 0x0000000797800000| PB 0x0000000797800000| Untracked 
| 377|0x0000000797900000, 0x0000000797a00000, 0x0000000797a00000|100%| O|  |TAMS 0x0000000797900000| PB 0x0000000797900000| Untracked 
| 378|0x0000000797a00000, 0x0000000797a00000, 0x0000000797b00000|  0%| F|  |TAMS 0x0000000797a00000| PB 0x0000000797a00000| Untracked 
| 379|0x0000000797b00000, 0x0000000797c00000, 0x0000000797c00000|100%| O|  |TAMS 0x0000000797b00000| PB 0x0000000797b00000| Untracked 
| 380|0x0000000797c00000, 0x0000000797d00000, 0x0000000797d00000|100%| O|  |TAMS 0x0000000797c00000| PB 0x0000000797c00000| Untracked 
| 381|0x0000000797d00000, 0x0000000797d00000, 0x0000000797e00000|  0%| F|  |TAMS 0x0000000797d00000| PB 0x0000000797d00000| Untracked 
| 382|0x0000000797e00000, 0x0000000797f00000, 0x0000000797f00000|100%| O|  |TAMS 0x0000000797e00000| PB 0x0000000797e00000| Untracked 
| 383|0x0000000797f00000, 0x0000000798000000, 0x0000000798000000|100%| O|  |TAMS 0x0000000797f00000| PB 0x0000000797f00000| Untracked 
| 384|0x0000000798000000, 0x0000000798000000, 0x0000000798100000|  0%| F|  |TAMS 0x0000000798000000| PB 0x0000000798000000| Untracked 
| 385|0x0000000798100000, 0x0000000798100000, 0x0000000798200000|  0%| F|  |TAMS 0x0000000798100000| PB 0x0000000798100000| Untracked 
| 386|0x0000000798200000, 0x0000000798300000, 0x0000000798300000|100%| O|  |TAMS 0x0000000798200000| PB 0x0000000798200000| Untracked 
| 387|0x0000000798300000, 0x0000000798400000, 0x0000000798400000|100%| O|  |TAMS 0x0000000798300000| PB 0x0000000798300000| Untracked 
| 388|0x0000000798400000, 0x0000000798400000, 0x0000000798500000|  0%| F|  |TAMS 0x0000000798400000| PB 0x0000000798400000| Untracked 
| 389|0x0000000798500000, 0x0000000798500000, 0x0000000798600000|  0%| F|  |TAMS 0x0000000798500000| PB 0x0000000798500000| Untracked 
| 390|0x0000000798600000, 0x0000000798700000, 0x0000000798700000|100%| O|  |TAMS 0x0000000798600000| PB 0x0000000798600000| Untracked 
| 391|0x0000000798700000, 0x0000000798800000, 0x0000000798800000|100%| O|  |TAMS 0x0000000798700000| PB 0x0000000798700000| Untracked 
| 392|0x0000000798800000, 0x0000000798800000, 0x0000000798900000|  0%| F|  |TAMS 0x0000000798800000| PB 0x0000000798800000| Untracked 
| 393|0x0000000798900000, 0x0000000798a00000, 0x0000000798a00000|100%| O|  |TAMS 0x0000000798900000| PB 0x0000000798900000| Untracked 
| 394|0x0000000798a00000, 0x0000000798b00000, 0x0000000798b00000|100%| O|  |TAMS 0x0000000798a00000| PB 0x0000000798a00000| Untracked 
| 395|0x0000000798b00000, 0x0000000798c00000, 0x0000000798c00000|100%| O|  |TAMS 0x0000000798b00000| PB 0x0000000798b00000| Untracked 
| 396|0x0000000798c00000, 0x0000000798d00000, 0x0000000798d00000|100%| O|  |TAMS 0x0000000798c00000| PB 0x0000000798c00000| Untracked 
| 397|0x0000000798d00000, 0x0000000798e00000, 0x0000000798e00000|100%| O|  |TAMS 0x0000000798d00000| PB 0x0000000798d00000| Untracked 
| 398|0x0000000798e00000, 0x0000000798f00000, 0x0000000798f00000|100%| O|  |TAMS 0x0000000798e00000| PB 0x0000000798e00000| Untracked 
| 399|0x0000000798f00000, 0x0000000799000000, 0x0000000799000000|100%| O|  |TAMS 0x0000000798f00000| PB 0x0000000798f00000| Untracked 
| 400|0x0000000799000000, 0x0000000799100000, 0x0000000799100000|100%| O|  |TAMS 0x0000000799000000| PB 0x0000000799000000| Untracked 
| 401|0x0000000799100000, 0x00000007991ffff8, 0x0000000799200000| 99%| O|  |TAMS 0x0000000799100000| PB 0x0000000799100000| Untracked 
| 402|0x0000000799200000, 0x0000000799200000, 0x0000000799300000|  0%| F|  |TAMS 0x0000000799200000| PB 0x0000000799200000| Untracked 
| 403|0x0000000799300000, 0x0000000799400000, 0x0000000799400000|100%| O|  |TAMS 0x0000000799300000| PB 0x0000000799300000| Untracked 
| 404|0x0000000799400000, 0x0000000799500000, 0x0000000799500000|100%| O|  |TAMS 0x0000000799400000| PB 0x0000000799400000| Untracked 
| 405|0x0000000799500000, 0x0000000799500000, 0x0000000799600000|  0%| F|  |TAMS 0x0000000799500000| PB 0x0000000799500000| Untracked 
| 406|0x0000000799600000, 0x0000000799700000, 0x0000000799700000|100%| O|  |TAMS 0x0000000799600000| PB 0x0000000799600000| Untracked 
| 407|0x0000000799700000, 0x0000000799800000, 0x0000000799800000|100%| O|  |TAMS 0x0000000799700000| PB 0x0000000799700000| Untracked 
| 408|0x0000000799800000, 0x00000007998ffea8, 0x0000000799900000| 99%| O|  |TAMS 0x0000000799800000| PB 0x0000000799800000| Untracked 
| 409|0x0000000799900000, 0x0000000799a00000, 0x0000000799a00000|100%| O|  |TAMS 0x0000000799900000| PB 0x0000000799900000| Untracked 
| 410|0x0000000799a00000, 0x0000000799b00000, 0x0000000799b00000|100%| O|  |TAMS 0x0000000799a00000| PB 0x0000000799a00000| Untracked 
| 411|0x0000000799b00000, 0x0000000799bffff0, 0x0000000799c00000| 99%| O|Cm|TAMS 0x0000000799b00000| PB 0x0000000799b00000| Complete 
| 412|0x0000000799c00000, 0x0000000799c00000, 0x0000000799d00000|  0%| F|  |TAMS 0x0000000799c00000| PB 0x0000000799c00000| Untracked 
| 413|0x0000000799d00000, 0x0000000799e00000, 0x0000000799e00000|100%| O|  |TAMS 0x0000000799d00000| PB 0x0000000799d00000| Untracked 
| 414|0x0000000799e00000, 0x0000000799f00000, 0x0000000799f00000|100%| O|  |TAMS 0x0000000799e00000| PB 0x0000000799e00000| Untracked 
| 415|0x0000000799f00000, 0x000000079a000000, 0x000000079a000000|100%| O|  |TAMS 0x0000000799f00000| PB 0x0000000799f00000| Untracked 
| 416|0x000000079a000000, 0x000000079a100000, 0x000000079a100000|100%| O|  |TAMS 0x000000079a000000| PB 0x000000079a000000| Untracked 
| 417|0x000000079a100000, 0x000000079a200000, 0x000000079a200000|100%| O|  |TAMS 0x000000079a100000| PB 0x000000079a100000| Untracked 
| 418|0x000000079a200000, 0x000000079a200000, 0x000000079a300000|  0%| F|  |TAMS 0x000000079a200000| PB 0x000000079a200000| Untracked 
| 419|0x000000079a300000, 0x000000079a400000, 0x000000079a400000|100%| O|  |TAMS 0x000000079a300000| PB 0x000000079a300000| Untracked 
| 420|0x000000079a400000, 0x000000079a4fffd8, 0x000000079a500000| 99%| O|  |TAMS 0x000000079a400000| PB 0x000000079a400000| Untracked 
| 421|0x000000079a500000, 0x000000079a500000, 0x000000079a600000|  0%| F|  |TAMS 0x000000079a500000| PB 0x000000079a500000| Untracked 
| 422|0x000000079a600000, 0x000000079a600000, 0x000000079a700000|  0%| F|  |TAMS 0x000000079a600000| PB 0x000000079a600000| Untracked 
| 423|0x000000079a700000, 0x000000079a800000, 0x000000079a800000|100%| O|  |TAMS 0x000000079a700000| PB 0x000000079a700000| Untracked 
| 424|0x000000079a800000, 0x000000079a900000, 0x000000079a900000|100%| O|  |TAMS 0x000000079a800000| PB 0x000000079a800000| Untracked 
| 425|0x000000079a900000, 0x000000079a900000, 0x000000079aa00000|  0%| F|  |TAMS 0x000000079a900000| PB 0x000000079a900000| Untracked 
| 426|0x000000079aa00000, 0x000000079aa00000, 0x000000079ab00000|  0%| F|  |TAMS 0x000000079aa00000| PB 0x000000079aa00000| Untracked 
| 427|0x000000079ab00000, 0x000000079ac00000, 0x000000079ac00000|100%| O|  |TAMS 0x000000079ab00000| PB 0x000000079ab00000| Untracked 
| 428|0x000000079ac00000, 0x000000079ad00000, 0x000000079ad00000|100%| O|  |TAMS 0x000000079ac00000| PB 0x000000079ac00000| Untracked 
| 429|0x000000079ad00000, 0x000000079ae00000, 0x000000079ae00000|100%| O|  |TAMS 0x000000079ad00000| PB 0x000000079ad00000| Untracked 
| 430|0x000000079ae00000, 0x000000079af00000, 0x000000079af00000|100%| O|  |TAMS 0x000000079ae00000| PB 0x000000079ae00000| Untracked 
| 431|0x000000079af00000, 0x000000079af00000, 0x000000079b000000|  0%| F|  |TAMS 0x000000079af00000| PB 0x000000079af00000| Untracked 
| 432|0x000000079b000000, 0x000000079b000000, 0x000000079b100000|  0%| F|  |TAMS 0x000000079b000000| PB 0x000000079b000000| Untracked 
| 433|0x000000079b100000, 0x000000079b200000, 0x000000079b200000|100%| O|  |TAMS 0x000000079b100000| PB 0x000000079b100000| Untracked 
| 434|0x000000079b200000, 0x000000079b300000, 0x000000079b300000|100%| O|  |TAMS 0x000000079b200000| PB 0x000000079b200000| Untracked 
| 435|0x000000079b300000, 0x000000079b400000, 0x000000079b400000|100%| O|  |TAMS 0x000000079b300000| PB 0x000000079b300000| Untracked 
| 436|0x000000079b400000, 0x000000079b400000, 0x000000079b500000|  0%| F|  |TAMS 0x000000079b400000| PB 0x000000079b400000| Untracked 
| 437|0x000000079b500000, 0x000000079b600000, 0x000000079b600000|100%| O|  |TAMS 0x000000079b500000| PB 0x000000079b500000| Untracked 
| 438|0x000000079b600000, 0x000000079b600000, 0x000000079b700000|  0%| F|  |TAMS 0x000000079b600000| PB 0x000000079b600000| Untracked 
| 439|0x000000079b700000, 0x000000079b800000, 0x000000079b800000|100%| O|  |TAMS 0x000000079b700000| PB 0x000000079b700000| Untracked 
| 440|0x000000079b800000, 0x000000079b900000, 0x000000079b900000|100%| O|  |TAMS 0x000000079b800000| PB 0x000000079b800000| Untracked 
| 441|0x000000079b900000, 0x000000079ba00000, 0x000000079ba00000|100%| O|  |TAMS 0x000000079b900000| PB 0x000000079b900000| Untracked 
| 442|0x000000079ba00000, 0x000000079ba00000, 0x000000079bb00000|  0%| F|  |TAMS 0x000000079ba00000| PB 0x000000079ba00000| Untracked 
| 443|0x000000079bb00000, 0x000000079bc00000, 0x000000079bc00000|100%| O|  |TAMS 0x000000079bb00000| PB 0x000000079bb00000| Untracked 
| 444|0x000000079bc00000, 0x000000079bc00000, 0x000000079bd00000|  0%| F|  |TAMS 0x000000079bc00000| PB 0x000000079bc00000| Untracked 
| 445|0x000000079bd00000, 0x000000079bdffff0, 0x000000079be00000| 99%| O|  |TAMS 0x000000079bd00000| PB 0x000000079bd00000| Untracked 
| 446|0x000000079be00000, 0x000000079bf00000, 0x000000079bf00000|100%| O|  |TAMS 0x000000079be00000| PB 0x000000079be00000| Untracked 
| 447|0x000000079bf00000, 0x000000079c000000, 0x000000079c000000|100%| O|  |TAMS 0x000000079bf00000| PB 0x000000079bf00000| Untracked 
| 448|0x000000079c000000, 0x000000079c100000, 0x000000079c100000|100%| O|  |TAMS 0x000000079c000000| PB 0x000000079c000000| Untracked 
| 449|0x000000079c100000, 0x000000079c100000, 0x000000079c200000|  0%| F|  |TAMS 0x000000079c100000| PB 0x000000079c100000| Untracked 
| 450|0x000000079c200000, 0x000000079c300000, 0x000000079c300000|100%| O|  |TAMS 0x000000079c200000| PB 0x000000079c200000| Untracked 
| 451|0x000000079c300000, 0x000000079c400000, 0x000000079c400000|100%| O|  |TAMS 0x000000079c300000| PB 0x000000079c300000| Untracked 
| 452|0x000000079c400000, 0x000000079c500000, 0x000000079c500000|100%| O|  |TAMS 0x000000079c400000| PB 0x000000079c400000| Untracked 
| 453|0x000000079c500000, 0x000000079c500000, 0x000000079c600000|  0%| F|  |TAMS 0x000000079c500000| PB 0x000000079c500000| Untracked 
| 454|0x000000079c600000, 0x000000079c600000, 0x000000079c700000|  0%| F|  |TAMS 0x000000079c600000| PB 0x000000079c600000| Untracked 
| 455|0x000000079c700000, 0x000000079c79e620, 0x000000079c800000| 61%| O|  |TAMS 0x000000079c700000| PB 0x000000079c700000| Untracked 
| 456|0x000000079c800000, 0x000000079c800000, 0x000000079c900000|  0%| F|  |TAMS 0x000000079c800000| PB 0x000000079c800000| Untracked 
| 457|0x000000079c900000, 0x000000079c9fffc0, 0x000000079ca00000| 99%| O|  |TAMS 0x000000079c900000| PB 0x000000079c900000| Untracked 
| 458|0x000000079ca00000, 0x000000079cb00000, 0x000000079cb00000|100%| O|  |TAMS 0x000000079ca00000| PB 0x000000079ca00000| Untracked 
| 459|0x000000079cb00000, 0x000000079cc00000, 0x000000079cc00000|100%| O|  |TAMS 0x000000079cb00000| PB 0x000000079cb00000| Untracked 
| 460|0x000000079cc00000, 0x000000079cd00000, 0x000000079cd00000|100%| O|  |TAMS 0x000000079cc00000| PB 0x000000079cc00000| Untracked 
| 461|0x000000079cd00000, 0x000000079ce00000, 0x000000079ce00000|100%| O|  |TAMS 0x000000079cd00000| PB 0x000000079cd00000| Untracked 
| 462|0x000000079ce00000, 0x000000079cf00000, 0x000000079cf00000|100%| O|  |TAMS 0x000000079ce00000| PB 0x000000079ce00000| Untracked 
| 463|0x000000079cf00000, 0x000000079d000000, 0x000000079d000000|100%| O|  |TAMS 0x000000079cf00000| PB 0x000000079cf00000| Untracked 
| 464|0x000000079d000000, 0x000000079d100000, 0x000000079d100000|100%| O|  |TAMS 0x000000079d000000| PB 0x000000079d000000| Untracked 
| 465|0x000000079d100000, 0x000000079d100000, 0x000000079d200000|  0%| F|  |TAMS 0x000000079d100000| PB 0x000000079d100000| Untracked 
| 466|0x000000079d200000, 0x000000079d300000, 0x000000079d300000|100%| O|  |TAMS 0x000000079d200000| PB 0x000000079d200000| Untracked 
| 467|0x000000079d300000, 0x000000079d400000, 0x000000079d400000|100%| O|  |TAMS 0x000000079d300000| PB 0x000000079d300000| Untracked 
| 468|0x000000079d400000, 0x000000079d500000, 0x000000079d500000|100%| O|  |TAMS 0x000000079d400000| PB 0x000000079d400000| Untracked 
| 469|0x000000079d500000, 0x000000079d600000, 0x000000079d600000|100%| O|  |TAMS 0x000000079d500000| PB 0x000000079d500000| Untracked 
| 470|0x000000079d600000, 0x000000079d700000, 0x000000079d700000|100%| O|  |TAMS 0x000000079d600000| PB 0x000000079d600000| Untracked 
| 471|0x000000079d700000, 0x000000079d800000, 0x000000079d800000|100%| O|  |TAMS 0x000000079d700000| PB 0x000000079d700000| Untracked 
| 472|0x000000079d800000, 0x000000079d900000, 0x000000079d900000|100%| O|  |TAMS 0x000000079d800000| PB 0x000000079d800000| Untracked 
| 473|0x000000079d900000, 0x000000079da00000, 0x000000079da00000|100%| O|  |TAMS 0x000000079d900000| PB 0x000000079d900000| Untracked 
| 474|0x000000079da00000, 0x000000079db00000, 0x000000079db00000|100%| O|  |TAMS 0x000000079da00000| PB 0x000000079da00000| Untracked 
| 475|0x000000079db00000, 0x000000079dc00000, 0x000000079dc00000|100%| O|  |TAMS 0x000000079db00000| PB 0x000000079db00000| Untracked 
| 476|0x000000079dc00000, 0x000000079dd00000, 0x000000079dd00000|100%| O|  |TAMS 0x000000079dc00000| PB 0x000000079dc00000| Untracked 
| 477|0x000000079dd00000, 0x000000079de00000, 0x000000079de00000|100%| O|  |TAMS 0x000000079dd00000| PB 0x000000079dd00000| Untracked 
| 478|0x000000079de00000, 0x000000079deffff8, 0x000000079df00000| 99%| O|  |TAMS 0x000000079de00000| PB 0x000000079de00000| Untracked 
| 479|0x000000079df00000, 0x000000079e000000, 0x000000079e000000|100%| O|  |TAMS 0x000000079df00000| PB 0x000000079df00000| Untracked 
| 480|0x000000079e000000, 0x000000079e100000, 0x000000079e100000|100%| O|  |TAMS 0x000000079e000000| PB 0x000000079e000000| Untracked 
| 481|0x000000079e100000, 0x000000079e100000, 0x000000079e200000|  0%| F|  |TAMS 0x000000079e100000| PB 0x000000079e100000| Untracked 
| 482|0x000000079e200000, 0x000000079e300000, 0x000000079e300000|100%| O|  |TAMS 0x000000079e200000| PB 0x000000079e200000| Untracked 
| 483|0x000000079e300000, 0x000000079e300000, 0x000000079e400000|  0%| F|  |TAMS 0x000000079e300000| PB 0x000000079e300000| Untracked 
| 484|0x000000079e400000, 0x000000079e500000, 0x000000079e500000|100%| O|  |TAMS 0x000000079e400000| PB 0x000000079e400000| Untracked 
| 485|0x000000079e500000, 0x000000079e600000, 0x000000079e600000|100%| O|  |TAMS 0x000000079e500000| PB 0x000000079e500000| Untracked 
| 486|0x000000079e600000, 0x000000079e700000, 0x000000079e700000|100%| O|  |TAMS 0x000000079e600000| PB 0x000000079e600000| Untracked 
| 487|0x000000079e700000, 0x000000079e700000, 0x000000079e800000|  0%| F|  |TAMS 0x000000079e700000| PB 0x000000079e700000| Untracked 
| 488|0x000000079e800000, 0x000000079e900000, 0x000000079e900000|100%| O|  |TAMS 0x000000079e800000| PB 0x000000079e800000| Untracked 
| 489|0x000000079e900000, 0x000000079ea00000, 0x000000079ea00000|100%| O|  |TAMS 0x000000079e900000| PB 0x000000079e900000| Untracked 
| 490|0x000000079ea00000, 0x000000079eb00000, 0x000000079eb00000|100%| O|  |TAMS 0x000000079ea00000| PB 0x000000079ea00000| Untracked 
| 491|0x000000079eb00000, 0x000000079eb00000, 0x000000079ec00000|  0%| F|  |TAMS 0x000000079eb00000| PB 0x000000079eb00000| Untracked 
| 492|0x000000079ec00000, 0x000000079ed00000, 0x000000079ed00000|100%| O|  |TAMS 0x000000079ec00000| PB 0x000000079ec00000| Untracked 
| 493|0x000000079ed00000, 0x000000079ee00000, 0x000000079ee00000|100%| O|  |TAMS 0x000000079ed00000| PB 0x000000079ed00000| Untracked 
| 494|0x000000079ee00000, 0x000000079ef00000, 0x000000079ef00000|100%| O|  |TAMS 0x000000079ee00000| PB 0x000000079ee00000| Untracked 
| 495|0x000000079ef00000, 0x000000079f000000, 0x000000079f000000|100%| O|  |TAMS 0x000000079ef00000| PB 0x000000079ef00000| Untracked 
| 496|0x000000079f000000, 0x000000079f100000, 0x000000079f100000|100%| O|  |TAMS 0x000000079f000000| PB 0x000000079f000000| Untracked 
| 497|0x000000079f100000, 0x000000079f200000, 0x000000079f200000|100%| O|  |TAMS 0x000000079f100000| PB 0x000000079f100000| Untracked 
| 498|0x000000079f200000, 0x000000079f200000, 0x000000079f300000|  0%| F|  |TAMS 0x000000079f200000| PB 0x000000079f200000| Untracked 
| 499|0x000000079f300000, 0x000000079f400000, 0x000000079f400000|100%| O|  |TAMS 0x000000079f300000| PB 0x000000079f300000| Untracked 
| 500|0x000000079f400000, 0x000000079f500000, 0x000000079f500000|100%| O|  |TAMS 0x000000079f400000| PB 0x000000079f400000| Untracked 
| 501|0x000000079f500000, 0x000000079f600000, 0x000000079f600000|100%| O|  |TAMS 0x000000079f500000| PB 0x000000079f500000| Untracked 
| 502|0x000000079f600000, 0x000000079f700000, 0x000000079f700000|100%| O|  |TAMS 0x000000079f600000| PB 0x000000079f600000| Untracked 
| 503|0x000000079f700000, 0x000000079f800000, 0x000000079f800000|100%| O|  |TAMS 0x000000079f700000| PB 0x000000079f700000| Untracked 
| 504|0x000000079f800000, 0x000000079f900000, 0x000000079f900000|100%| O|  |TAMS 0x000000079f800000| PB 0x000000079f800000| Untracked 
| 505|0x000000079f900000, 0x000000079fa00000, 0x000000079fa00000|100%| O|  |TAMS 0x000000079f900000| PB 0x000000079f900000| Untracked 
| 506|0x000000079fa00000, 0x000000079fb00000, 0x000000079fb00000|100%| O|  |TAMS 0x000000079fa00000| PB 0x000000079fa00000| Untracked 
| 507|0x000000079fb00000, 0x000000079fc00000, 0x000000079fc00000|100%| O|  |TAMS 0x000000079fb00000| PB 0x000000079fb00000| Untracked 
| 508|0x000000079fc00000, 0x000000079fc00000, 0x000000079fd00000|  0%| F|  |TAMS 0x000000079fc00000| PB 0x000000079fc00000| Untracked 
| 509|0x000000079fd00000, 0x000000079fd00000, 0x000000079fe00000|  0%| F|  |TAMS 0x000000079fd00000| PB 0x000000079fd00000| Untracked 
| 510|0x000000079fe00000, 0x000000079ff00000, 0x000000079ff00000|100%|HS|  |TAMS 0x000000079fe00000| PB 0x000000079fe00000| Complete 
| 511|0x000000079ff00000, 0x00000007a0000000, 0x00000007a0000000|100%|HC|  |TAMS 0x000000079ff00000| PB 0x000000079ff00000| Complete 
| 512|0x00000007a0000000, 0x00000007a0100000, 0x00000007a0100000|100%|HC|  |TAMS 0x00000007a0000000| PB 0x00000007a0000000| Complete 
| 513|0x00000007a0100000, 0x00000007a0200000, 0x00000007a0200000|100%|HS|  |TAMS 0x00000007a0100000| PB 0x00000007a0100000| Complete 
| 514|0x00000007a0200000, 0x00000007a0300000, 0x00000007a0300000|100%|HC|  |TAMS 0x00000007a0200000| PB 0x00000007a0200000| Complete 
| 515|0x00000007a0300000, 0x00000007a0400000, 0x00000007a0400000|100%|HC|  |TAMS 0x00000007a0300000| PB 0x00000007a0300000| Complete 
| 516|0x00000007a0400000, 0x00000007a0500000, 0x00000007a0500000|100%|HS|  |TAMS 0x00000007a0400000| PB 0x00000007a0400000| Complete 
| 517|0x00000007a0500000, 0x00000007a0600000, 0x00000007a0600000|100%|HC|  |TAMS 0x00000007a0500000| PB 0x00000007a0500000| Complete 
| 518|0x00000007a0600000, 0x00000007a0700000, 0x00000007a0700000|100%| O|  |TAMS 0x00000007a0600000| PB 0x00000007a0600000| Untracked 
| 519|0x00000007a0700000, 0x00000007a0800000, 0x00000007a0800000|100%| O|  |TAMS 0x00000007a0700000| PB 0x00000007a0700000| Untracked 
| 520|0x00000007a0800000, 0x00000007a0900000, 0x00000007a0900000|100%| O|  |TAMS 0x00000007a0800000| PB 0x00000007a0800000| Untracked 
| 521|0x00000007a0900000, 0x00000007a0a00000, 0x00000007a0a00000|100%| O|  |TAMS 0x00000007a0900000| PB 0x00000007a0900000| Untracked 
| 522|0x00000007a0a00000, 0x00000007a0a00000, 0x00000007a0b00000|  0%| F|  |TAMS 0x00000007a0a00000| PB 0x00000007a0a00000| Untracked 
| 523|0x00000007a0b00000, 0x00000007a0c00000, 0x00000007a0c00000|100%| O|  |TAMS 0x00000007a0b00000| PB 0x00000007a0b00000| Untracked 
| 524|0x00000007a0c00000, 0x00000007a0c00000, 0x00000007a0d00000|  0%| F|  |TAMS 0x00000007a0c00000| PB 0x00000007a0c00000| Untracked 
| 525|0x00000007a0d00000, 0x00000007a0e00000, 0x00000007a0e00000|100%| O|  |TAMS 0x00000007a0d00000| PB 0x00000007a0d00000| Untracked 
| 526|0x00000007a0e00000, 0x00000007a0f00000, 0x00000007a0f00000|100%| O|Cm|TAMS 0x00000007a0e00000| PB 0x00000007a0e00000| Complete 
| 527|0x00000007a0f00000, 0x00000007a1000000, 0x00000007a1000000|100%| O|  |TAMS 0x00000007a0f00000| PB 0x00000007a0f00000| Untracked 
| 528|0x00000007a1000000, 0x00000007a1100000, 0x00000007a1100000|100%| O|  |TAMS 0x00000007a1000000| PB 0x00000007a1000000| Untracked 
| 529|0x00000007a1100000, 0x00000007a1100000, 0x00000007a1200000|  0%| F|  |TAMS 0x00000007a1100000| PB 0x00000007a1100000| Untracked 
| 530|0x00000007a1200000, 0x00000007a1300000, 0x00000007a1300000|100%| O|  |TAMS 0x00000007a1200000| PB 0x00000007a1200000| Untracked 
| 531|0x00000007a1300000, 0x00000007a1400000, 0x00000007a1400000|100%| O|  |TAMS 0x00000007a1300000| PB 0x00000007a1300000| Untracked 
| 532|0x00000007a1400000, 0x00000007a1400000, 0x00000007a1500000|  0%| F|  |TAMS 0x00000007a1400000| PB 0x00000007a1400000| Untracked 
| 533|0x00000007a1500000, 0x00000007a1600000, 0x00000007a1600000|100%| O|  |TAMS 0x00000007a1500000| PB 0x00000007a1500000| Untracked 
| 534|0x00000007a1600000, 0x00000007a1700000, 0x00000007a1700000|100%| O|Cm|TAMS 0x00000007a1600000| PB 0x00000007a1600000| Complete 
| 535|0x00000007a1700000, 0x00000007a1800000, 0x00000007a1800000|100%| O|  |TAMS 0x00000007a1700000| PB 0x00000007a1700000| Untracked 
| 536|0x00000007a1800000, 0x00000007a1900000, 0x00000007a1900000|100%| O|  |TAMS 0x00000007a1800000| PB 0x00000007a1800000| Untracked 
| 537|0x00000007a1900000, 0x00000007a1900000, 0x00000007a1a00000|  0%| F|  |TAMS 0x00000007a1900000| PB 0x00000007a1900000| Untracked 
| 538|0x00000007a1a00000, 0x00000007a1b00000, 0x00000007a1b00000|100%| O|  |TAMS 0x00000007a1a00000| PB 0x00000007a1a00000| Untracked 
| 539|0x00000007a1b00000, 0x00000007a1c00000, 0x00000007a1c00000|100%| O|  |TAMS 0x00000007a1b00000| PB 0x00000007a1b00000| Untracked 
| 540|0x00000007a1c00000, 0x00000007a1d00000, 0x00000007a1d00000|100%| O|Cm|TAMS 0x00000007a1c00000| PB 0x00000007a1c00000| Complete 
| 541|0x00000007a1d00000, 0x00000007a1d00000, 0x00000007a1e00000|  0%| F|  |TAMS 0x00000007a1d00000| PB 0x00000007a1d00000| Untracked 
| 542|0x00000007a1e00000, 0x00000007a1e00000, 0x00000007a1f00000|  0%| F|  |TAMS 0x00000007a1e00000| PB 0x00000007a1e00000| Untracked 
| 543|0x00000007a1f00000, 0x00000007a1f00000, 0x00000007a2000000|  0%| F|  |TAMS 0x00000007a1f00000| PB 0x00000007a1f00000| Untracked 
| 544|0x00000007a2000000, 0x00000007a2000000, 0x00000007a2100000|  0%| F|  |TAMS 0x00000007a2000000| PB 0x00000007a2000000| Untracked 
| 545|0x00000007a2100000, 0x00000007a2200000, 0x00000007a2200000|100%| O|  |TAMS 0x00000007a2100000| PB 0x00000007a2100000| Untracked 
| 546|0x00000007a2200000, 0x00000007a2300000, 0x00000007a2300000|100%| O|  |TAMS 0x00000007a2200000| PB 0x00000007a2200000| Untracked 
| 547|0x00000007a2300000, 0x00000007a2400000, 0x00000007a2400000|100%| O|  |TAMS 0x00000007a2300000| PB 0x00000007a2300000| Untracked 
| 548|0x00000007a2400000, 0x00000007a2500000, 0x00000007a2500000|100%| O|  |TAMS 0x00000007a2400000| PB 0x00000007a2400000| Untracked 
| 549|0x00000007a2500000, 0x00000007a2600000, 0x00000007a2600000|100%| O|  |TAMS 0x00000007a2500000| PB 0x00000007a2500000| Untracked 
| 550|0x00000007a2600000, 0x00000007a2700000, 0x00000007a2700000|100%| O|  |TAMS 0x00000007a2600000| PB 0x00000007a2600000| Untracked 
| 551|0x00000007a2700000, 0x00000007a2800000, 0x00000007a2800000|100%| O|  |TAMS 0x00000007a2700000| PB 0x00000007a2700000| Untracked 
| 552|0x00000007a2800000, 0x00000007a2900000, 0x00000007a2900000|100%| O|  |TAMS 0x00000007a2800000| PB 0x00000007a2800000| Untracked 
| 553|0x00000007a2900000, 0x00000007a2a00000, 0x00000007a2a00000|100%| O|  |TAMS 0x00000007a2900000| PB 0x00000007a2900000| Untracked 
| 554|0x00000007a2a00000, 0x00000007a2b00000, 0x00000007a2b00000|100%| O|  |TAMS 0x00000007a2a00000| PB 0x00000007a2a00000| Untracked 
| 555|0x00000007a2b00000, 0x00000007a2c00000, 0x00000007a2c00000|100%| O|  |TAMS 0x00000007a2b00000| PB 0x00000007a2b00000| Untracked 
| 556|0x00000007a2c00000, 0x00000007a2d00000, 0x00000007a2d00000|100%| O|  |TAMS 0x00000007a2c00000| PB 0x00000007a2c00000| Untracked 
| 557|0x00000007a2d00000, 0x00000007a2e00000, 0x00000007a2e00000|100%| O|  |TAMS 0x00000007a2d00000| PB 0x00000007a2d00000| Untracked 
| 558|0x00000007a2e00000, 0x00000007a2f00000, 0x00000007a2f00000|100%| O|  |TAMS 0x00000007a2e00000| PB 0x00000007a2e00000| Untracked 
| 559|0x00000007a2f00000, 0x00000007a3000000, 0x00000007a3000000|100%| O|  |TAMS 0x00000007a2f00000| PB 0x00000007a2f00000| Untracked 
| 560|0x00000007a3000000, 0x00000007a3100000, 0x00000007a3100000|100%| O|  |TAMS 0x00000007a3000000| PB 0x00000007a3000000| Untracked 
| 561|0x00000007a3100000, 0x00000007a3200000, 0x00000007a3200000|100%| O|  |TAMS 0x00000007a3100000| PB 0x00000007a3100000| Untracked 
| 562|0x00000007a3200000, 0x00000007a3300000, 0x00000007a3300000|100%| O|  |TAMS 0x00000007a3200000| PB 0x00000007a3200000| Untracked 
| 563|0x00000007a3300000, 0x00000007a3400000, 0x00000007a3400000|100%| O|  |TAMS 0x00000007a3300000| PB 0x00000007a3300000| Untracked 
| 564|0x00000007a3400000, 0x00000007a3500000, 0x00000007a3500000|100%| O|  |TAMS 0x00000007a3400000| PB 0x00000007a3400000| Untracked 
| 565|0x00000007a3500000, 0x00000007a3500000, 0x00000007a3600000|  0%| F|  |TAMS 0x00000007a3500000| PB 0x00000007a3500000| Untracked 
| 566|0x00000007a3600000, 0x00000007a3600000, 0x00000007a3700000|  0%| F|  |TAMS 0x00000007a3600000| PB 0x00000007a3600000| Untracked 
| 567|0x00000007a3700000, 0x00000007a3700000, 0x00000007a3800000|  0%| F|  |TAMS 0x00000007a3700000| PB 0x00000007a3700000| Untracked 
| 568|0x00000007a3800000, 0x00000007a3800000, 0x00000007a3900000|  0%| F|  |TAMS 0x00000007a3800000| PB 0x00000007a3800000| Untracked 
| 569|0x00000007a3900000, 0x00000007a3900000, 0x00000007a3a00000|  0%| F|  |TAMS 0x00000007a3900000| PB 0x00000007a3900000| Untracked 
| 570|0x00000007a3a00000, 0x00000007a3a00000, 0x00000007a3b00000|  0%| F|  |TAMS 0x00000007a3a00000| PB 0x00000007a3a00000| Untracked 
| 571|0x00000007a3b00000, 0x00000007a3b00000, 0x00000007a3c00000|  0%| F|  |TAMS 0x00000007a3b00000| PB 0x00000007a3b00000| Untracked 
| 572|0x00000007a3c00000, 0x00000007a3c00000, 0x00000007a3d00000|  0%| F|  |TAMS 0x00000007a3c00000| PB 0x00000007a3c00000| Untracked 
| 573|0x00000007a3d00000, 0x00000007a3d00000, 0x00000007a3e00000|  0%| F|  |TAMS 0x00000007a3d00000| PB 0x00000007a3d00000| Untracked 
| 574|0x00000007a3e00000, 0x00000007a3e00000, 0x00000007a3f00000|  0%| F|  |TAMS 0x00000007a3e00000| PB 0x00000007a3e00000| Untracked 
| 575|0x00000007a3f00000, 0x00000007a3f00000, 0x00000007a4000000|  0%| F|  |TAMS 0x00000007a3f00000| PB 0x00000007a3f00000| Untracked 
| 576|0x00000007a4000000, 0x00000007a4000000, 0x00000007a4100000|  0%| F|  |TAMS 0x00000007a4000000| PB 0x00000007a4000000| Untracked 
| 577|0x00000007a4100000, 0x00000007a4100000, 0x00000007a4200000|  0%| F|  |TAMS 0x00000007a4100000| PB 0x00000007a4100000| Untracked 
| 578|0x00000007a4200000, 0x00000007a4200000, 0x00000007a4300000|  0%| F|  |TAMS 0x00000007a4200000| PB 0x00000007a4200000| Untracked 
| 579|0x00000007a4300000, 0x00000007a4300000, 0x00000007a4400000|  0%| F|  |TAMS 0x00000007a4300000| PB 0x00000007a4300000| Untracked 
| 580|0x00000007a4400000, 0x00000007a4400000, 0x00000007a4500000|  0%| F|  |TAMS 0x00000007a4400000| PB 0x00000007a4400000| Untracked 
| 581|0x00000007a4500000, 0x00000007a4500000, 0x00000007a4600000|  0%| F|  |TAMS 0x00000007a4500000| PB 0x00000007a4500000| Untracked 
| 582|0x00000007a4600000, 0x00000007a4600000, 0x00000007a4700000|  0%| F|  |TAMS 0x00000007a4600000| PB 0x00000007a4600000| Untracked 
| 583|0x00000007a4700000, 0x00000007a4700000, 0x00000007a4800000|  0%| F|  |TAMS 0x00000007a4700000| PB 0x00000007a4700000| Untracked 
| 584|0x00000007a4800000, 0x00000007a4800000, 0x00000007a4900000|  0%| F|  |TAMS 0x00000007a4800000| PB 0x00000007a4800000| Untracked 
| 585|0x00000007a4900000, 0x00000007a4900000, 0x00000007a4a00000|  0%| F|  |TAMS 0x00000007a4900000| PB 0x00000007a4900000| Untracked 
| 586|0x00000007a4a00000, 0x00000007a4a00000, 0x00000007a4b00000|  0%| F|  |TAMS 0x00000007a4a00000| PB 0x00000007a4a00000| Untracked 
| 587|0x00000007a4b00000, 0x00000007a4b00000, 0x00000007a4c00000|  0%| F|  |TAMS 0x00000007a4b00000| PB 0x00000007a4b00000| Untracked 
| 588|0x00000007a4c00000, 0x00000007a4c00000, 0x00000007a4d00000|  0%| F|  |TAMS 0x00000007a4c00000| PB 0x00000007a4c00000| Untracked 
| 589|0x00000007a4d00000, 0x00000007a4d00000, 0x00000007a4e00000|  0%| F|  |TAMS 0x00000007a4d00000| PB 0x00000007a4d00000| Untracked 
| 590|0x00000007a4e00000, 0x00000007a4e00000, 0x00000007a4f00000|  0%| F|  |TAMS 0x00000007a4e00000| PB 0x00000007a4e00000| Untracked 
| 591|0x00000007a4f00000, 0x00000007a4f00000, 0x00000007a5000000|  0%| F|  |TAMS 0x00000007a4f00000| PB 0x00000007a4f00000| Untracked 
| 592|0x00000007a5000000, 0x00000007a5000000, 0x00000007a5100000|  0%| F|  |TAMS 0x00000007a5000000| PB 0x00000007a5000000| Untracked 
| 593|0x00000007a5100000, 0x00000007a5100000, 0x00000007a5200000|  0%| F|  |TAMS 0x00000007a5100000| PB 0x00000007a5100000| Untracked 
| 594|0x00000007a5200000, 0x00000007a5200000, 0x00000007a5300000|  0%| F|  |TAMS 0x00000007a5200000| PB 0x00000007a5200000| Untracked 
| 595|0x00000007a5300000, 0x00000007a5300000, 0x00000007a5400000|  0%| F|  |TAMS 0x00000007a5300000| PB 0x00000007a5300000| Untracked 
| 596|0x00000007a5400000, 0x00000007a5400000, 0x00000007a5500000|  0%| F|  |TAMS 0x00000007a5400000| PB 0x00000007a5400000| Untracked 
| 597|0x00000007a5500000, 0x00000007a5500000, 0x00000007a5600000|  0%| F|  |TAMS 0x00000007a5500000| PB 0x00000007a5500000| Untracked 
| 598|0x00000007a5600000, 0x00000007a5600000, 0x00000007a5700000|  0%| F|  |TAMS 0x00000007a5600000| PB 0x00000007a5600000| Untracked 
| 599|0x00000007a5700000, 0x00000007a5700000, 0x00000007a5800000|  0%| F|  |TAMS 0x00000007a5700000| PB 0x00000007a5700000| Untracked 
| 600|0x00000007a5800000, 0x00000007a5800000, 0x00000007a5900000|  0%| F|  |TAMS 0x00000007a5800000| PB 0x00000007a5800000| Untracked 
| 601|0x00000007a5900000, 0x00000007a5900000, 0x00000007a5a00000|  0%| F|  |TAMS 0x00000007a5900000| PB 0x00000007a5900000| Untracked 
| 602|0x00000007a5a00000, 0x00000007a5a00000, 0x00000007a5b00000|  0%| F|  |TAMS 0x00000007a5a00000| PB 0x00000007a5a00000| Untracked 
| 603|0x00000007a5b00000, 0x00000007a5b00000, 0x00000007a5c00000|  0%| F|  |TAMS 0x00000007a5b00000| PB 0x00000007a5b00000| Untracked 
| 604|0x00000007a5c00000, 0x00000007a5c00000, 0x00000007a5d00000|  0%| F|  |TAMS 0x00000007a5c00000| PB 0x00000007a5c00000| Untracked 
| 605|0x00000007a5d00000, 0x00000007a5d00000, 0x00000007a5e00000|  0%| F|  |TAMS 0x00000007a5d00000| PB 0x00000007a5d00000| Untracked 
| 606|0x00000007a5e00000, 0x00000007a5e00000, 0x00000007a5f00000|  0%| F|  |TAMS 0x00000007a5e00000| PB 0x00000007a5e00000| Untracked 
| 607|0x00000007a5f00000, 0x00000007a5f00000, 0x00000007a6000000|  0%| F|  |TAMS 0x00000007a5f00000| PB 0x00000007a5f00000| Untracked 
| 608|0x00000007a6000000, 0x00000007a6000000, 0x00000007a6100000|  0%| F|  |TAMS 0x00000007a6000000| PB 0x00000007a6000000| Untracked 
| 609|0x00000007a6100000, 0x00000007a6100000, 0x00000007a6200000|  0%| F|  |TAMS 0x00000007a6100000| PB 0x00000007a6100000| Untracked 
| 610|0x00000007a6200000, 0x00000007a6200000, 0x00000007a6300000|  0%| F|  |TAMS 0x00000007a6200000| PB 0x00000007a6200000| Untracked 
| 611|0x00000007a6300000, 0x00000007a6300000, 0x00000007a6400000|  0%| F|  |TAMS 0x00000007a6300000| PB 0x00000007a6300000| Untracked 
| 612|0x00000007a6400000, 0x00000007a6400000, 0x00000007a6500000|  0%| F|  |TAMS 0x00000007a6400000| PB 0x00000007a6400000| Untracked 
| 613|0x00000007a6500000, 0x00000007a6500000, 0x00000007a6600000|  0%| F|  |TAMS 0x00000007a6500000| PB 0x00000007a6500000| Untracked 
| 614|0x00000007a6600000, 0x00000007a6600000, 0x00000007a6700000|  0%| F|  |TAMS 0x00000007a6600000| PB 0x00000007a6600000| Untracked 
| 615|0x00000007a6700000, 0x00000007a6700000, 0x00000007a6800000|  0%| F|  |TAMS 0x00000007a6700000| PB 0x00000007a6700000| Untracked 
| 616|0x00000007a6800000, 0x00000007a6800000, 0x00000007a6900000|  0%| F|  |TAMS 0x00000007a6800000| PB 0x00000007a6800000| Untracked 
| 617|0x00000007a6900000, 0x00000007a6900000, 0x00000007a6a00000|  0%| F|  |TAMS 0x00000007a6900000| PB 0x00000007a6900000| Untracked 
| 618|0x00000007a6a00000, 0x00000007a6a00000, 0x00000007a6b00000|  0%| F|  |TAMS 0x00000007a6a00000| PB 0x00000007a6a00000| Untracked 
| 619|0x00000007a6b00000, 0x00000007a6b00000, 0x00000007a6c00000|  0%| F|  |TAMS 0x00000007a6b00000| PB 0x00000007a6b00000| Untracked 
| 620|0x00000007a6c00000, 0x00000007a6c00000, 0x00000007a6d00000|  0%| F|  |TAMS 0x00000007a6c00000| PB 0x00000007a6c00000| Untracked 
| 621|0x00000007a6d00000, 0x00000007a6d00000, 0x00000007a6e00000|  0%| F|  |TAMS 0x00000007a6d00000| PB 0x00000007a6d00000| Untracked 
| 622|0x00000007a6e00000, 0x00000007a6e00000, 0x00000007a6f00000|  0%| F|  |TAMS 0x00000007a6e00000| PB 0x00000007a6e00000| Untracked 
| 623|0x00000007a6f00000, 0x00000007a6f00000, 0x00000007a7000000|  0%| F|  |TAMS 0x00000007a6f00000| PB 0x00000007a6f00000| Untracked 
| 624|0x00000007a7000000, 0x00000007a7000000, 0x00000007a7100000|  0%| F|  |TAMS 0x00000007a7000000| PB 0x00000007a7000000| Untracked 
| 625|0x00000007a7100000, 0x00000007a7100000, 0x00000007a7200000|  0%| F|  |TAMS 0x00000007a7100000| PB 0x00000007a7100000| Untracked 
| 626|0x00000007a7200000, 0x00000007a7200000, 0x00000007a7300000|  0%| F|  |TAMS 0x00000007a7200000| PB 0x00000007a7200000| Untracked 
| 627|0x00000007a7300000, 0x00000007a7300000, 0x00000007a7400000|  0%| F|  |TAMS 0x00000007a7300000| PB 0x00000007a7300000| Untracked 
| 628|0x00000007a7400000, 0x00000007a7400000, 0x00000007a7500000|  0%| F|  |TAMS 0x00000007a7400000| PB 0x00000007a7400000| Untracked 
| 629|0x00000007a7500000, 0x00000007a7500000, 0x00000007a7600000|  0%| F|  |TAMS 0x00000007a7500000| PB 0x00000007a7500000| Untracked 
| 630|0x00000007a7600000, 0x00000007a7600000, 0x00000007a7700000|  0%| F|  |TAMS 0x00000007a7600000| PB 0x00000007a7600000| Untracked 
| 631|0x00000007a7700000, 0x00000007a7700000, 0x00000007a7800000|  0%| F|  |TAMS 0x00000007a7700000| PB 0x00000007a7700000| Untracked 
| 632|0x00000007a7800000, 0x00000007a7800000, 0x00000007a7900000|  0%| F|  |TAMS 0x00000007a7800000| PB 0x00000007a7800000| Untracked 
| 633|0x00000007a7900000, 0x00000007a7900000, 0x00000007a7a00000|  0%| F|  |TAMS 0x00000007a7900000| PB 0x00000007a7900000| Untracked 
| 634|0x00000007a7a00000, 0x00000007a7a00000, 0x00000007a7b00000|  0%| F|  |TAMS 0x00000007a7a00000| PB 0x00000007a7a00000| Untracked 
| 635|0x00000007a7b00000, 0x00000007a7b00000, 0x00000007a7c00000|  0%| F|  |TAMS 0x00000007a7b00000| PB 0x00000007a7b00000| Untracked 
| 636|0x00000007a7c00000, 0x00000007a7c00000, 0x00000007a7d00000|  0%| F|  |TAMS 0x00000007a7c00000| PB 0x00000007a7c00000| Untracked 
| 637|0x00000007a7d00000, 0x00000007a7d00000, 0x00000007a7e00000|  0%| F|  |TAMS 0x00000007a7d00000| PB 0x00000007a7d00000| Untracked 
| 638|0x00000007a7e00000, 0x00000007a7e00000, 0x00000007a7f00000|  0%| F|  |TAMS 0x00000007a7e00000| PB 0x00000007a7e00000| Untracked 
| 639|0x00000007a7f00000, 0x00000007a7f00000, 0x00000007a8000000|  0%| F|  |TAMS 0x00000007a7f00000| PB 0x00000007a7f00000| Untracked 
| 640|0x00000007a8000000, 0x00000007a8000000, 0x00000007a8100000|  0%| F|  |TAMS 0x00000007a8000000| PB 0x00000007a8000000| Untracked 
| 641|0x00000007a8100000, 0x00000007a8100000, 0x00000007a8200000|  0%| F|  |TAMS 0x00000007a8100000| PB 0x00000007a8100000| Untracked 
| 642|0x00000007a8200000, 0x00000007a8200000, 0x00000007a8300000|  0%| F|  |TAMS 0x00000007a8200000| PB 0x00000007a8200000| Untracked 
| 643|0x00000007a8300000, 0x00000007a8300000, 0x00000007a8400000|  0%| F|  |TAMS 0x00000007a8300000| PB 0x00000007a8300000| Untracked 
| 644|0x00000007a8400000, 0x00000007a8400000, 0x00000007a8500000|  0%| F|  |TAMS 0x00000007a8400000| PB 0x00000007a8400000| Untracked 
| 645|0x00000007a8500000, 0x00000007a8500000, 0x00000007a8600000|  0%| F|  |TAMS 0x00000007a8500000| PB 0x00000007a8500000| Untracked 
| 646|0x00000007a8600000, 0x00000007a8600000, 0x00000007a8700000|  0%| F|  |TAMS 0x00000007a8600000| PB 0x00000007a8600000| Untracked 
| 647|0x00000007a8700000, 0x00000007a8700000, 0x00000007a8800000|  0%| F|  |TAMS 0x00000007a8700000| PB 0x00000007a8700000| Untracked 
| 648|0x00000007a8800000, 0x00000007a8800000, 0x00000007a8900000|  0%| F|  |TAMS 0x00000007a8800000| PB 0x00000007a8800000| Untracked 
| 649|0x00000007a8900000, 0x00000007a8900000, 0x00000007a8a00000|  0%| F|  |TAMS 0x00000007a8900000| PB 0x00000007a8900000| Untracked 
| 650|0x00000007a8a00000, 0x00000007a8a00000, 0x00000007a8b00000|  0%| F|  |TAMS 0x00000007a8a00000| PB 0x00000007a8a00000| Untracked 
| 651|0x00000007a8b00000, 0x00000007a8b00000, 0x00000007a8c00000|  0%| F|  |TAMS 0x00000007a8b00000| PB 0x00000007a8b00000| Untracked 
| 652|0x00000007a8c00000, 0x00000007a8c00000, 0x00000007a8d00000|  0%| F|  |TAMS 0x00000007a8c00000| PB 0x00000007a8c00000| Untracked 
| 653|0x00000007a8d00000, 0x00000007a8d00000, 0x00000007a8e00000|  0%| F|  |TAMS 0x00000007a8d00000| PB 0x00000007a8d00000| Untracked 
| 654|0x00000007a8e00000, 0x00000007a8e00000, 0x00000007a8f00000|  0%| F|  |TAMS 0x00000007a8e00000| PB 0x00000007a8e00000| Untracked 
| 655|0x00000007a8f00000, 0x00000007a8f00000, 0x00000007a9000000|  0%| F|  |TAMS 0x00000007a8f00000| PB 0x00000007a8f00000| Untracked 
| 656|0x00000007a9000000, 0x00000007a9000000, 0x00000007a9100000|  0%| F|  |TAMS 0x00000007a9000000| PB 0x00000007a9000000| Untracked 
| 657|0x00000007a9100000, 0x00000007a9100000, 0x00000007a9200000|  0%| F|  |TAMS 0x00000007a9100000| PB 0x00000007a9100000| Untracked 
| 658|0x00000007a9200000, 0x00000007a9200000, 0x00000007a9300000|  0%| F|  |TAMS 0x00000007a9200000| PB 0x00000007a9200000| Untracked 
| 659|0x00000007a9300000, 0x00000007a9300000, 0x00000007a9400000|  0%| F|  |TAMS 0x00000007a9300000| PB 0x00000007a9300000| Untracked 
| 660|0x00000007a9400000, 0x00000007a9400000, 0x00000007a9500000|  0%| F|  |TAMS 0x00000007a9400000| PB 0x00000007a9400000| Untracked 
| 661|0x00000007a9500000, 0x00000007a9500000, 0x00000007a9600000|  0%| F|  |TAMS 0x00000007a9500000| PB 0x00000007a9500000| Untracked 
| 662|0x00000007a9600000, 0x00000007a9600000, 0x00000007a9700000|  0%| F|  |TAMS 0x00000007a9600000| PB 0x00000007a9600000| Untracked 
| 663|0x00000007a9700000, 0x00000007a9700000, 0x00000007a9800000|  0%| F|  |TAMS 0x00000007a9700000| PB 0x00000007a9700000| Untracked 
| 664|0x00000007a9800000, 0x00000007a9800000, 0x00000007a9900000|  0%| F|  |TAMS 0x00000007a9800000| PB 0x00000007a9800000| Untracked 
| 665|0x00000007a9900000, 0x00000007a9900000, 0x00000007a9a00000|  0%| F|  |TAMS 0x00000007a9900000| PB 0x00000007a9900000| Untracked 
| 666|0x00000007a9a00000, 0x00000007a9a00000, 0x00000007a9b00000|  0%| F|  |TAMS 0x00000007a9a00000| PB 0x00000007a9a00000| Untracked 
| 667|0x00000007a9b00000, 0x00000007a9b00000, 0x00000007a9c00000|  0%| F|  |TAMS 0x00000007a9b00000| PB 0x00000007a9b00000| Untracked 
| 668|0x00000007a9c00000, 0x00000007a9c00000, 0x00000007a9d00000|  0%| F|  |TAMS 0x00000007a9c00000| PB 0x00000007a9c00000| Untracked 
| 669|0x00000007a9d00000, 0x00000007a9d00000, 0x00000007a9e00000|  0%| F|  |TAMS 0x00000007a9d00000| PB 0x00000007a9d00000| Untracked 
| 670|0x00000007a9e00000, 0x00000007a9e00000, 0x00000007a9f00000|  0%| F|  |TAMS 0x00000007a9e00000| PB 0x00000007a9e00000| Untracked 
| 671|0x00000007a9f00000, 0x00000007aa000000, 0x00000007aa000000|100%| O|  |TAMS 0x00000007a9f00000| PB 0x00000007a9f00000| Untracked 
| 672|0x00000007aa000000, 0x00000007aa100000, 0x00000007aa100000|100%| O|  |TAMS 0x00000007aa000000| PB 0x00000007aa000000| Untracked 
| 673|0x00000007aa100000, 0x00000007aa200000, 0x00000007aa200000|100%| O|  |TAMS 0x00000007aa100000| PB 0x00000007aa100000| Untracked 
| 674|0x00000007aa200000, 0x00000007aa300000, 0x00000007aa300000|100%| O|  |TAMS 0x00000007aa200000| PB 0x00000007aa200000| Untracked 
| 675|0x00000007aa300000, 0x00000007aa400000, 0x00000007aa400000|100%| O|  |TAMS 0x00000007aa300000| PB 0x00000007aa300000| Untracked 
| 676|0x00000007aa400000, 0x00000007aa500000, 0x00000007aa500000|100%| O|  |TAMS 0x00000007aa400000| PB 0x00000007aa400000| Untracked 
| 677|0x00000007aa500000, 0x00000007aa600000, 0x00000007aa600000|100%| O|  |TAMS 0x00000007aa500000| PB 0x00000007aa500000| Untracked 
| 678|0x00000007aa600000, 0x00000007aa700000, 0x00000007aa700000|100%| O|  |TAMS 0x00000007aa600000| PB 0x00000007aa600000| Untracked 
| 679|0x00000007aa700000, 0x00000007aa800000, 0x00000007aa800000|100%| O|  |TAMS 0x00000007aa700000| PB 0x00000007aa700000| Untracked 
| 680|0x00000007aa800000, 0x00000007aa900000, 0x00000007aa900000|100%| O|  |TAMS 0x00000007aa800000| PB 0x00000007aa800000| Untracked 
| 681|0x00000007aa900000, 0x00000007aaa00000, 0x00000007aaa00000|100%| O|  |TAMS 0x00000007aa900000| PB 0x00000007aa900000| Untracked 
| 682|0x00000007aaa00000, 0x00000007aab00000, 0x00000007aab00000|100%| O|  |TAMS 0x00000007aaa00000| PB 0x00000007aaa00000| Untracked 
| 683|0x00000007aab00000, 0x00000007aac00000, 0x00000007aac00000|100%| O|  |TAMS 0x00000007aab00000| PB 0x00000007aab00000| Untracked 
| 684|0x00000007aac00000, 0x00000007aad00000, 0x00000007aad00000|100%| O|  |TAMS 0x00000007aac00000| PB 0x00000007aac00000| Untracked 
| 685|0x00000007aad00000, 0x00000007aae00000, 0x00000007aae00000|100%| O|  |TAMS 0x00000007aad00000| PB 0x00000007aad00000| Untracked 
| 686|0x00000007aae00000, 0x00000007aaf00000, 0x00000007aaf00000|100%| O|  |TAMS 0x00000007aae00000| PB 0x00000007aae00000| Untracked 
| 687|0x00000007aaf00000, 0x00000007ab000000, 0x00000007ab000000|100%| O|  |TAMS 0x00000007aaf00000| PB 0x00000007aaf00000| Untracked 
| 688|0x00000007ab000000, 0x00000007ab100000, 0x00000007ab100000|100%| O|  |TAMS 0x00000007ab000000| PB 0x00000007ab000000| Untracked 
| 689|0x00000007ab100000, 0x00000007ab200000, 0x00000007ab200000|100%| O|  |TAMS 0x00000007ab100000| PB 0x00000007ab100000| Untracked 
| 690|0x00000007ab200000, 0x00000007ab300000, 0x00000007ab300000|100%| O|  |TAMS 0x00000007ab200000| PB 0x00000007ab200000| Untracked 
| 691|0x00000007ab300000, 0x00000007ab400000, 0x00000007ab400000|100%| O|  |TAMS 0x00000007ab300000| PB 0x00000007ab300000| Untracked 
| 692|0x00000007ab400000, 0x00000007ab500000, 0x00000007ab500000|100%| O|  |TAMS 0x00000007ab400000| PB 0x00000007ab400000| Untracked 
| 693|0x00000007ab500000, 0x00000007ab600000, 0x00000007ab600000|100%| O|  |TAMS 0x00000007ab500000| PB 0x00000007ab500000| Untracked 
| 694|0x00000007ab600000, 0x00000007ab700000, 0x00000007ab700000|100%| O|  |TAMS 0x00000007ab600000| PB 0x00000007ab600000| Untracked 
| 695|0x00000007ab700000, 0x00000007ab800000, 0x00000007ab800000|100%| O|  |TAMS 0x00000007ab700000| PB 0x00000007ab700000| Untracked 
| 696|0x00000007ab800000, 0x00000007ab900000, 0x00000007ab900000|100%| O|  |TAMS 0x00000007ab800000| PB 0x00000007ab800000| Untracked 
| 697|0x00000007ab900000, 0x00000007aba00000, 0x00000007aba00000|100%| O|  |TAMS 0x00000007ab900000| PB 0x00000007ab900000| Untracked 
| 698|0x00000007aba00000, 0x00000007abb00000, 0x00000007abb00000|100%| O|  |TAMS 0x00000007aba00000| PB 0x00000007aba00000| Untracked 
| 699|0x00000007abb00000, 0x00000007abc00000, 0x00000007abc00000|100%| O|  |TAMS 0x00000007abb00000| PB 0x00000007abb00000| Untracked 
| 700|0x00000007abc00000, 0x00000007abd00000, 0x00000007abd00000|100%| O|  |TAMS 0x00000007abc00000| PB 0x00000007abc00000| Untracked 
| 701|0x00000007abd00000, 0x00000007abe00000, 0x00000007abe00000|100%| O|  |TAMS 0x00000007abd00000| PB 0x00000007abd00000| Untracked 
| 702|0x00000007abe00000, 0x00000007abf00000, 0x00000007abf00000|100%| O|  |TAMS 0x00000007abe00000| PB 0x00000007abe00000| Untracked 
| 703|0x00000007abf00000, 0x00000007ac000000, 0x00000007ac000000|100%| O|  |TAMS 0x00000007abf00000| PB 0x00000007abf00000| Untracked 
| 704|0x00000007ac000000, 0x00000007ac100000, 0x00000007ac100000|100%| O|  |TAMS 0x00000007ac000000| PB 0x00000007ac000000| Untracked 
| 705|0x00000007ac100000, 0x00000007ac200000, 0x00000007ac200000|100%| O|  |TAMS 0x00000007ac100000| PB 0x00000007ac100000| Untracked 
| 706|0x00000007ac200000, 0x00000007ac300000, 0x00000007ac300000|100%| O|  |TAMS 0x00000007ac200000| PB 0x00000007ac200000| Untracked 
| 707|0x00000007ac300000, 0x00000007ac400000, 0x00000007ac400000|100%| O|  |TAMS 0x00000007ac300000| PB 0x00000007ac300000| Untracked 
| 708|0x00000007ac400000, 0x00000007ac500000, 0x00000007ac500000|100%| O|  |TAMS 0x00000007ac400000| PB 0x00000007ac400000| Untracked 
| 709|0x00000007ac500000, 0x00000007ac600000, 0x00000007ac600000|100%| O|  |TAMS 0x00000007ac500000| PB 0x00000007ac500000| Untracked 
| 710|0x00000007ac600000, 0x00000007ac700000, 0x00000007ac700000|100%| O|  |TAMS 0x00000007ac600000| PB 0x00000007ac600000| Untracked 
| 711|0x00000007ac700000, 0x00000007ac800000, 0x00000007ac800000|100%| O|  |TAMS 0x00000007ac700000| PB 0x00000007ac700000| Untracked 
| 712|0x00000007ac800000, 0x00000007ac900000, 0x00000007ac900000|100%| O|  |TAMS 0x00000007ac800000| PB 0x00000007ac800000| Untracked 
| 713|0x00000007ac900000, 0x00000007aca00000, 0x00000007aca00000|100%| O|  |TAMS 0x00000007ac900000| PB 0x00000007ac900000| Untracked 
| 714|0x00000007aca00000, 0x00000007acb00000, 0x00000007acb00000|100%| O|Cm|TAMS 0x00000007aca00000| PB 0x00000007aca00000| Complete 
| 715|0x00000007acb00000, 0x00000007acc00000, 0x00000007acc00000|100%| O|  |TAMS 0x00000007acb00000| PB 0x00000007acb00000| Untracked 
| 716|0x00000007acc00000, 0x00000007acd00000, 0x00000007acd00000|100%| O|  |TAMS 0x00000007acc00000| PB 0x00000007acc00000| Untracked 
| 717|0x00000007acd00000, 0x00000007ace00000, 0x00000007ace00000|100%| O|  |TAMS 0x00000007acd00000| PB 0x00000007acd00000| Untracked 
| 718|0x00000007ace00000, 0x00000007acf00000, 0x00000007acf00000|100%| O|  |TAMS 0x00000007ace00000| PB 0x00000007ace00000| Untracked 
| 719|0x00000007acf00000, 0x00000007acf00000, 0x00000007ad000000|  0%| F|  |TAMS 0x00000007acf00000| PB 0x00000007acf00000| Untracked 
| 720|0x00000007ad000000, 0x00000007ad000000, 0x00000007ad100000|  0%| F|  |TAMS 0x00000007ad000000| PB 0x00000007ad000000| Untracked 
| 721|0x00000007ad100000, 0x00000007ad100000, 0x00000007ad200000|  0%| F|  |TAMS 0x00000007ad100000| PB 0x00000007ad100000| Untracked 
| 722|0x00000007ad200000, 0x00000007ad200000, 0x00000007ad300000|  0%| F|  |TAMS 0x00000007ad200000| PB 0x00000007ad200000| Untracked 
| 723|0x00000007ad300000, 0x00000007ad300000, 0x00000007ad400000|  0%| F|  |TAMS 0x00000007ad300000| PB 0x00000007ad300000| Untracked 
| 724|0x00000007ad400000, 0x00000007ad400000, 0x00000007ad500000|  0%| F|  |TAMS 0x00000007ad400000| PB 0x00000007ad400000| Untracked 
| 725|0x00000007ad500000, 0x00000007ad500000, 0x00000007ad600000|  0%| F|  |TAMS 0x00000007ad500000| PB 0x00000007ad500000| Untracked 
| 726|0x00000007ad600000, 0x00000007ad600000, 0x00000007ad700000|  0%| F|  |TAMS 0x00000007ad600000| PB 0x00000007ad600000| Untracked 
| 727|0x00000007ad700000, 0x00000007ad700000, 0x00000007ad800000|  0%| F|  |TAMS 0x00000007ad700000| PB 0x00000007ad700000| Untracked 
| 728|0x00000007ad800000, 0x00000007ad800000, 0x00000007ad900000|  0%| F|  |TAMS 0x00000007ad800000| PB 0x00000007ad800000| Untracked 
| 729|0x00000007ad900000, 0x00000007ad900000, 0x00000007ada00000|  0%| F|  |TAMS 0x00000007ad900000| PB 0x00000007ad900000| Untracked 
| 730|0x00000007ada00000, 0x00000007ada00000, 0x00000007adb00000|  0%| F|  |TAMS 0x00000007ada00000| PB 0x00000007ada00000| Untracked 
| 731|0x00000007adb00000, 0x00000007adb00000, 0x00000007adc00000|  0%| F|  |TAMS 0x00000007adb00000| PB 0x00000007adb00000| Untracked 
| 732|0x00000007adc00000, 0x00000007adc00000, 0x00000007add00000|  0%| F|  |TAMS 0x00000007adc00000| PB 0x00000007adc00000| Untracked 
| 733|0x00000007add00000, 0x00000007add00000, 0x00000007ade00000|  0%| F|  |TAMS 0x00000007add00000| PB 0x00000007add00000| Untracked 
| 734|0x00000007ade00000, 0x00000007ade00000, 0x00000007adf00000|  0%| F|  |TAMS 0x00000007ade00000| PB 0x00000007ade00000| Untracked 
| 735|0x00000007adf00000, 0x00000007adf00000, 0x00000007ae000000|  0%| F|  |TAMS 0x00000007adf00000| PB 0x00000007adf00000| Untracked 
| 736|0x00000007ae000000, 0x00000007ae000000, 0x00000007ae100000|  0%| F|  |TAMS 0x00000007ae000000| PB 0x00000007ae000000| Untracked 
| 737|0x00000007ae100000, 0x00000007ae100000, 0x00000007ae200000|  0%| F|  |TAMS 0x00000007ae100000| PB 0x00000007ae100000| Untracked 
| 738|0x00000007ae200000, 0x00000007ae200000, 0x00000007ae300000|  0%| F|  |TAMS 0x00000007ae200000| PB 0x00000007ae200000| Untracked 
| 739|0x00000007ae300000, 0x00000007ae300000, 0x00000007ae400000|  0%| F|  |TAMS 0x00000007ae300000| PB 0x00000007ae300000| Untracked 
| 740|0x00000007ae400000, 0x00000007ae400000, 0x00000007ae500000|  0%| F|  |TAMS 0x00000007ae400000| PB 0x00000007ae400000| Untracked 
| 741|0x00000007ae500000, 0x00000007ae500000, 0x00000007ae600000|  0%| F|  |TAMS 0x00000007ae500000| PB 0x00000007ae500000| Untracked 
| 742|0x00000007ae600000, 0x00000007ae600000, 0x00000007ae700000|  0%| F|  |TAMS 0x00000007ae600000| PB 0x00000007ae600000| Untracked 
| 743|0x00000007ae700000, 0x00000007ae700000, 0x00000007ae800000|  0%| F|  |TAMS 0x00000007ae700000| PB 0x00000007ae700000| Untracked 
| 744|0x00000007ae800000, 0x00000007ae800000, 0x00000007ae900000|  0%| F|  |TAMS 0x00000007ae800000| PB 0x00000007ae800000| Untracked 
| 745|0x00000007ae900000, 0x00000007ae900000, 0x00000007aea00000|  0%| F|  |TAMS 0x00000007ae900000| PB 0x00000007ae900000| Untracked 
| 746|0x00000007aea00000, 0x00000007aea00000, 0x00000007aeb00000|  0%| F|  |TAMS 0x00000007aea00000| PB 0x00000007aea00000| Untracked 
| 747|0x00000007aeb00000, 0x00000007aeb00000, 0x00000007aec00000|  0%| F|  |TAMS 0x00000007aeb00000| PB 0x00000007aeb00000| Untracked 
| 748|0x00000007aec00000, 0x00000007aec00000, 0x00000007aed00000|  0%| F|  |TAMS 0x00000007aec00000| PB 0x00000007aec00000| Untracked 
| 749|0x00000007aed00000, 0x00000007aed00000, 0x00000007aee00000|  0%| F|  |TAMS 0x00000007aed00000| PB 0x00000007aed00000| Untracked 
| 750|0x00000007aee00000, 0x00000007aee00000, 0x00000007aef00000|  0%| F|  |TAMS 0x00000007aee00000| PB 0x00000007aee00000| Untracked 
| 751|0x00000007aef00000, 0x00000007aef00000, 0x00000007af000000|  0%| F|  |TAMS 0x00000007aef00000| PB 0x00000007aef00000| Untracked 
| 752|0x00000007af000000, 0x00000007af000000, 0x00000007af100000|  0%| F|  |TAMS 0x00000007af000000| PB 0x00000007af000000| Untracked 
| 753|0x00000007af100000, 0x00000007af100000, 0x00000007af200000|  0%| F|  |TAMS 0x00000007af100000| PB 0x00000007af100000| Untracked 
| 754|0x00000007af200000, 0x00000007af200000, 0x00000007af300000|  0%| F|  |TAMS 0x00000007af200000| PB 0x00000007af200000| Untracked 
| 755|0x00000007af300000, 0x00000007af300000, 0x00000007af400000|  0%| F|  |TAMS 0x00000007af300000| PB 0x00000007af300000| Untracked 
| 756|0x00000007af400000, 0x00000007af400000, 0x00000007af500000|  0%| F|  |TAMS 0x00000007af400000| PB 0x00000007af400000| Untracked 
| 757|0x00000007af500000, 0x00000007af500000, 0x00000007af600000|  0%| F|  |TAMS 0x00000007af500000| PB 0x00000007af500000| Untracked 
| 758|0x00000007af600000, 0x00000007af600000, 0x00000007af700000|  0%| F|  |TAMS 0x00000007af600000| PB 0x00000007af600000| Untracked 
| 759|0x00000007af700000, 0x00000007af700000, 0x00000007af800000|  0%| F|  |TAMS 0x00000007af700000| PB 0x00000007af700000| Untracked 
| 760|0x00000007af800000, 0x00000007af800000, 0x00000007af900000|  0%| F|  |TAMS 0x00000007af800000| PB 0x00000007af800000| Untracked 
| 761|0x00000007af900000, 0x00000007af900000, 0x00000007afa00000|  0%| F|  |TAMS 0x00000007af900000| PB 0x00000007af900000| Untracked 
| 762|0x00000007afa00000, 0x00000007afa00000, 0x00000007afb00000|  0%| F|  |TAMS 0x00000007afa00000| PB 0x00000007afa00000| Untracked 
| 763|0x00000007afb00000, 0x00000007afb00000, 0x00000007afc00000|  0%| F|  |TAMS 0x00000007afb00000| PB 0x00000007afb00000| Untracked 
| 764|0x00000007afc00000, 0x00000007afc00000, 0x00000007afd00000|  0%| F|  |TAMS 0x00000007afc00000| PB 0x00000007afc00000| Untracked 
| 765|0x00000007afd00000, 0x00000007afd00000, 0x00000007afe00000|  0%| F|  |TAMS 0x00000007afd00000| PB 0x00000007afd00000| Untracked 
| 766|0x00000007afe00000, 0x00000007afe00000, 0x00000007aff00000|  0%| F|  |TAMS 0x00000007afe00000| PB 0x00000007afe00000| Untracked 
| 767|0x00000007aff00000, 0x00000007aff00000, 0x00000007b0000000|  0%| F|  |TAMS 0x00000007aff00000| PB 0x00000007aff00000| Untracked 
| 768|0x00000007b0000000, 0x00000007b0000000, 0x00000007b0100000|  0%| F|  |TAMS 0x00000007b0000000| PB 0x00000007b0000000| Untracked 
| 769|0x00000007b0100000, 0x00000007b0100000, 0x00000007b0200000|  0%| F|  |TAMS 0x00000007b0100000| PB 0x00000007b0100000| Untracked 
| 770|0x00000007b0200000, 0x00000007b0200000, 0x00000007b0300000|  0%| F|  |TAMS 0x00000007b0200000| PB 0x00000007b0200000| Untracked 
| 771|0x00000007b0300000, 0x00000007b0300000, 0x00000007b0400000|  0%| F|  |TAMS 0x00000007b0300000| PB 0x00000007b0300000| Untracked 
| 772|0x00000007b0400000, 0x00000007b0400000, 0x00000007b0500000|  0%| F|  |TAMS 0x00000007b0400000| PB 0x00000007b0400000| Untracked 
| 773|0x00000007b0500000, 0x00000007b0500000, 0x00000007b0600000|  0%| F|  |TAMS 0x00000007b0500000| PB 0x00000007b0500000| Untracked 
| 774|0x00000007b0600000, 0x00000007b0600000, 0x00000007b0700000|  0%| F|  |TAMS 0x00000007b0600000| PB 0x00000007b0600000| Untracked 
| 775|0x00000007b0700000, 0x00000007b0700000, 0x00000007b0800000|  0%| F|  |TAMS 0x00000007b0700000| PB 0x00000007b0700000| Untracked 
| 776|0x00000007b0800000, 0x00000007b0800000, 0x00000007b0900000|  0%| F|  |TAMS 0x00000007b0800000| PB 0x00000007b0800000| Untracked 
| 777|0x00000007b0900000, 0x00000007b0900000, 0x00000007b0a00000|  0%| F|  |TAMS 0x00000007b0900000| PB 0x00000007b0900000| Untracked 
| 778|0x00000007b0a00000, 0x00000007b0a00000, 0x00000007b0b00000|  0%| F|  |TAMS 0x00000007b0a00000| PB 0x00000007b0a00000| Untracked 
| 779|0x00000007b0b00000, 0x00000007b0b00000, 0x00000007b0c00000|  0%| F|  |TAMS 0x00000007b0b00000| PB 0x00000007b0b00000| Untracked 
| 780|0x00000007b0c00000, 0x00000007b0c00000, 0x00000007b0d00000|  0%| F|  |TAMS 0x00000007b0c00000| PB 0x00000007b0c00000| Untracked 
| 781|0x00000007b0d00000, 0x00000007b0d00000, 0x00000007b0e00000|  0%| F|  |TAMS 0x00000007b0d00000| PB 0x00000007b0d00000| Untracked 
| 782|0x00000007b0e00000, 0x00000007b0e00000, 0x00000007b0f00000|  0%| F|  |TAMS 0x00000007b0e00000| PB 0x00000007b0e00000| Untracked 
| 783|0x00000007b0f00000, 0x00000007b0f00000, 0x00000007b1000000|  0%| F|  |TAMS 0x00000007b0f00000| PB 0x00000007b0f00000| Untracked 
| 784|0x00000007b1000000, 0x00000007b1000000, 0x00000007b1100000|  0%| F|  |TAMS 0x00000007b1000000| PB 0x00000007b1000000| Untracked 
| 785|0x00000007b1100000, 0x00000007b1100000, 0x00000007b1200000|  0%| F|  |TAMS 0x00000007b1100000| PB 0x00000007b1100000| Untracked 
| 786|0x00000007b1200000, 0x00000007b1200000, 0x00000007b1300000|  0%| F|  |TAMS 0x00000007b1200000| PB 0x00000007b1200000| Untracked 
| 787|0x00000007b1300000, 0x00000007b1300000, 0x00000007b1400000|  0%| F|  |TAMS 0x00000007b1300000| PB 0x00000007b1300000| Untracked 
| 788|0x00000007b1400000, 0x00000007b1400000, 0x00000007b1500000|  0%| F|  |TAMS 0x00000007b1400000| PB 0x00000007b1400000| Untracked 
| 789|0x00000007b1500000, 0x00000007b1500000, 0x00000007b1600000|  0%| F|  |TAMS 0x00000007b1500000| PB 0x00000007b1500000| Untracked 
| 790|0x00000007b1600000, 0x00000007b1600000, 0x00000007b1700000|  0%| F|  |TAMS 0x00000007b1600000| PB 0x00000007b1600000| Untracked 
| 791|0x00000007b1700000, 0x00000007b1700000, 0x00000007b1800000|  0%| F|  |TAMS 0x00000007b1700000| PB 0x00000007b1700000| Untracked 
| 792|0x00000007b1800000, 0x00000007b1800000, 0x00000007b1900000|  0%| F|  |TAMS 0x00000007b1800000| PB 0x00000007b1800000| Untracked 
| 793|0x00000007b1900000, 0x00000007b1900000, 0x00000007b1a00000|  0%| F|  |TAMS 0x00000007b1900000| PB 0x00000007b1900000| Untracked 
| 794|0x00000007b1a00000, 0x00000007b1a00000, 0x00000007b1b00000|  0%| F|  |TAMS 0x00000007b1a00000| PB 0x00000007b1a00000| Untracked 
| 795|0x00000007b1b00000, 0x00000007b1b00000, 0x00000007b1c00000|  0%| F|  |TAMS 0x00000007b1b00000| PB 0x00000007b1b00000| Untracked 
| 796|0x00000007b1c00000, 0x00000007b1c00000, 0x00000007b1d00000|  0%| F|  |TAMS 0x00000007b1c00000| PB 0x00000007b1c00000| Untracked 
| 797|0x00000007b1d00000, 0x00000007b1d00000, 0x00000007b1e00000|  0%| F|  |TAMS 0x00000007b1d00000| PB 0x00000007b1d00000| Untracked 
| 798|0x00000007b1e00000, 0x00000007b1e00000, 0x00000007b1f00000|  0%| F|  |TAMS 0x00000007b1e00000| PB 0x00000007b1e00000| Untracked 
| 799|0x00000007b1f00000, 0x00000007b1f00000, 0x00000007b2000000|  0%| F|  |TAMS 0x00000007b1f00000| PB 0x00000007b1f00000| Untracked 
| 800|0x00000007b2000000, 0x00000007b2000000, 0x00000007b2100000|  0%| F|  |TAMS 0x00000007b2000000| PB 0x00000007b2000000| Untracked 
| 801|0x00000007b2100000, 0x00000007b2100000, 0x00000007b2200000|  0%| F|  |TAMS 0x00000007b2100000| PB 0x00000007b2100000| Untracked 
| 802|0x00000007b2200000, 0x00000007b2200000, 0x00000007b2300000|  0%| F|  |TAMS 0x00000007b2200000| PB 0x00000007b2200000| Untracked 
| 803|0x00000007b2300000, 0x00000007b2300000, 0x00000007b2400000|  0%| F|  |TAMS 0x00000007b2300000| PB 0x00000007b2300000| Untracked 
| 804|0x00000007b2400000, 0x00000007b2400000, 0x00000007b2500000|  0%| F|  |TAMS 0x00000007b2400000| PB 0x00000007b2400000| Untracked 
| 805|0x00000007b2500000, 0x00000007b2500000, 0x00000007b2600000|  0%| F|  |TAMS 0x00000007b2500000| PB 0x00000007b2500000| Untracked 
| 806|0x00000007b2600000, 0x00000007b2600000, 0x00000007b2700000|  0%| F|  |TAMS 0x00000007b2600000| PB 0x00000007b2600000| Untracked 
| 807|0x00000007b2700000, 0x00000007b2700000, 0x00000007b2800000|  0%| F|  |TAMS 0x00000007b2700000| PB 0x00000007b2700000| Untracked 
| 808|0x00000007b2800000, 0x00000007b2800000, 0x00000007b2900000|  0%| F|  |TAMS 0x00000007b2800000| PB 0x00000007b2800000| Untracked 
| 809|0x00000007b2900000, 0x00000007b2900000, 0x00000007b2a00000|  0%| F|  |TAMS 0x00000007b2900000| PB 0x00000007b2900000| Untracked 
| 810|0x00000007b2a00000, 0x00000007b2a00000, 0x00000007b2b00000|  0%| F|  |TAMS 0x00000007b2a00000| PB 0x00000007b2a00000| Untracked 
| 811|0x00000007b2b00000, 0x00000007b2b00000, 0x00000007b2c00000|  0%| F|  |TAMS 0x00000007b2b00000| PB 0x00000007b2b00000| Untracked 
| 812|0x00000007b2c00000, 0x00000007b2c00000, 0x00000007b2d00000|  0%| F|  |TAMS 0x00000007b2c00000| PB 0x00000007b2c00000| Untracked 
| 813|0x00000007b2d00000, 0x00000007b2d00000, 0x00000007b2e00000|  0%| F|  |TAMS 0x00000007b2d00000| PB 0x00000007b2d00000| Untracked 
| 814|0x00000007b2e00000, 0x00000007b2e00000, 0x00000007b2f00000|  0%| F|  |TAMS 0x00000007b2e00000| PB 0x00000007b2e00000| Untracked 
| 815|0x00000007b2f00000, 0x00000007b2f00000, 0x00000007b3000000|  0%| F|  |TAMS 0x00000007b2f00000| PB 0x00000007b2f00000| Untracked 
| 816|0x00000007b3000000, 0x00000007b3000000, 0x00000007b3100000|  0%| F|  |TAMS 0x00000007b3000000| PB 0x00000007b3000000| Untracked 
| 817|0x00000007b3100000, 0x00000007b3100000, 0x00000007b3200000|  0%| F|  |TAMS 0x00000007b3100000| PB 0x00000007b3100000| Untracked 
| 818|0x00000007b3200000, 0x00000007b3200000, 0x00000007b3300000|  0%| F|  |TAMS 0x00000007b3200000| PB 0x00000007b3200000| Untracked 
| 819|0x00000007b3300000, 0x00000007b3300000, 0x00000007b3400000|  0%| F|  |TAMS 0x00000007b3300000| PB 0x00000007b3300000| Untracked 
| 820|0x00000007b3400000, 0x00000007b3400000, 0x00000007b3500000|  0%| F|  |TAMS 0x00000007b3400000| PB 0x00000007b3400000| Untracked 
| 821|0x00000007b3500000, 0x00000007b3500000, 0x00000007b3600000|  0%| F|  |TAMS 0x00000007b3500000| PB 0x00000007b3500000| Untracked 
| 822|0x00000007b3600000, 0x00000007b3600000, 0x00000007b3700000|  0%| F|  |TAMS 0x00000007b3600000| PB 0x00000007b3600000| Untracked 
| 823|0x00000007b3700000, 0x00000007b3700000, 0x00000007b3800000|  0%| F|  |TAMS 0x00000007b3700000| PB 0x00000007b3700000| Untracked 
| 824|0x00000007b3800000, 0x00000007b3800000, 0x00000007b3900000|  0%| F|  |TAMS 0x00000007b3800000| PB 0x00000007b3800000| Untracked 
| 825|0x00000007b3900000, 0x00000007b3900000, 0x00000007b3a00000|  0%| F|  |TAMS 0x00000007b3900000| PB 0x00000007b3900000| Untracked 
| 826|0x00000007b3a00000, 0x00000007b3a00000, 0x00000007b3b00000|  0%| F|  |TAMS 0x00000007b3a00000| PB 0x00000007b3a00000| Untracked 
| 827|0x00000007b3b00000, 0x00000007b3b00000, 0x00000007b3c00000|  0%| F|  |TAMS 0x00000007b3b00000| PB 0x00000007b3b00000| Untracked 
| 828|0x00000007b3c00000, 0x00000007b3c00000, 0x00000007b3d00000|  0%| F|  |TAMS 0x00000007b3c00000| PB 0x00000007b3c00000| Untracked 
| 829|0x00000007b3d00000, 0x00000007b3d00000, 0x00000007b3e00000|  0%| F|  |TAMS 0x00000007b3d00000| PB 0x00000007b3d00000| Untracked 
| 830|0x00000007b3e00000, 0x00000007b3e00000, 0x00000007b3f00000|  0%| F|  |TAMS 0x00000007b3e00000| PB 0x00000007b3e00000| Untracked 
| 831|0x00000007b3f00000, 0x00000007b3f00000, 0x00000007b4000000|  0%| F|  |TAMS 0x00000007b3f00000| PB 0x00000007b3f00000| Untracked 
| 832|0x00000007b4000000, 0x00000007b4000000, 0x00000007b4100000|  0%| F|  |TAMS 0x00000007b4000000| PB 0x00000007b4000000| Untracked 
| 833|0x00000007b4100000, 0x00000007b4100000, 0x00000007b4200000|  0%| F|  |TAMS 0x00000007b4100000| PB 0x00000007b4100000| Untracked 
| 834|0x00000007b4200000, 0x00000007b4200000, 0x00000007b4300000|  0%| F|  |TAMS 0x00000007b4200000| PB 0x00000007b4200000| Untracked 
| 835|0x00000007b4300000, 0x00000007b4300000, 0x00000007b4400000|  0%| F|  |TAMS 0x00000007b4300000| PB 0x00000007b4300000| Untracked 
| 836|0x00000007b4400000, 0x00000007b4400000, 0x00000007b4500000|  0%| F|  |TAMS 0x00000007b4400000| PB 0x00000007b4400000| Untracked 
| 837|0x00000007b4500000, 0x00000007b4500000, 0x00000007b4600000|  0%| F|  |TAMS 0x00000007b4500000| PB 0x00000007b4500000| Untracked 
| 838|0x00000007b4600000, 0x00000007b4600000, 0x00000007b4700000|  0%| F|  |TAMS 0x00000007b4600000| PB 0x00000007b4600000| Untracked 
| 839|0x00000007b4700000, 0x00000007b4700000, 0x00000007b4800000|  0%| F|  |TAMS 0x00000007b4700000| PB 0x00000007b4700000| Untracked 
| 840|0x00000007b4800000, 0x00000007b4800000, 0x00000007b4900000|  0%| F|  |TAMS 0x00000007b4800000| PB 0x00000007b4800000| Untracked 
| 841|0x00000007b4900000, 0x00000007b4900000, 0x00000007b4a00000|  0%| F|  |TAMS 0x00000007b4900000| PB 0x00000007b4900000| Untracked 
| 842|0x00000007b4a00000, 0x00000007b4a00000, 0x00000007b4b00000|  0%| F|  |TAMS 0x00000007b4a00000| PB 0x00000007b4a00000| Untracked 
| 843|0x00000007b4b00000, 0x00000007b4b00000, 0x00000007b4c00000|  0%| F|  |TAMS 0x00000007b4b00000| PB 0x00000007b4b00000| Untracked 
| 844|0x00000007b4c00000, 0x00000007b4c00000, 0x00000007b4d00000|  0%| F|  |TAMS 0x00000007b4c00000| PB 0x00000007b4c00000| Untracked 
| 845|0x00000007b4d00000, 0x00000007b4d00000, 0x00000007b4e00000|  0%| F|  |TAMS 0x00000007b4d00000| PB 0x00000007b4d00000| Untracked 
| 846|0x00000007b4e00000, 0x00000007b4e00000, 0x00000007b4f00000|  0%| F|  |TAMS 0x00000007b4e00000| PB 0x00000007b4e00000| Untracked 
| 847|0x00000007b4f00000, 0x00000007b4f00000, 0x00000007b5000000|  0%| F|  |TAMS 0x00000007b4f00000| PB 0x00000007b4f00000| Untracked 
| 848|0x00000007b5000000, 0x00000007b5000000, 0x00000007b5100000|  0%| F|  |TAMS 0x00000007b5000000| PB 0x00000007b5000000| Untracked 
| 849|0x00000007b5100000, 0x00000007b5100000, 0x00000007b5200000|  0%| F|  |TAMS 0x00000007b5100000| PB 0x00000007b5100000| Untracked 
| 850|0x00000007b5200000, 0x00000007b5200000, 0x00000007b5300000|  0%| F|  |TAMS 0x00000007b5200000| PB 0x00000007b5200000| Untracked 
| 851|0x00000007b5300000, 0x00000007b5300000, 0x00000007b5400000|  0%| F|  |TAMS 0x00000007b5300000| PB 0x00000007b5300000| Untracked 
| 852|0x00000007b5400000, 0x00000007b5400000, 0x00000007b5500000|  0%| F|  |TAMS 0x00000007b5400000| PB 0x00000007b5400000| Untracked 
| 853|0x00000007b5500000, 0x00000007b5500000, 0x00000007b5600000|  0%| F|  |TAMS 0x00000007b5500000| PB 0x00000007b5500000| Untracked 
| 854|0x00000007b5600000, 0x00000007b5600000, 0x00000007b5700000|  0%| F|  |TAMS 0x00000007b5600000| PB 0x00000007b5600000| Untracked 
| 855|0x00000007b5700000, 0x00000007b5700000, 0x00000007b5800000|  0%| F|  |TAMS 0x00000007b5700000| PB 0x00000007b5700000| Untracked 
| 856|0x00000007b5800000, 0x00000007b5800000, 0x00000007b5900000|  0%| F|  |TAMS 0x00000007b5800000| PB 0x00000007b5800000| Untracked 
| 857|0x00000007b5900000, 0x00000007b5900000, 0x00000007b5a00000|  0%| F|  |TAMS 0x00000007b5900000| PB 0x00000007b5900000| Untracked 
| 858|0x00000007b5a00000, 0x00000007b5a00000, 0x00000007b5b00000|  0%| F|  |TAMS 0x00000007b5a00000| PB 0x00000007b5a00000| Untracked 
| 859|0x00000007b5b00000, 0x00000007b5b00000, 0x00000007b5c00000|  0%| F|  |TAMS 0x00000007b5b00000| PB 0x00000007b5b00000| Untracked 
| 860|0x00000007b5c00000, 0x00000007b5c00000, 0x00000007b5d00000|  0%| F|  |TAMS 0x00000007b5c00000| PB 0x00000007b5c00000| Untracked 
| 861|0x00000007b5d00000, 0x00000007b5d00000, 0x00000007b5e00000|  0%| F|  |TAMS 0x00000007b5d00000| PB 0x00000007b5d00000| Untracked 
| 862|0x00000007b5e00000, 0x00000007b5e00000, 0x00000007b5f00000|  0%| F|  |TAMS 0x00000007b5e00000| PB 0x00000007b5e00000| Untracked 
| 863|0x00000007b5f00000, 0x00000007b5f00000, 0x00000007b6000000|  0%| F|  |TAMS 0x00000007b5f00000| PB 0x00000007b5f00000| Untracked 
| 864|0x00000007b6000000, 0x00000007b6000000, 0x00000007b6100000|  0%| F|  |TAMS 0x00000007b6000000| PB 0x00000007b6000000| Untracked 
| 865|0x00000007b6100000, 0x00000007b6100000, 0x00000007b6200000|  0%| F|  |TAMS 0x00000007b6100000| PB 0x00000007b6100000| Untracked 
| 866|0x00000007b6200000, 0x00000007b6200000, 0x00000007b6300000|  0%| F|  |TAMS 0x00000007b6200000| PB 0x00000007b6200000| Untracked 
| 867|0x00000007b6300000, 0x00000007b6300000, 0x00000007b6400000|  0%| F|  |TAMS 0x00000007b6300000| PB 0x00000007b6300000| Untracked 
| 868|0x00000007b6400000, 0x00000007b6400000, 0x00000007b6500000|  0%| F|  |TAMS 0x00000007b6400000| PB 0x00000007b6400000| Untracked 
| 869|0x00000007b6500000, 0x00000007b6500000, 0x00000007b6600000|  0%| F|  |TAMS 0x00000007b6500000| PB 0x00000007b6500000| Untracked 
| 870|0x00000007b6600000, 0x00000007b6600000, 0x00000007b6700000|  0%| F|  |TAMS 0x00000007b6600000| PB 0x00000007b6600000| Untracked 
| 871|0x00000007b6700000, 0x00000007b6700000, 0x00000007b6800000|  0%| F|  |TAMS 0x00000007b6700000| PB 0x00000007b6700000| Untracked 
| 872|0x00000007b6800000, 0x00000007b6800000, 0x00000007b6900000|  0%| F|  |TAMS 0x00000007b6800000| PB 0x00000007b6800000| Untracked 
| 873|0x00000007b6900000, 0x00000007b6900000, 0x00000007b6a00000|  0%| F|  |TAMS 0x00000007b6900000| PB 0x00000007b6900000| Untracked 
| 874|0x00000007b6a00000, 0x00000007b6a00000, 0x00000007b6b00000|  0%| F|  |TAMS 0x00000007b6a00000| PB 0x00000007b6a00000| Untracked 
| 875|0x00000007b6b00000, 0x00000007b6b00000, 0x00000007b6c00000|  0%| F|  |TAMS 0x00000007b6b00000| PB 0x00000007b6b00000| Untracked 
| 876|0x00000007b6c00000, 0x00000007b6c00000, 0x00000007b6d00000|  0%| F|  |TAMS 0x00000007b6c00000| PB 0x00000007b6c00000| Untracked 
| 877|0x00000007b6d00000, 0x00000007b6d00000, 0x00000007b6e00000|  0%| F|  |TAMS 0x00000007b6d00000| PB 0x00000007b6d00000| Untracked 
| 878|0x00000007b6e00000, 0x00000007b6e00000, 0x00000007b6f00000|  0%| F|  |TAMS 0x00000007b6e00000| PB 0x00000007b6e00000| Untracked 
| 879|0x00000007b6f00000, 0x00000007b6f00000, 0x00000007b7000000|  0%| F|  |TAMS 0x00000007b6f00000| PB 0x00000007b6f00000| Untracked 
| 880|0x00000007b7000000, 0x00000007b7000000, 0x00000007b7100000|  0%| F|  |TAMS 0x00000007b7000000| PB 0x00000007b7000000| Untracked 
| 881|0x00000007b7100000, 0x00000007b7100000, 0x00000007b7200000|  0%| F|  |TAMS 0x00000007b7100000| PB 0x00000007b7100000| Untracked 
| 882|0x00000007b7200000, 0x00000007b7200000, 0x00000007b7300000|  0%| F|  |TAMS 0x00000007b7200000| PB 0x00000007b7200000| Untracked 
| 883|0x00000007b7300000, 0x00000007b7300000, 0x00000007b7400000|  0%| F|  |TAMS 0x00000007b7300000| PB 0x00000007b7300000| Untracked 
| 884|0x00000007b7400000, 0x00000007b7400000, 0x00000007b7500000|  0%| F|  |TAMS 0x00000007b7400000| PB 0x00000007b7400000| Untracked 
| 885|0x00000007b7500000, 0x00000007b7500000, 0x00000007b7600000|  0%| F|  |TAMS 0x00000007b7500000| PB 0x00000007b7500000| Untracked 
| 886|0x00000007b7600000, 0x00000007b7600000, 0x00000007b7700000|  0%| F|  |TAMS 0x00000007b7600000| PB 0x00000007b7600000| Untracked 
| 887|0x00000007b7700000, 0x00000007b7700000, 0x00000007b7800000|  0%| F|  |TAMS 0x00000007b7700000| PB 0x00000007b7700000| Untracked 
| 888|0x00000007b7800000, 0x00000007b7800000, 0x00000007b7900000|  0%| F|  |TAMS 0x00000007b7800000| PB 0x00000007b7800000| Untracked 
| 889|0x00000007b7900000, 0x00000007b7900000, 0x00000007b7a00000|  0%| F|  |TAMS 0x00000007b7900000| PB 0x00000007b7900000| Untracked 
| 890|0x00000007b7a00000, 0x00000007b7a00000, 0x00000007b7b00000|  0%| F|  |TAMS 0x00000007b7a00000| PB 0x00000007b7a00000| Untracked 
| 891|0x00000007b7b00000, 0x00000007b7b00000, 0x00000007b7c00000|  0%| F|  |TAMS 0x00000007b7b00000| PB 0x00000007b7b00000| Untracked 
| 892|0x00000007b7c00000, 0x00000007b7c00000, 0x00000007b7d00000|  0%| F|  |TAMS 0x00000007b7c00000| PB 0x00000007b7c00000| Untracked 
| 893|0x00000007b7d00000, 0x00000007b7d00000, 0x00000007b7e00000|  0%| F|  |TAMS 0x00000007b7d00000| PB 0x00000007b7d00000| Untracked 
| 894|0x00000007b7e00000, 0x00000007b7e00000, 0x00000007b7f00000|  0%| F|  |TAMS 0x00000007b7e00000| PB 0x00000007b7e00000| Untracked 
| 895|0x00000007b7f00000, 0x00000007b7f00000, 0x00000007b8000000|  0%| F|  |TAMS 0x00000007b7f00000| PB 0x00000007b7f00000| Untracked 
| 896|0x00000007b8000000, 0x00000007b8000000, 0x00000007b8100000|  0%| F|  |TAMS 0x00000007b8000000| PB 0x00000007b8000000| Untracked 
| 897|0x00000007b8100000, 0x00000007b8100000, 0x00000007b8200000|  0%| F|  |TAMS 0x00000007b8100000| PB 0x00000007b8100000| Untracked 
| 898|0x00000007b8200000, 0x00000007b8200000, 0x00000007b8300000|  0%| F|  |TAMS 0x00000007b8200000| PB 0x00000007b8200000| Untracked 
| 899|0x00000007b8300000, 0x00000007b8300000, 0x00000007b8400000|  0%| F|  |TAMS 0x00000007b8300000| PB 0x00000007b8300000| Untracked 
| 900|0x00000007b8400000, 0x00000007b8400000, 0x00000007b8500000|  0%| F|  |TAMS 0x00000007b8400000| PB 0x00000007b8400000| Untracked 
| 901|0x00000007b8500000, 0x00000007b8500000, 0x00000007b8600000|  0%| F|  |TAMS 0x00000007b8500000| PB 0x00000007b8500000| Untracked 
| 902|0x00000007b8600000, 0x00000007b8600000, 0x00000007b8700000|  0%| F|  |TAMS 0x00000007b8600000| PB 0x00000007b8600000| Untracked 
| 903|0x00000007b8700000, 0x00000007b8700000, 0x00000007b8800000|  0%| F|  |TAMS 0x00000007b8700000| PB 0x00000007b8700000| Untracked 
| 904|0x00000007b8800000, 0x00000007b8800000, 0x00000007b8900000|  0%| F|  |TAMS 0x00000007b8800000| PB 0x00000007b8800000| Untracked 
| 905|0x00000007b8900000, 0x00000007b8900000, 0x00000007b8a00000|  0%| F|  |TAMS 0x00000007b8900000| PB 0x00000007b8900000| Untracked 
| 906|0x00000007b8a00000, 0x00000007b8a00000, 0x00000007b8b00000|  0%| F|  |TAMS 0x00000007b8a00000| PB 0x00000007b8a00000| Untracked 
| 907|0x00000007b8b00000, 0x00000007b8b00000, 0x00000007b8c00000|  0%| F|  |TAMS 0x00000007b8b00000| PB 0x00000007b8b00000| Untracked 
| 908|0x00000007b8c00000, 0x00000007b8c00000, 0x00000007b8d00000|  0%| F|  |TAMS 0x00000007b8c00000| PB 0x00000007b8c00000| Untracked 
| 909|0x00000007b8d00000, 0x00000007b8d00000, 0x00000007b8e00000|  0%| F|  |TAMS 0x00000007b8d00000| PB 0x00000007b8d00000| Untracked 
| 910|0x00000007b8e00000, 0x00000007b8e00000, 0x00000007b8f00000|  0%| F|  |TAMS 0x00000007b8e00000| PB 0x00000007b8e00000| Untracked 
| 911|0x00000007b8f00000, 0x00000007b8f00000, 0x00000007b9000000|  0%| F|  |TAMS 0x00000007b8f00000| PB 0x00000007b8f00000| Untracked 
| 912|0x00000007b9000000, 0x00000007b9000000, 0x00000007b9100000|  0%| F|  |TAMS 0x00000007b9000000| PB 0x00000007b9000000| Untracked 
| 913|0x00000007b9100000, 0x00000007b9100000, 0x00000007b9200000|  0%| F|  |TAMS 0x00000007b9100000| PB 0x00000007b9100000| Untracked 
| 914|0x00000007b9200000, 0x00000007b9200000, 0x00000007b9300000|  0%| F|  |TAMS 0x00000007b9200000| PB 0x00000007b9200000| Untracked 
| 915|0x00000007b9300000, 0x00000007b9300000, 0x00000007b9400000|  0%| F|  |TAMS 0x00000007b9300000| PB 0x00000007b9300000| Untracked 
| 916|0x00000007b9400000, 0x00000007b9400000, 0x00000007b9500000|  0%| F|  |TAMS 0x00000007b9400000| PB 0x00000007b9400000| Untracked 
| 917|0x00000007b9500000, 0x00000007b9500000, 0x00000007b9600000|  0%| F|  |TAMS 0x00000007b9500000| PB 0x00000007b9500000| Untracked 
| 918|0x00000007b9600000, 0x00000007b9600000, 0x00000007b9700000|  0%| F|  |TAMS 0x00000007b9600000| PB 0x00000007b9600000| Untracked 
| 919|0x00000007b9700000, 0x00000007b9700000, 0x00000007b9800000|  0%| F|  |TAMS 0x00000007b9700000| PB 0x00000007b9700000| Untracked 
| 920|0x00000007b9800000, 0x00000007b9800000, 0x00000007b9900000|  0%| F|  |TAMS 0x00000007b9800000| PB 0x00000007b9800000| Untracked 
| 921|0x00000007b9900000, 0x00000007b9900000, 0x00000007b9a00000|  0%| F|  |TAMS 0x00000007b9900000| PB 0x00000007b9900000| Untracked 
| 922|0x00000007b9a00000, 0x00000007b9a00000, 0x00000007b9b00000|  0%| F|  |TAMS 0x00000007b9a00000| PB 0x00000007b9a00000| Untracked 
| 923|0x00000007b9b00000, 0x00000007b9b00000, 0x00000007b9c00000|  0%| F|  |TAMS 0x00000007b9b00000| PB 0x00000007b9b00000| Untracked 
| 924|0x00000007b9c00000, 0x00000007b9c00000, 0x00000007b9d00000|  0%| F|  |TAMS 0x00000007b9c00000| PB 0x00000007b9c00000| Untracked 
| 925|0x00000007b9d00000, 0x00000007b9d00000, 0x00000007b9e00000|  0%| F|  |TAMS 0x00000007b9d00000| PB 0x00000007b9d00000| Untracked 
| 926|0x00000007b9e00000, 0x00000007b9e00000, 0x00000007b9f00000|  0%| F|  |TAMS 0x00000007b9e00000| PB 0x00000007b9e00000| Untracked 
| 927|0x00000007b9f00000, 0x00000007b9f00000, 0x00000007ba000000|  0%| F|  |TAMS 0x00000007b9f00000| PB 0x00000007b9f00000| Untracked 
| 928|0x00000007ba000000, 0x00000007ba000000, 0x00000007ba100000|  0%| F|  |TAMS 0x00000007ba000000| PB 0x00000007ba000000| Untracked 
| 929|0x00000007ba100000, 0x00000007ba100000, 0x00000007ba200000|  0%| F|  |TAMS 0x00000007ba100000| PB 0x00000007ba100000| Untracked 
| 930|0x00000007ba200000, 0x00000007ba200000, 0x00000007ba300000|  0%| F|  |TAMS 0x00000007ba200000| PB 0x00000007ba200000| Untracked 
| 931|0x00000007ba300000, 0x00000007ba300000, 0x00000007ba400000|  0%| F|  |TAMS 0x00000007ba300000| PB 0x00000007ba300000| Untracked 
| 932|0x00000007ba400000, 0x00000007ba400000, 0x00000007ba500000|  0%| F|  |TAMS 0x00000007ba400000| PB 0x00000007ba400000| Untracked 
| 933|0x00000007ba500000, 0x00000007ba500000, 0x00000007ba600000|  0%| F|  |TAMS 0x00000007ba500000| PB 0x00000007ba500000| Untracked 
| 934|0x00000007ba600000, 0x00000007ba600000, 0x00000007ba700000|  0%| F|  |TAMS 0x00000007ba600000| PB 0x00000007ba600000| Untracked 
| 935|0x00000007ba700000, 0x00000007ba700000, 0x00000007ba800000|  0%| F|  |TAMS 0x00000007ba700000| PB 0x00000007ba700000| Untracked 
| 936|0x00000007ba800000, 0x00000007ba800000, 0x00000007ba900000|  0%| F|  |TAMS 0x00000007ba800000| PB 0x00000007ba800000| Untracked 
| 937|0x00000007ba900000, 0x00000007ba900000, 0x00000007baa00000|  0%| F|  |TAMS 0x00000007ba900000| PB 0x00000007ba900000| Untracked 
| 938|0x00000007baa00000, 0x00000007baa00000, 0x00000007bab00000|  0%| F|  |TAMS 0x00000007baa00000| PB 0x00000007baa00000| Untracked 
| 939|0x00000007bab00000, 0x00000007bab00000, 0x00000007bac00000|  0%| F|  |TAMS 0x00000007bab00000| PB 0x00000007bab00000| Untracked 
| 940|0x00000007bac00000, 0x00000007bac00000, 0x00000007bad00000|  0%| F|  |TAMS 0x00000007bac00000| PB 0x00000007bac00000| Untracked 
| 941|0x00000007bad00000, 0x00000007bad00000, 0x00000007bae00000|  0%| F|  |TAMS 0x00000007bad00000| PB 0x00000007bad00000| Untracked 
| 942|0x00000007bae00000, 0x00000007bae00000, 0x00000007baf00000|  0%| F|  |TAMS 0x00000007bae00000| PB 0x00000007bae00000| Untracked 
| 943|0x00000007baf00000, 0x00000007baf00000, 0x00000007bb000000|  0%| F|  |TAMS 0x00000007baf00000| PB 0x00000007baf00000| Untracked 
| 944|0x00000007bb000000, 0x00000007bb000000, 0x00000007bb100000|  0%| F|  |TAMS 0x00000007bb000000| PB 0x00000007bb000000| Untracked 
| 945|0x00000007bb100000, 0x00000007bb100000, 0x00000007bb200000|  0%| F|  |TAMS 0x00000007bb100000| PB 0x00000007bb100000| Untracked 
| 946|0x00000007bb200000, 0x00000007bb200000, 0x00000007bb300000|  0%| F|  |TAMS 0x00000007bb200000| PB 0x00000007bb200000| Untracked 
| 947|0x00000007bb300000, 0x00000007bb300000, 0x00000007bb400000|  0%| F|  |TAMS 0x00000007bb300000| PB 0x00000007bb300000| Untracked 
| 948|0x00000007bb400000, 0x00000007bb400000, 0x00000007bb500000|  0%| F|  |TAMS 0x00000007bb400000| PB 0x00000007bb400000| Untracked 
| 949|0x00000007bb500000, 0x00000007bb500000, 0x00000007bb600000|  0%| F|  |TAMS 0x00000007bb500000| PB 0x00000007bb500000| Untracked 
| 950|0x00000007bb600000, 0x00000007bb600000, 0x00000007bb700000|  0%| F|  |TAMS 0x00000007bb600000| PB 0x00000007bb600000| Untracked 
| 951|0x00000007bb700000, 0x00000007bb700000, 0x00000007bb800000|  0%| F|  |TAMS 0x00000007bb700000| PB 0x00000007bb700000| Untracked 
| 952|0x00000007bb800000, 0x00000007bb800000, 0x00000007bb900000|  0%| F|  |TAMS 0x00000007bb800000| PB 0x00000007bb800000| Untracked 
| 953|0x00000007bb900000, 0x00000007bb900000, 0x00000007bba00000|  0%| F|  |TAMS 0x00000007bb900000| PB 0x00000007bb900000| Untracked 
| 954|0x00000007bba00000, 0x00000007bba00000, 0x00000007bbb00000|  0%| F|  |TAMS 0x00000007bba00000| PB 0x00000007bba00000| Untracked 
| 955|0x00000007bbb00000, 0x00000007bbb00000, 0x00000007bbc00000|  0%| F|  |TAMS 0x00000007bbb00000| PB 0x00000007bbb00000| Untracked 
| 956|0x00000007bbc00000, 0x00000007bbc00000, 0x00000007bbd00000|  0%| F|  |TAMS 0x00000007bbc00000| PB 0x00000007bbc00000| Untracked 
| 957|0x00000007bbd00000, 0x00000007bbd00000, 0x00000007bbe00000|  0%| F|  |TAMS 0x00000007bbd00000| PB 0x00000007bbd00000| Untracked 
| 958|0x00000007bbe00000, 0x00000007bbe00000, 0x00000007bbf00000|  0%| F|  |TAMS 0x00000007bbe00000| PB 0x00000007bbe00000| Untracked 
| 959|0x00000007bbf00000, 0x00000007bbf00000, 0x00000007bc000000|  0%| F|  |TAMS 0x00000007bbf00000| PB 0x00000007bbf00000| Untracked 
| 960|0x00000007bc000000, 0x00000007bc000000, 0x00000007bc100000|  0%| F|  |TAMS 0x00000007bc000000| PB 0x00000007bc000000| Untracked 
| 961|0x00000007bc100000, 0x00000007bc100000, 0x00000007bc200000|  0%| F|  |TAMS 0x00000007bc100000| PB 0x00000007bc100000| Untracked 
| 962|0x00000007bc200000, 0x00000007bc200000, 0x00000007bc300000|  0%| F|  |TAMS 0x00000007bc200000| PB 0x00000007bc200000| Untracked 
| 963|0x00000007bc300000, 0x00000007bc300000, 0x00000007bc400000|  0%| F|  |TAMS 0x00000007bc300000| PB 0x00000007bc300000| Untracked 
| 964|0x00000007bc400000, 0x00000007bc400000, 0x00000007bc500000|  0%| F|  |TAMS 0x00000007bc400000| PB 0x00000007bc400000| Untracked 
| 965|0x00000007bc500000, 0x00000007bc500000, 0x00000007bc600000|  0%| F|  |TAMS 0x00000007bc500000| PB 0x00000007bc500000| Untracked 
| 966|0x00000007bc600000, 0x00000007bc600000, 0x00000007bc700000|  0%| F|  |TAMS 0x00000007bc600000| PB 0x00000007bc600000| Untracked 
| 967|0x00000007bc700000, 0x00000007bc700000, 0x00000007bc800000|  0%| F|  |TAMS 0x00000007bc700000| PB 0x00000007bc700000| Untracked 
| 968|0x00000007bc800000, 0x00000007bc800000, 0x00000007bc900000|  0%| F|  |TAMS 0x00000007bc800000| PB 0x00000007bc800000| Untracked 
| 969|0x00000007bc900000, 0x00000007bc900000, 0x00000007bca00000|  0%| F|  |TAMS 0x00000007bc900000| PB 0x00000007bc900000| Untracked 
| 970|0x00000007bca00000, 0x00000007bca00000, 0x00000007bcb00000|  0%| F|  |TAMS 0x00000007bca00000| PB 0x00000007bca00000| Untracked 
| 971|0x00000007bcb00000, 0x00000007bcb00000, 0x00000007bcc00000|  0%| F|  |TAMS 0x00000007bcb00000| PB 0x00000007bcb00000| Untracked 
| 972|0x00000007bcc00000, 0x00000007bcc00000, 0x00000007bcd00000|  0%| F|  |TAMS 0x00000007bcc00000| PB 0x00000007bcc00000| Untracked 
| 973|0x00000007bcd00000, 0x00000007bcd00000, 0x00000007bce00000|  0%| F|  |TAMS 0x00000007bcd00000| PB 0x00000007bcd00000| Untracked 
| 974|0x00000007bce00000, 0x00000007bce00000, 0x00000007bcf00000|  0%| F|  |TAMS 0x00000007bce00000| PB 0x00000007bce00000| Untracked 
| 975|0x00000007bcf00000, 0x00000007bcf00000, 0x00000007bd000000|  0%| F|  |TAMS 0x00000007bcf00000| PB 0x00000007bcf00000| Untracked 
| 976|0x00000007bd000000, 0x00000007bd000000, 0x00000007bd100000|  0%| F|  |TAMS 0x00000007bd000000| PB 0x00000007bd000000| Untracked 
| 977|0x00000007bd100000, 0x00000007bd100000, 0x00000007bd200000|  0%| F|  |TAMS 0x00000007bd100000| PB 0x00000007bd100000| Untracked 
| 978|0x00000007bd200000, 0x00000007bd200000, 0x00000007bd300000|  0%| F|  |TAMS 0x00000007bd200000| PB 0x00000007bd200000| Untracked 
| 979|0x00000007bd300000, 0x00000007bd300000, 0x00000007bd400000|  0%| F|  |TAMS 0x00000007bd300000| PB 0x00000007bd300000| Untracked 
| 980|0x00000007bd400000, 0x00000007bd400000, 0x00000007bd500000|  0%| F|  |TAMS 0x00000007bd400000| PB 0x00000007bd400000| Untracked 
| 981|0x00000007bd500000, 0x00000007bd500000, 0x00000007bd600000|  0%| F|  |TAMS 0x00000007bd500000| PB 0x00000007bd500000| Untracked 
| 982|0x00000007bd600000, 0x00000007bd600000, 0x00000007bd700000|  0%| F|  |TAMS 0x00000007bd600000| PB 0x00000007bd600000| Untracked 
| 983|0x00000007bd700000, 0x00000007bd700000, 0x00000007bd800000|  0%| F|  |TAMS 0x00000007bd700000| PB 0x00000007bd700000| Untracked 
| 984|0x00000007bd800000, 0x00000007bd800000, 0x00000007bd900000|  0%| F|  |TAMS 0x00000007bd800000| PB 0x00000007bd800000| Untracked 
| 985|0x00000007bd900000, 0x00000007bd900000, 0x00000007bda00000|  0%| F|  |TAMS 0x00000007bd900000| PB 0x00000007bd900000| Untracked 
| 986|0x00000007bda00000, 0x00000007bda00000, 0x00000007bdb00000|  0%| F|  |TAMS 0x00000007bda00000| PB 0x00000007bda00000| Untracked 
| 987|0x00000007bdb00000, 0x00000007bdb00000, 0x00000007bdc00000|  0%| F|  |TAMS 0x00000007bdb00000| PB 0x00000007bdb00000| Untracked 
| 988|0x00000007bdc00000, 0x00000007bdc00000, 0x00000007bdd00000|  0%| F|  |TAMS 0x00000007bdc00000| PB 0x00000007bdc00000| Untracked 
| 989|0x00000007bdd00000, 0x00000007bdd00000, 0x00000007bde00000|  0%| F|  |TAMS 0x00000007bdd00000| PB 0x00000007bdd00000| Untracked 
| 990|0x00000007bde00000, 0x00000007bde00000, 0x00000007bdf00000|  0%| F|  |TAMS 0x00000007bde00000| PB 0x00000007bde00000| Untracked 
| 991|0x00000007bdf00000, 0x00000007bdf00000, 0x00000007be000000|  0%| F|  |TAMS 0x00000007bdf00000| PB 0x00000007bdf00000| Untracked 
| 992|0x00000007be000000, 0x00000007be000000, 0x00000007be100000|  0%| F|  |TAMS 0x00000007be000000| PB 0x00000007be000000| Untracked 
| 993|0x00000007be100000, 0x00000007be100000, 0x00000007be200000|  0%| F|  |TAMS 0x00000007be100000| PB 0x00000007be100000| Untracked 
| 994|0x00000007be200000, 0x00000007be200000, 0x00000007be300000|  0%| F|  |TAMS 0x00000007be200000| PB 0x00000007be200000| Untracked 
| 995|0x00000007be300000, 0x00000007be300000, 0x00000007be400000|  0%| F|  |TAMS 0x00000007be300000| PB 0x00000007be300000| Untracked 
| 996|0x00000007be400000, 0x00000007be400000, 0x00000007be500000|  0%| F|  |TAMS 0x00000007be400000| PB 0x00000007be400000| Untracked 
| 997|0x00000007be500000, 0x00000007be500000, 0x00000007be600000|  0%| F|  |TAMS 0x00000007be500000| PB 0x00000007be500000| Untracked 
| 998|0x00000007be600000, 0x00000007be600000, 0x00000007be700000|  0%| F|  |TAMS 0x00000007be600000| PB 0x00000007be600000| Untracked 
| 999|0x00000007be700000, 0x00000007be700000, 0x00000007be800000|  0%| F|  |TAMS 0x00000007be700000| PB 0x00000007be700000| Untracked 
|1000|0x00000007be800000, 0x00000007be800000, 0x00000007be900000|  0%| F|  |TAMS 0x00000007be800000| PB 0x00000007be800000| Untracked 
|1001|0x00000007be900000, 0x00000007be900000, 0x00000007bea00000|  0%| F|  |TAMS 0x00000007be900000| PB 0x00000007be900000| Untracked 
|1002|0x00000007bea00000, 0x00000007bea00000, 0x00000007beb00000|  0%| F|  |TAMS 0x00000007bea00000| PB 0x00000007bea00000| Untracked 
|1003|0x00000007beb00000, 0x00000007beb00000, 0x00000007bec00000|  0%| F|  |TAMS 0x00000007beb00000| PB 0x00000007beb00000| Untracked 
|1004|0x00000007bec00000, 0x00000007bec00000, 0x00000007bed00000|  0%| F|  |TAMS 0x00000007bec00000| PB 0x00000007bec00000| Untracked 
|1005|0x00000007bed00000, 0x00000007bed00000, 0x00000007bee00000|  0%| F|  |TAMS 0x00000007bed00000| PB 0x00000007bed00000| Untracked 
|1006|0x00000007bee00000, 0x00000007bee00000, 0x00000007bef00000|  0%| F|  |TAMS 0x00000007bee00000| PB 0x00000007bee00000| Untracked 
|1007|0x00000007bef00000, 0x00000007bef00000, 0x00000007bf000000|  0%| F|  |TAMS 0x00000007bef00000| PB 0x00000007bef00000| Untracked 
|1008|0x00000007bf000000, 0x00000007bf000000, 0x00000007bf100000|  0%| F|  |TAMS 0x00000007bf000000| PB 0x00000007bf000000| Untracked 
|1009|0x00000007bf100000, 0x00000007bf100000, 0x00000007bf200000|  0%| F|  |TAMS 0x00000007bf100000| PB 0x00000007bf100000| Untracked 
|1010|0x00000007bf200000, 0x00000007bf200000, 0x00000007bf300000|  0%| F|  |TAMS 0x00000007bf200000| PB 0x00000007bf200000| Untracked 
|1011|0x00000007bf300000, 0x00000007bf300000, 0x00000007bf400000|  0%| F|  |TAMS 0x00000007bf300000| PB 0x00000007bf300000| Untracked 
|1012|0x00000007bf400000, 0x00000007bf400000, 0x00000007bf500000|  0%| F|  |TAMS 0x00000007bf400000| PB 0x00000007bf400000| Untracked 
|1013|0x00000007bf500000, 0x00000007bf500000, 0x00000007bf600000|  0%| F|  |TAMS 0x00000007bf500000| PB 0x00000007bf500000| Untracked 
|1014|0x00000007bf600000, 0x00000007bf600000, 0x00000007bf700000|  0%| F|  |TAMS 0x00000007bf600000| PB 0x00000007bf600000| Untracked 
|1015|0x00000007bf700000, 0x00000007bf700000, 0x00000007bf800000|  0%| F|  |TAMS 0x00000007bf700000| PB 0x00000007bf700000| Untracked 
|1016|0x00000007bf800000, 0x00000007bf800000, 0x00000007bf900000|  0%| F|  |TAMS 0x00000007bf800000| PB 0x00000007bf800000| Untracked 
|1017|0x00000007bf900000, 0x00000007bf900000, 0x00000007bfa00000|  0%| F|  |TAMS 0x00000007bf900000| PB 0x00000007bf900000| Untracked 
|1018|0x00000007bfa00000, 0x00000007bfa00000, 0x00000007bfb00000|  0%| F|  |TAMS 0x00000007bfa00000| PB 0x00000007bfa00000| Untracked 
|1019|0x00000007bfb00000, 0x00000007bfb00000, 0x00000007bfc00000|  0%| F|  |TAMS 0x00000007bfb00000| PB 0x00000007bfb00000| Untracked 
|1020|0x00000007bfc00000, 0x00000007bfc00000, 0x00000007bfd00000|  0%| F|  |TAMS 0x00000007bfc00000| PB 0x00000007bfc00000| Untracked 
|1021|0x00000007bfd00000, 0x00000007bfd00000, 0x00000007bfe00000|  0%| F|  |TAMS 0x00000007bfd00000| PB 0x00000007bfd00000| Untracked 
|1022|0x00000007bfe00000, 0x00000007bfe00000, 0x00000007bff00000|  0%| F|  |TAMS 0x00000007bfe00000| PB 0x00000007bfe00000| Untracked 
|1023|0x00000007bff00000, 0x00000007bff00000, 0x00000007c0000000|  0%| F|  |TAMS 0x00000007bff00000| PB 0x00000007bff00000| Untracked 
|1024|0x00000007c0000000, 0x00000007c0000000, 0x00000007c0100000|  0%| F|  |TAMS 0x00000007c0000000| PB 0x00000007c0000000| Untracked 
|1025|0x00000007c0100000, 0x00000007c0100000, 0x00000007c0200000|  0%| F|  |TAMS 0x00000007c0100000| PB 0x00000007c0100000| Untracked 
|1026|0x00000007c0200000, 0x00000007c0200000, 0x00000007c0300000|  0%| F|  |TAMS 0x00000007c0200000| PB 0x00000007c0200000| Untracked 
|1027|0x00000007c0300000, 0x00000007c0300000, 0x00000007c0400000|  0%| F|  |TAMS 0x00000007c0300000| PB 0x00000007c0300000| Untracked 
|1028|0x00000007c0400000, 0x00000007c0400000, 0x00000007c0500000|  0%| F|  |TAMS 0x00000007c0400000| PB 0x00000007c0400000| Untracked 
|1029|0x00000007c0500000, 0x00000007c0500000, 0x00000007c0600000|  0%| F|  |TAMS 0x00000007c0500000| PB 0x00000007c0500000| Untracked 
|1030|0x00000007c0600000, 0x00000007c0600000, 0x00000007c0700000|  0%| F|  |TAMS 0x00000007c0600000| PB 0x00000007c0600000| Untracked 
|1031|0x00000007c0700000, 0x00000007c0700000, 0x00000007c0800000|  0%| F|  |TAMS 0x00000007c0700000| PB 0x00000007c0700000| Untracked 
|1032|0x00000007c0800000, 0x00000007c0800000, 0x00000007c0900000|  0%| F|  |TAMS 0x00000007c0800000| PB 0x00000007c0800000| Untracked 
|1033|0x00000007c0900000, 0x00000007c0900000, 0x00000007c0a00000|  0%| F|  |TAMS 0x00000007c0900000| PB 0x00000007c0900000| Untracked 
|1034|0x00000007c0a00000, 0x00000007c0a00000, 0x00000007c0b00000|  0%| F|  |TAMS 0x00000007c0a00000| PB 0x00000007c0a00000| Untracked 
|1035|0x00000007c0b00000, 0x00000007c0b00000, 0x00000007c0c00000|  0%| F|  |TAMS 0x00000007c0b00000| PB 0x00000007c0b00000| Untracked 
|1036|0x00000007c0c00000, 0x00000007c0c00000, 0x00000007c0d00000|  0%| F|  |TAMS 0x00000007c0c00000| PB 0x00000007c0c00000| Untracked 
|1037|0x00000007c0d00000, 0x00000007c0d00000, 0x00000007c0e00000|  0%| F|  |TAMS 0x00000007c0d00000| PB 0x00000007c0d00000| Untracked 
|1038|0x00000007c0e00000, 0x00000007c0e00000, 0x00000007c0f00000|  0%| F|  |TAMS 0x00000007c0e00000| PB 0x00000007c0e00000| Untracked 
|1039|0x00000007c0f00000, 0x00000007c0f00000, 0x00000007c1000000|  0%| F|  |TAMS 0x00000007c0f00000| PB 0x00000007c0f00000| Untracked 
|1040|0x00000007c1000000, 0x00000007c1000000, 0x00000007c1100000|  0%| F|  |TAMS 0x00000007c1000000| PB 0x00000007c1000000| Untracked 
|1041|0x00000007c1100000, 0x00000007c1100000, 0x00000007c1200000|  0%| F|  |TAMS 0x00000007c1100000| PB 0x00000007c1100000| Untracked 
|1042|0x00000007c1200000, 0x00000007c1200000, 0x00000007c1300000|  0%| F|  |TAMS 0x00000007c1200000| PB 0x00000007c1200000| Untracked 
|1043|0x00000007c1300000, 0x00000007c1300000, 0x00000007c1400000|  0%| F|  |TAMS 0x00000007c1300000| PB 0x00000007c1300000| Untracked 
|1044|0x00000007c1400000, 0x00000007c1400000, 0x00000007c1500000|  0%| F|  |TAMS 0x00000007c1400000| PB 0x00000007c1400000| Untracked 
|1045|0x00000007c1500000, 0x00000007c1500000, 0x00000007c1600000|  0%| F|  |TAMS 0x00000007c1500000| PB 0x00000007c1500000| Untracked 
|1046|0x00000007c1600000, 0x00000007c1600000, 0x00000007c1700000|  0%| F|  |TAMS 0x00000007c1600000| PB 0x00000007c1600000| Untracked 
|1047|0x00000007c1700000, 0x00000007c1700000, 0x00000007c1800000|  0%| F|  |TAMS 0x00000007c1700000| PB 0x00000007c1700000| Untracked 
|1048|0x00000007c1800000, 0x00000007c1800000, 0x00000007c1900000|  0%| F|  |TAMS 0x00000007c1800000| PB 0x00000007c1800000| Untracked 
|1049|0x00000007c1900000, 0x00000007c1900000, 0x00000007c1a00000|  0%| F|  |TAMS 0x00000007c1900000| PB 0x00000007c1900000| Untracked 
|1050|0x00000007c1a00000, 0x00000007c1a00000, 0x00000007c1b00000|  0%| F|  |TAMS 0x00000007c1a00000| PB 0x00000007c1a00000| Untracked 
|1051|0x00000007c1b00000, 0x00000007c1b00000, 0x00000007c1c00000|  0%| F|  |TAMS 0x00000007c1b00000| PB 0x00000007c1b00000| Untracked 
|1052|0x00000007c1c00000, 0x00000007c1c00000, 0x00000007c1d00000|  0%| F|  |TAMS 0x00000007c1c00000| PB 0x00000007c1c00000| Untracked 
|1053|0x00000007c1d00000, 0x00000007c1d00000, 0x00000007c1e00000|  0%| F|  |TAMS 0x00000007c1d00000| PB 0x00000007c1d00000| Untracked 
|1054|0x00000007c1e00000, 0x00000007c1e00000, 0x00000007c1f00000|  0%| F|  |TAMS 0x00000007c1e00000| PB 0x00000007c1e00000| Untracked 
|1055|0x00000007c1f00000, 0x00000007c1f00000, 0x00000007c2000000|  0%| F|  |TAMS 0x00000007c1f00000| PB 0x00000007c1f00000| Untracked 
|1056|0x00000007c2000000, 0x00000007c2000000, 0x00000007c2100000|  0%| F|  |TAMS 0x00000007c2000000| PB 0x00000007c2000000| Untracked 
|1057|0x00000007c2100000, 0x00000007c2100000, 0x00000007c2200000|  0%| F|  |TAMS 0x00000007c2100000| PB 0x00000007c2100000| Untracked 
|1058|0x00000007c2200000, 0x00000007c2200000, 0x00000007c2300000|  0%| F|  |TAMS 0x00000007c2200000| PB 0x00000007c2200000| Untracked 
|1059|0x00000007c2300000, 0x00000007c2300000, 0x00000007c2400000|  0%| F|  |TAMS 0x00000007c2300000| PB 0x00000007c2300000| Untracked 
|1060|0x00000007c2400000, 0x00000007c2400000, 0x00000007c2500000|  0%| F|  |TAMS 0x00000007c2400000| PB 0x00000007c2400000| Untracked 
|1061|0x00000007c2500000, 0x00000007c2500000, 0x00000007c2600000|  0%| F|  |TAMS 0x00000007c2500000| PB 0x00000007c2500000| Untracked 
|1062|0x00000007c2600000, 0x00000007c2600000, 0x00000007c2700000|  0%| F|  |TAMS 0x00000007c2600000| PB 0x00000007c2600000| Untracked 
|1063|0x00000007c2700000, 0x00000007c2700000, 0x00000007c2800000|  0%| F|  |TAMS 0x00000007c2700000| PB 0x00000007c2700000| Untracked 
|1064|0x00000007c2800000, 0x00000007c2800000, 0x00000007c2900000|  0%| F|  |TAMS 0x00000007c2800000| PB 0x00000007c2800000| Untracked 
|1065|0x00000007c2900000, 0x00000007c2900000, 0x00000007c2a00000|  0%| F|  |TAMS 0x00000007c2900000| PB 0x00000007c2900000| Untracked 
|1066|0x00000007c2a00000, 0x00000007c2a00000, 0x00000007c2b00000|  0%| F|  |TAMS 0x00000007c2a00000| PB 0x00000007c2a00000| Untracked 
|1067|0x00000007c2b00000, 0x00000007c2b00000, 0x00000007c2c00000|  0%| F|  |TAMS 0x00000007c2b00000| PB 0x00000007c2b00000| Untracked 
|1068|0x00000007c2c00000, 0x00000007c2c00000, 0x00000007c2d00000|  0%| F|  |TAMS 0x00000007c2c00000| PB 0x00000007c2c00000| Untracked 
|1069|0x00000007c2d00000, 0x00000007c2d00000, 0x00000007c2e00000|  0%| F|  |TAMS 0x00000007c2d00000| PB 0x00000007c2d00000| Untracked 
|1070|0x00000007c2e00000, 0x00000007c2e00000, 0x00000007c2f00000|  0%| F|  |TAMS 0x00000007c2e00000| PB 0x00000007c2e00000| Untracked 
|1071|0x00000007c2f00000, 0x00000007c2f00000, 0x00000007c3000000|  0%| F|  |TAMS 0x00000007c2f00000| PB 0x00000007c2f00000| Untracked 
|1072|0x00000007c3000000, 0x00000007c3000000, 0x00000007c3100000|  0%| F|  |TAMS 0x00000007c3000000| PB 0x00000007c3000000| Untracked 
|1073|0x00000007c3100000, 0x00000007c3100000, 0x00000007c3200000|  0%| F|  |TAMS 0x00000007c3100000| PB 0x00000007c3100000| Untracked 
|1074|0x00000007c3200000, 0x00000007c3200000, 0x00000007c3300000|  0%| F|  |TAMS 0x00000007c3200000| PB 0x00000007c3200000| Untracked 
|1075|0x00000007c3300000, 0x00000007c3300000, 0x00000007c3400000|  0%| F|  |TAMS 0x00000007c3300000| PB 0x00000007c3300000| Untracked 
|1076|0x00000007c3400000, 0x00000007c3400000, 0x00000007c3500000|  0%| F|  |TAMS 0x00000007c3400000| PB 0x00000007c3400000| Untracked 
|1077|0x00000007c3500000, 0x00000007c3500000, 0x00000007c3600000|  0%| F|  |TAMS 0x00000007c3500000| PB 0x00000007c3500000| Untracked 
|1078|0x00000007c3600000, 0x00000007c3600000, 0x00000007c3700000|  0%| F|  |TAMS 0x00000007c3600000| PB 0x00000007c3600000| Untracked 
|1079|0x00000007c3700000, 0x00000007c3700000, 0x00000007c3800000|  0%| F|  |TAMS 0x00000007c3700000| PB 0x00000007c3700000| Untracked 
|1080|0x00000007c3800000, 0x00000007c3800000, 0x00000007c3900000|  0%| F|  |TAMS 0x00000007c3800000| PB 0x00000007c3800000| Untracked 
|1081|0x00000007c3900000, 0x00000007c3900000, 0x00000007c3a00000|  0%| F|  |TAMS 0x00000007c3900000| PB 0x00000007c3900000| Untracked 
|1082|0x00000007c3a00000, 0x00000007c3a00000, 0x00000007c3b00000|  0%| F|  |TAMS 0x00000007c3a00000| PB 0x00000007c3a00000| Untracked 
|1083|0x00000007c3b00000, 0x00000007c3b00000, 0x00000007c3c00000|  0%| F|  |TAMS 0x00000007c3b00000| PB 0x00000007c3b00000| Untracked 
|1084|0x00000007c3c00000, 0x00000007c3c00000, 0x00000007c3d00000|  0%| F|  |TAMS 0x00000007c3c00000| PB 0x00000007c3c00000| Untracked 
|1085|0x00000007c3d00000, 0x00000007c3d00000, 0x00000007c3e00000|  0%| F|  |TAMS 0x00000007c3d00000| PB 0x00000007c3d00000| Untracked 
|1086|0x00000007c3e00000, 0x00000007c3e00000, 0x00000007c3f00000|  0%| F|  |TAMS 0x00000007c3e00000| PB 0x00000007c3e00000| Untracked 
|1087|0x00000007c3f00000, 0x00000007c3f00000, 0x00000007c4000000|  0%| F|  |TAMS 0x00000007c3f00000| PB 0x00000007c3f00000| Untracked 
|1088|0x00000007c4000000, 0x00000007c4000000, 0x00000007c4100000|  0%| F|  |TAMS 0x00000007c4000000| PB 0x00000007c4000000| Untracked 
|1089|0x00000007c4100000, 0x00000007c4100000, 0x00000007c4200000|  0%| F|  |TAMS 0x00000007c4100000| PB 0x00000007c4100000| Untracked 
|1090|0x00000007c4200000, 0x00000007c4200000, 0x00000007c4300000|  0%| F|  |TAMS 0x00000007c4200000| PB 0x00000007c4200000| Untracked 
|1091|0x00000007c4300000, 0x00000007c4300000, 0x00000007c4400000|  0%| F|  |TAMS 0x00000007c4300000| PB 0x00000007c4300000| Untracked 
|1092|0x00000007c4400000, 0x00000007c4400000, 0x00000007c4500000|  0%| F|  |TAMS 0x00000007c4400000| PB 0x00000007c4400000| Untracked 
|1093|0x00000007c4500000, 0x00000007c4500000, 0x00000007c4600000|  0%| F|  |TAMS 0x00000007c4500000| PB 0x00000007c4500000| Untracked 
|1094|0x00000007c4600000, 0x00000007c4600000, 0x00000007c4700000|  0%| F|  |TAMS 0x00000007c4600000| PB 0x00000007c4600000| Untracked 
|1095|0x00000007c4700000, 0x00000007c4700000, 0x00000007c4800000|  0%| F|  |TAMS 0x00000007c4700000| PB 0x00000007c4700000| Untracked 
|1096|0x00000007c4800000, 0x00000007c4800000, 0x00000007c4900000|  0%| F|  |TAMS 0x00000007c4800000| PB 0x00000007c4800000| Untracked 
|1097|0x00000007c4900000, 0x00000007c4900000, 0x00000007c4a00000|  0%| F|  |TAMS 0x00000007c4900000| PB 0x00000007c4900000| Untracked 
|1098|0x00000007c4a00000, 0x00000007c4a00000, 0x00000007c4b00000|  0%| F|  |TAMS 0x00000007c4a00000| PB 0x00000007c4a00000| Untracked 
|1099|0x00000007c4b00000, 0x00000007c4b00000, 0x00000007c4c00000|  0%| F|  |TAMS 0x00000007c4b00000| PB 0x00000007c4b00000| Untracked 
|1100|0x00000007c4c00000, 0x00000007c4c00000, 0x00000007c4d00000|  0%| F|  |TAMS 0x00000007c4c00000| PB 0x00000007c4c00000| Untracked 
|1101|0x00000007c4d00000, 0x00000007c4d00000, 0x00000007c4e00000|  0%| F|  |TAMS 0x00000007c4d00000| PB 0x00000007c4d00000| Untracked 
|1102|0x00000007c4e00000, 0x00000007c4e00000, 0x00000007c4f00000|  0%| F|  |TAMS 0x00000007c4e00000| PB 0x00000007c4e00000| Untracked 
|1103|0x00000007c4f00000, 0x00000007c4f00000, 0x00000007c5000000|  0%| F|  |TAMS 0x00000007c4f00000| PB 0x00000007c4f00000| Untracked 
|1104|0x00000007c5000000, 0x00000007c5000000, 0x00000007c5100000|  0%| F|  |TAMS 0x00000007c5000000| PB 0x00000007c5000000| Untracked 
|1105|0x00000007c5100000, 0x00000007c5100000, 0x00000007c5200000|  0%| F|  |TAMS 0x00000007c5100000| PB 0x00000007c5100000| Untracked 
|1106|0x00000007c5200000, 0x00000007c5200000, 0x00000007c5300000|  0%| F|  |TAMS 0x00000007c5200000| PB 0x00000007c5200000| Untracked 
|1107|0x00000007c5300000, 0x00000007c5300000, 0x00000007c5400000|  0%| F|  |TAMS 0x00000007c5300000| PB 0x00000007c5300000| Untracked 
|1108|0x00000007c5400000, 0x00000007c5400000, 0x00000007c5500000|  0%| F|  |TAMS 0x00000007c5400000| PB 0x00000007c5400000| Untracked 
|1109|0x00000007c5500000, 0x00000007c5500000, 0x00000007c5600000|  0%| F|  |TAMS 0x00000007c5500000| PB 0x00000007c5500000| Untracked 
|1110|0x00000007c5600000, 0x00000007c5600000, 0x00000007c5700000|  0%| F|  |TAMS 0x00000007c5600000| PB 0x00000007c5600000| Untracked 
|1111|0x00000007c5700000, 0x00000007c5700000, 0x00000007c5800000|  0%| F|  |TAMS 0x00000007c5700000| PB 0x00000007c5700000| Untracked 
|1112|0x00000007c5800000, 0x00000007c5800000, 0x00000007c5900000|  0%| F|  |TAMS 0x00000007c5800000| PB 0x00000007c5800000| Untracked 
|1113|0x00000007c5900000, 0x00000007c5900000, 0x00000007c5a00000|  0%| F|  |TAMS 0x00000007c5900000| PB 0x00000007c5900000| Untracked 
|1114|0x00000007c5a00000, 0x00000007c5a00000, 0x00000007c5b00000|  0%| F|  |TAMS 0x00000007c5a00000| PB 0x00000007c5a00000| Untracked 
|1115|0x00000007c5b00000, 0x00000007c5b00000, 0x00000007c5c00000|  0%| F|  |TAMS 0x00000007c5b00000| PB 0x00000007c5b00000| Untracked 
|1116|0x00000007c5c00000, 0x00000007c5c00000, 0x00000007c5d00000|  0%| F|  |TAMS 0x00000007c5c00000| PB 0x00000007c5c00000| Untracked 
|1117|0x00000007c5d00000, 0x00000007c5d80800, 0x00000007c5e00000| 50%| E|  |TAMS 0x00000007c5d00000| PB 0x00000007c5d00000| Complete 
|1118|0x00000007c5e00000, 0x00000007c5f00000, 0x00000007c5f00000|100%| E|CS|TAMS 0x00000007c5e00000| PB 0x00000007c5e00000| Complete 
|1119|0x00000007c5f00000, 0x00000007c6000000, 0x00000007c6000000|100%| E|CS|TAMS 0x00000007c5f00000| PB 0x00000007c5f00000| Complete 
|1120|0x00000007c6000000, 0x00000007c6100000, 0x00000007c6100000|100%| E|CS|TAMS 0x00000007c6000000| PB 0x00000007c6000000| Complete 
|1121|0x00000007c6100000, 0x00000007c6200000, 0x00000007c6200000|100%| E|CS|TAMS 0x00000007c6100000| PB 0x00000007c6100000| Complete 
|1122|0x00000007c6200000, 0x00000007c6300000, 0x00000007c6300000|100%| E|CS|TAMS 0x00000007c6200000| PB 0x00000007c6200000| Complete 
|1123|0x00000007c6300000, 0x00000007c6400000, 0x00000007c6400000|100%| E|CS|TAMS 0x00000007c6300000| PB 0x00000007c6300000| Complete 
|1124|0x00000007c6400000, 0x00000007c6500000, 0x00000007c6500000|100%| E|CS|TAMS 0x00000007c6400000| PB 0x00000007c6400000| Complete 
|1125|0x00000007c6500000, 0x00000007c6600000, 0x00000007c6600000|100%| E|CS|TAMS 0x00000007c6500000| PB 0x00000007c6500000| Complete 
|1126|0x00000007c6600000, 0x00000007c6700000, 0x00000007c6700000|100%| E|CS|TAMS 0x00000007c6600000| PB 0x00000007c6600000| Complete 
|1127|0x00000007c6700000, 0x00000007c6800000, 0x00000007c6800000|100%| E|CS|TAMS 0x00000007c6700000| PB 0x00000007c6700000| Complete 
|1128|0x00000007c6800000, 0x00000007c6900000, 0x00000007c6900000|100%| E|CS|TAMS 0x00000007c6800000| PB 0x00000007c6800000| Complete 
|1129|0x00000007c6900000, 0x00000007c6a00000, 0x00000007c6a00000|100%| E|CS|TAMS 0x00000007c6900000| PB 0x00000007c6900000| Complete 
|1130|0x00000007c6a00000, 0x00000007c6b00000, 0x00000007c6b00000|100%| E|CS|TAMS 0x00000007c6a00000| PB 0x00000007c6a00000| Complete 
|1131|0x00000007c6b00000, 0x00000007c6c00000, 0x00000007c6c00000|100%| E|CS|TAMS 0x00000007c6b00000| PB 0x00000007c6b00000| Complete 
|1132|0x00000007c6c00000, 0x00000007c6d00000, 0x00000007c6d00000|100%| E|CS|TAMS 0x00000007c6c00000| PB 0x00000007c6c00000| Complete 
|1133|0x00000007c6d00000, 0x00000007c6e00000, 0x00000007c6e00000|100%| E|CS|TAMS 0x00000007c6d00000| PB 0x00000007c6d00000| Complete 
|1134|0x00000007c6e00000, 0x00000007c6f00000, 0x00000007c6f00000|100%| E|CS|TAMS 0x00000007c6e00000| PB 0x00000007c6e00000| Complete 
|1135|0x00000007c6f00000, 0x00000007c7000000, 0x00000007c7000000|100%| E|CS|TAMS 0x00000007c6f00000| PB 0x00000007c6f00000| Complete 
|1136|0x00000007c7000000, 0x00000007c7100000, 0x00000007c7100000|100%| E|CS|TAMS 0x00000007c7000000| PB 0x00000007c7000000| Complete 
|1137|0x00000007c7100000, 0x00000007c7200000, 0x00000007c7200000|100%| E|CS|TAMS 0x00000007c7100000| PB 0x00000007c7100000| Complete 
|1138|0x00000007c7200000, 0x00000007c7300000, 0x00000007c7300000|100%| E|CS|TAMS 0x00000007c7200000| PB 0x00000007c7200000| Complete 
|1139|0x00000007c7300000, 0x00000007c7400000, 0x00000007c7400000|100%| E|CS|TAMS 0x00000007c7300000| PB 0x00000007c7300000| Complete 
|1140|0x00000007c7400000, 0x00000007c7500000, 0x00000007c7500000|100%| E|CS|TAMS 0x00000007c7400000| PB 0x00000007c7400000| Complete 
|1141|0x00000007c7500000, 0x00000007c7600000, 0x00000007c7600000|100%| E|CS|TAMS 0x00000007c7500000| PB 0x00000007c7500000| Complete 
|1142|0x00000007c7600000, 0x00000007c7700000, 0x00000007c7700000|100%| E|CS|TAMS 0x00000007c7600000| PB 0x00000007c7600000| Complete 
|1143|0x00000007c7700000, 0x00000007c7800000, 0x00000007c7800000|100%| E|CS|TAMS 0x00000007c7700000| PB 0x00000007c7700000| Complete 
|1144|0x00000007c7800000, 0x00000007c7900000, 0x00000007c7900000|100%| E|CS|TAMS 0x00000007c7800000| PB 0x00000007c7800000| Complete 
|1145|0x00000007c7900000, 0x00000007c7a00000, 0x00000007c7a00000|100%| E|CS|TAMS 0x00000007c7900000| PB 0x00000007c7900000| Complete 
|1146|0x00000007c7a00000, 0x00000007c7b00000, 0x00000007c7b00000|100%| E|CS|TAMS 0x00000007c7a00000| PB 0x00000007c7a00000| Complete 
|1147|0x00000007c7b00000, 0x00000007c7c00000, 0x00000007c7c00000|100%| E|CS|TAMS 0x00000007c7b00000| PB 0x00000007c7b00000| Complete 
|1148|0x00000007c7c00000, 0x00000007c7d00000, 0x00000007c7d00000|100%| E|CS|TAMS 0x00000007c7c00000| PB 0x00000007c7c00000| Complete 
|1149|0x00000007c7d00000, 0x00000007c7e00000, 0x00000007c7e00000|100%| E|CS|TAMS 0x00000007c7d00000| PB 0x00000007c7d00000| Complete 
|1150|0x00000007c7e00000, 0x00000007c7f00000, 0x00000007c7f00000|100%| E|CS|TAMS 0x00000007c7e00000| PB 0x00000007c7e00000| Complete 
|1151|0x00000007c7f00000, 0x00000007c8000000, 0x00000007c8000000|100%| E|CS|TAMS 0x00000007c7f00000| PB 0x00000007c7f00000| Complete 
|1152|0x00000007c8000000, 0x00000007c8100000, 0x00000007c8100000|100%| E|CS|TAMS 0x00000007c8000000| PB 0x00000007c8000000| Complete 
|1153|0x00000007c8100000, 0x00000007c8200000, 0x00000007c8200000|100%| E|CS|TAMS 0x00000007c8100000| PB 0x00000007c8100000| Complete 
|1154|0x00000007c8200000, 0x00000007c8300000, 0x00000007c8300000|100%| E|CS|TAMS 0x00000007c8200000| PB 0x00000007c8200000| Complete 
|1155|0x00000007c8300000, 0x00000007c8400000, 0x00000007c8400000|100%| E|CS|TAMS 0x00000007c8300000| PB 0x00000007c8300000| Complete 
|1156|0x00000007c8400000, 0x00000007c8500000, 0x00000007c8500000|100%| E|CS|TAMS 0x00000007c8400000| PB 0x00000007c8400000| Complete 
|1157|0x00000007c8500000, 0x00000007c8600000, 0x00000007c8600000|100%| E|CS|TAMS 0x00000007c8500000| PB 0x00000007c8500000| Complete 
|1158|0x00000007c8600000, 0x00000007c8700000, 0x00000007c8700000|100%| E|CS|TAMS 0x00000007c8600000| PB 0x00000007c8600000| Complete 
|1159|0x00000007c8700000, 0x00000007c8800000, 0x00000007c8800000|100%| E|CS|TAMS 0x00000007c8700000| PB 0x00000007c8700000| Complete 
|1160|0x00000007c8800000, 0x00000007c8900000, 0x00000007c8900000|100%| E|CS|TAMS 0x00000007c8800000| PB 0x00000007c8800000| Complete 
|1161|0x00000007c8900000, 0x00000007c8a00000, 0x00000007c8a00000|100%| E|CS|TAMS 0x00000007c8900000| PB 0x00000007c8900000| Complete 
|1162|0x00000007c8a00000, 0x00000007c8b00000, 0x00000007c8b00000|100%| E|CS|TAMS 0x00000007c8a00000| PB 0x00000007c8a00000| Complete 
|1163|0x00000007c8b00000, 0x00000007c8c00000, 0x00000007c8c00000|100%| E|CS|TAMS 0x00000007c8b00000| PB 0x00000007c8b00000| Complete 
|1164|0x00000007c8c00000, 0x00000007c8d00000, 0x00000007c8d00000|100%| E|CS|TAMS 0x00000007c8c00000| PB 0x00000007c8c00000| Complete 
|1165|0x00000007c8d00000, 0x00000007c8e00000, 0x00000007c8e00000|100%| E|CS|TAMS 0x00000007c8d00000| PB 0x00000007c8d00000| Complete 
|1166|0x00000007c8e00000, 0x00000007c8f00000, 0x00000007c8f00000|100%| E|CS|TAMS 0x00000007c8e00000| PB 0x00000007c8e00000| Complete 
|1167|0x00000007c8f00000, 0x00000007c9000000, 0x00000007c9000000|100%| E|CS|TAMS 0x00000007c8f00000| PB 0x00000007c8f00000| Complete 
|1168|0x00000007c9000000, 0x00000007c9100000, 0x00000007c9100000|100%| E|CS|TAMS 0x00000007c9000000| PB 0x00000007c9000000| Complete 
|1169|0x00000007c9100000, 0x00000007c9200000, 0x00000007c9200000|100%| E|CS|TAMS 0x00000007c9100000| PB 0x00000007c9100000| Complete 
|1170|0x00000007c9200000, 0x00000007c9300000, 0x00000007c9300000|100%| E|CS|TAMS 0x00000007c9200000| PB 0x00000007c9200000| Complete 
|1171|0x00000007c9300000, 0x00000007c9400000, 0x00000007c9400000|100%| E|CS|TAMS 0x00000007c9300000| PB 0x00000007c9300000| Complete 
|1172|0x00000007c9400000, 0x00000007c9500000, 0x00000007c9500000|100%| E|CS|TAMS 0x00000007c9400000| PB 0x00000007c9400000| Complete 
|1173|0x00000007c9500000, 0x00000007c9600000, 0x00000007c9600000|100%| E|CS|TAMS 0x00000007c9500000| PB 0x00000007c9500000| Complete 
|1174|0x00000007c9600000, 0x00000007c9700000, 0x00000007c9700000|100%| E|CS|TAMS 0x00000007c9600000| PB 0x00000007c9600000| Complete 
|1175|0x00000007c9700000, 0x00000007c9800000, 0x00000007c9800000|100%| E|CS|TAMS 0x00000007c9700000| PB 0x00000007c9700000| Complete 
|1176|0x00000007c9800000, 0x00000007c9900000, 0x00000007c9900000|100%| E|CS|TAMS 0x00000007c9800000| PB 0x00000007c9800000| Complete 
|1177|0x00000007c9900000, 0x00000007c9a00000, 0x00000007c9a00000|100%| E|CS|TAMS 0x00000007c9900000| PB 0x00000007c9900000| Complete 
|1178|0x00000007c9a00000, 0x00000007c9b00000, 0x00000007c9b00000|100%| E|CS|TAMS 0x00000007c9a00000| PB 0x00000007c9a00000| Complete 
|1179|0x00000007c9b00000, 0x00000007c9c00000, 0x00000007c9c00000|100%| E|CS|TAMS 0x00000007c9b00000| PB 0x00000007c9b00000| Complete 
|1180|0x00000007c9c00000, 0x00000007c9d00000, 0x00000007c9d00000|100%| E|CS|TAMS 0x00000007c9c00000| PB 0x00000007c9c00000| Complete 
|1181|0x00000007c9d00000, 0x00000007c9e00000, 0x00000007c9e00000|100%| E|CS|TAMS 0x00000007c9d00000| PB 0x00000007c9d00000| Complete 
|1182|0x00000007c9e00000, 0x00000007c9f00000, 0x00000007c9f00000|100%| E|CS|TAMS 0x00000007c9e00000| PB 0x00000007c9e00000| Complete 
|1183|0x00000007c9f00000, 0x00000007ca000000, 0x00000007ca000000|100%| E|CS|TAMS 0x00000007c9f00000| PB 0x00000007c9f00000| Complete 
|1184|0x00000007ca000000, 0x00000007ca100000, 0x00000007ca100000|100%| E|CS|TAMS 0x00000007ca000000| PB 0x00000007ca000000| Complete 
|1185|0x00000007ca100000, 0x00000007ca200000, 0x00000007ca200000|100%| E|CS|TAMS 0x00000007ca100000| PB 0x00000007ca100000| Complete 
|1186|0x00000007ca200000, 0x00000007ca300000, 0x00000007ca300000|100%| E|CS|TAMS 0x00000007ca200000| PB 0x00000007ca200000| Complete 
|1187|0x00000007ca300000, 0x00000007ca400000, 0x00000007ca400000|100%| E|  |TAMS 0x00000007ca300000| PB 0x00000007ca300000| Complete 
|1188|0x00000007ca400000, 0x00000007ca500000, 0x00000007ca500000|100%| E|CS|TAMS 0x00000007ca400000| PB 0x00000007ca400000| Complete 
|1189|0x00000007ca500000, 0x00000007ca600000, 0x00000007ca600000|100%| E|CS|TAMS 0x00000007ca500000| PB 0x00000007ca500000| Complete 
|1190|0x00000007ca600000, 0x00000007ca700000, 0x00000007ca700000|100%| E|CS|TAMS 0x00000007ca600000| PB 0x00000007ca600000| Complete 
|1191|0x00000007ca700000, 0x00000007ca800000, 0x00000007ca800000|100%| E|CS|TAMS 0x00000007ca700000| PB 0x00000007ca700000| Complete 
|1192|0x00000007ca800000, 0x00000007ca900000, 0x00000007ca900000|100%| E|CS|TAMS 0x00000007ca800000| PB 0x00000007ca800000| Complete 
|1193|0x00000007ca900000, 0x00000007caa00000, 0x00000007caa00000|100%| E|CS|TAMS 0x00000007ca900000| PB 0x00000007ca900000| Complete 
|1194|0x00000007caa00000, 0x00000007cab00000, 0x00000007cab00000|100%| E|CS|TAMS 0x00000007caa00000| PB 0x00000007caa00000| Complete 
|1195|0x00000007cab00000, 0x00000007cac00000, 0x00000007cac00000|100%| E|CS|TAMS 0x00000007cab00000| PB 0x00000007cab00000| Complete 
|1196|0x00000007cac00000, 0x00000007cad00000, 0x00000007cad00000|100%| E|CS|TAMS 0x00000007cac00000| PB 0x00000007cac00000| Complete 
|1197|0x00000007cad00000, 0x00000007cae00000, 0x00000007cae00000|100%| E|CS|TAMS 0x00000007cad00000| PB 0x00000007cad00000| Complete 
|1198|0x00000007cae00000, 0x00000007caf00000, 0x00000007caf00000|100%| E|CS|TAMS 0x00000007cae00000| PB 0x00000007cae00000| Complete 
|1199|0x00000007caf00000, 0x00000007cb000000, 0x00000007cb000000|100%| E|CS|TAMS 0x00000007caf00000| PB 0x00000007caf00000| Complete 
|1200|0x00000007cb000000, 0x00000007cb100000, 0x00000007cb100000|100%| E|CS|TAMS 0x00000007cb000000| PB 0x00000007cb000000| Complete 
|1201|0x00000007cb100000, 0x00000007cb200000, 0x00000007cb200000|100%| E|CS|TAMS 0x00000007cb100000| PB 0x00000007cb100000| Complete 
|1202|0x00000007cb200000, 0x00000007cb300000, 0x00000007cb300000|100%| E|CS|TAMS 0x00000007cb200000| PB 0x00000007cb200000| Complete 
|1203|0x00000007cb300000, 0x00000007cb400000, 0x00000007cb400000|100%| E|CS|TAMS 0x00000007cb300000| PB 0x00000007cb300000| Complete 
|1204|0x00000007cb400000, 0x00000007cb500000, 0x00000007cb500000|100%| E|CS|TAMS 0x00000007cb400000| PB 0x00000007cb400000| Complete 
|1205|0x00000007cb500000, 0x00000007cb600000, 0x00000007cb600000|100%| E|CS|TAMS 0x00000007cb500000| PB 0x00000007cb500000| Complete 
|1206|0x00000007cb600000, 0x00000007cb700000, 0x00000007cb700000|100%| E|CS|TAMS 0x00000007cb600000| PB 0x00000007cb600000| Complete 
|1207|0x00000007cb700000, 0x00000007cb800000, 0x00000007cb800000|100%| E|CS|TAMS 0x00000007cb700000| PB 0x00000007cb700000| Complete 
|1208|0x00000007cb800000, 0x00000007cb900000, 0x00000007cb900000|100%| E|CS|TAMS 0x00000007cb800000| PB 0x00000007cb800000| Complete 
|1209|0x00000007cb900000, 0x00000007cba00000, 0x00000007cba00000|100%| E|CS|TAMS 0x00000007cb900000| PB 0x00000007cb900000| Complete 
|1210|0x00000007cba00000, 0x00000007cbb00000, 0x00000007cbb00000|100%| E|CS|TAMS 0x00000007cba00000| PB 0x00000007cba00000| Complete 
|1211|0x00000007cbb00000, 0x00000007cbc00000, 0x00000007cbc00000|100%| E|CS|TAMS 0x00000007cbb00000| PB 0x00000007cbb00000| Complete 
|1212|0x00000007cbc00000, 0x00000007cbd00000, 0x00000007cbd00000|100%| E|CS|TAMS 0x00000007cbc00000| PB 0x00000007cbc00000| Complete 
|1213|0x00000007cbd00000, 0x00000007cbe00000, 0x00000007cbe00000|100%| E|CS|TAMS 0x00000007cbd00000| PB 0x00000007cbd00000| Complete 
|1214|0x00000007cbe00000, 0x00000007cbf00000, 0x00000007cbf00000|100%| E|CS|TAMS 0x00000007cbe00000| PB 0x00000007cbe00000| Complete 
|1215|0x00000007cbf00000, 0x00000007cc000000, 0x00000007cc000000|100%| E|CS|TAMS 0x00000007cbf00000| PB 0x00000007cbf00000| Complete 
|1216|0x00000007cc000000, 0x00000007cc100000, 0x00000007cc100000|100%| E|CS|TAMS 0x00000007cc000000| PB 0x00000007cc000000| Complete 
|1217|0x00000007cc100000, 0x00000007cc200000, 0x00000007cc200000|100%| E|CS|TAMS 0x00000007cc100000| PB 0x00000007cc100000| Complete 
|1218|0x00000007cc200000, 0x00000007cc300000, 0x00000007cc300000|100%| E|CS|TAMS 0x00000007cc200000| PB 0x00000007cc200000| Complete 
|1219|0x00000007cc300000, 0x00000007cc400000, 0x00000007cc400000|100%| E|CS|TAMS 0x00000007cc300000| PB 0x00000007cc300000| Complete 
|1220|0x00000007cc400000, 0x00000007cc500000, 0x00000007cc500000|100%| E|CS|TAMS 0x00000007cc400000| PB 0x00000007cc400000| Complete 
|1221|0x00000007cc500000, 0x00000007cc600000, 0x00000007cc600000|100%| E|CS|TAMS 0x00000007cc500000| PB 0x00000007cc500000| Complete 
|1222|0x00000007cc600000, 0x00000007cc700000, 0x00000007cc700000|100%| E|CS|TAMS 0x00000007cc600000| PB 0x00000007cc600000| Complete 
|1223|0x00000007cc700000, 0x00000007cc800000, 0x00000007cc800000|100%| E|CS|TAMS 0x00000007cc700000| PB 0x00000007cc700000| Complete 
|1224|0x00000007cc800000, 0x00000007cc900000, 0x00000007cc900000|100%| E|CS|TAMS 0x00000007cc800000| PB 0x00000007cc800000| Complete 
|1225|0x00000007cc900000, 0x00000007cca00000, 0x00000007cca00000|100%| E|CS|TAMS 0x00000007cc900000| PB 0x00000007cc900000| Complete 
|1226|0x00000007cca00000, 0x00000007ccb00000, 0x00000007ccb00000|100%| E|CS|TAMS 0x00000007cca00000| PB 0x00000007cca00000| Complete 
|1227|0x00000007ccb00000, 0x00000007ccc00000, 0x00000007ccc00000|100%| E|CS|TAMS 0x00000007ccb00000| PB 0x00000007ccb00000| Complete 
|1228|0x00000007ccc00000, 0x00000007ccd00000, 0x00000007ccd00000|100%| E|CS|TAMS 0x00000007ccc00000| PB 0x00000007ccc00000| Complete 
|1229|0x00000007ccd00000, 0x00000007cce00000, 0x00000007cce00000|100%| E|CS|TAMS 0x00000007ccd00000| PB 0x00000007ccd00000| Complete 
|1230|0x00000007cce00000, 0x00000007ccf00000, 0x00000007ccf00000|100%| E|CS|TAMS 0x00000007cce00000| PB 0x00000007cce00000| Complete 
|1231|0x00000007ccf00000, 0x00000007cd000000, 0x00000007cd000000|100%| E|CS|TAMS 0x00000007ccf00000| PB 0x00000007ccf00000| Complete 
|1232|0x00000007cd000000, 0x00000007cd100000, 0x00000007cd100000|100%| E|CS|TAMS 0x00000007cd000000| PB 0x00000007cd000000| Complete 
|1233|0x00000007cd100000, 0x00000007cd200000, 0x00000007cd200000|100%| E|CS|TAMS 0x00000007cd100000| PB 0x00000007cd100000| Complete 
|1234|0x00000007cd200000, 0x00000007cd300000, 0x00000007cd300000|100%| E|CS|TAMS 0x00000007cd200000| PB 0x00000007cd200000| Complete 
|1235|0x00000007cd300000, 0x00000007cd400000, 0x00000007cd400000|100%| E|CS|TAMS 0x00000007cd300000| PB 0x00000007cd300000| Complete 
|1236|0x00000007cd400000, 0x00000007cd500000, 0x00000007cd500000|100%| E|CS|TAMS 0x00000007cd400000| PB 0x00000007cd400000| Complete 
|1237|0x00000007cd500000, 0x00000007cd600000, 0x00000007cd600000|100%| E|CS|TAMS 0x00000007cd500000| PB 0x00000007cd500000| Complete 
|1238|0x00000007cd600000, 0x00000007cd700000, 0x00000007cd700000|100%| E|CS|TAMS 0x00000007cd600000| PB 0x00000007cd600000| Complete 
|1239|0x00000007cd700000, 0x00000007cd800000, 0x00000007cd800000|100%| E|CS|TAMS 0x00000007cd700000| PB 0x00000007cd700000| Complete 
|1240|0x00000007cd800000, 0x00000007cd900000, 0x00000007cd900000|100%| E|CS|TAMS 0x00000007cd800000| PB 0x00000007cd800000| Complete 
|1241|0x00000007cd900000, 0x00000007cda00000, 0x00000007cda00000|100%| E|CS|TAMS 0x00000007cd900000| PB 0x00000007cd900000| Complete 
|1242|0x00000007cda00000, 0x00000007cdb00000, 0x00000007cdb00000|100%| E|CS|TAMS 0x00000007cda00000| PB 0x00000007cda00000| Complete 
|1243|0x00000007cdb00000, 0x00000007cdc00000, 0x00000007cdc00000|100%| E|CS|TAMS 0x00000007cdb00000| PB 0x00000007cdb00000| Complete 
|1244|0x00000007cdc00000, 0x00000007cdd00000, 0x00000007cdd00000|100%| E|CS|TAMS 0x00000007cdc00000| PB 0x00000007cdc00000| Complete 
|1245|0x00000007cdd00000, 0x00000007cde00000, 0x00000007cde00000|100%| E|CS|TAMS 0x00000007cdd00000| PB 0x00000007cdd00000| Complete 
|1246|0x00000007cde00000, 0x00000007cdf00000, 0x00000007cdf00000|100%| E|CS|TAMS 0x00000007cde00000| PB 0x00000007cde00000| Complete 
|1247|0x00000007cdf00000, 0x00000007ce000000, 0x00000007ce000000|100%| E|CS|TAMS 0x00000007cdf00000| PB 0x00000007cdf00000| Complete 
|1248|0x00000007ce000000, 0x00000007ce100000, 0x00000007ce100000|100%| E|CS|TAMS 0x00000007ce000000| PB 0x00000007ce000000| Complete 
|1249|0x00000007ce100000, 0x00000007ce200000, 0x00000007ce200000|100%| E|CS|TAMS 0x00000007ce100000| PB 0x00000007ce100000| Complete 
|1250|0x00000007ce200000, 0x00000007ce300000, 0x00000007ce300000|100%| E|CS|TAMS 0x00000007ce200000| PB 0x00000007ce200000| Complete 
|1251|0x00000007ce300000, 0x00000007ce400000, 0x00000007ce400000|100%| E|CS|TAMS 0x00000007ce300000| PB 0x00000007ce300000| Complete 
|1252|0x00000007ce400000, 0x00000007ce500000, 0x00000007ce500000|100%| E|CS|TAMS 0x00000007ce400000| PB 0x00000007ce400000| Complete 
|1253|0x00000007ce500000, 0x00000007ce600000, 0x00000007ce600000|100%| E|CS|TAMS 0x00000007ce500000| PB 0x00000007ce500000| Complete 
|1254|0x00000007ce600000, 0x00000007ce700000, 0x00000007ce700000|100%| E|CS|TAMS 0x00000007ce600000| PB 0x00000007ce600000| Complete 
|1255|0x00000007ce700000, 0x00000007ce800000, 0x00000007ce800000|100%| E|CS|TAMS 0x00000007ce700000| PB 0x00000007ce700000| Complete 
|1256|0x00000007ce800000, 0x00000007ce900000, 0x00000007ce900000|100%| E|CS|TAMS 0x00000007ce800000| PB 0x00000007ce800000| Complete 
|1257|0x00000007ce900000, 0x00000007cea00000, 0x00000007cea00000|100%| E|CS|TAMS 0x00000007ce900000| PB 0x00000007ce900000| Complete 
|1258|0x00000007cea00000, 0x00000007ceb00000, 0x00000007ceb00000|100%| E|CS|TAMS 0x00000007cea00000| PB 0x00000007cea00000| Complete 
|1259|0x00000007ceb00000, 0x00000007cec00000, 0x00000007cec00000|100%| E|CS|TAMS 0x00000007ceb00000| PB 0x00000007ceb00000| Complete 
|1260|0x00000007cec00000, 0x00000007ced00000, 0x00000007ced00000|100%| E|CS|TAMS 0x00000007cec00000| PB 0x00000007cec00000| Complete 
|1261|0x00000007ced00000, 0x00000007cee00000, 0x00000007cee00000|100%| E|CS|TAMS 0x00000007ced00000| PB 0x00000007ced00000| Complete 
|1262|0x00000007cee00000, 0x00000007cef00000, 0x00000007cef00000|100%| E|CS|TAMS 0x00000007cee00000| PB 0x00000007cee00000| Complete 
|1263|0x00000007cef00000, 0x00000007cf000000, 0x00000007cf000000|100%| E|CS|TAMS 0x00000007cef00000| PB 0x00000007cef00000| Complete 
|1264|0x00000007cf000000, 0x00000007cf100000, 0x00000007cf100000|100%| E|CS|TAMS 0x00000007cf000000| PB 0x00000007cf000000| Complete 
|1265|0x00000007cf100000, 0x00000007cf200000, 0x00000007cf200000|100%| E|CS|TAMS 0x00000007cf100000| PB 0x00000007cf100000| Complete 
|1266|0x00000007cf200000, 0x00000007cf300000, 0x00000007cf300000|100%| E|CS|TAMS 0x00000007cf200000| PB 0x00000007cf200000| Complete 
|1267|0x00000007cf300000, 0x00000007cf400000, 0x00000007cf400000|100%| E|CS|TAMS 0x00000007cf300000| PB 0x00000007cf300000| Complete 
|1268|0x00000007cf400000, 0x00000007cf500000, 0x00000007cf500000|100%| E|CS|TAMS 0x00000007cf400000| PB 0x00000007cf400000| Complete 
|1269|0x00000007cf500000, 0x00000007cf600000, 0x00000007cf600000|100%| E|CS|TAMS 0x00000007cf500000| PB 0x00000007cf500000| Complete 
|1270|0x00000007cf600000, 0x00000007cf700000, 0x00000007cf700000|100%| E|CS|TAMS 0x00000007cf600000| PB 0x00000007cf600000| Complete 
|1271|0x00000007cf700000, 0x00000007cf800000, 0x00000007cf800000|100%| E|CS|TAMS 0x00000007cf700000| PB 0x00000007cf700000| Complete 
|1272|0x00000007cf800000, 0x00000007cf900000, 0x00000007cf900000|100%| E|CS|TAMS 0x00000007cf800000| PB 0x00000007cf800000| Complete 
|1273|0x00000007cf900000, 0x00000007cfa00000, 0x00000007cfa00000|100%| E|CS|TAMS 0x00000007cf900000| PB 0x00000007cf900000| Complete 
|1274|0x00000007cfa00000, 0x00000007cfb00000, 0x00000007cfb00000|100%| E|CS|TAMS 0x00000007cfa00000| PB 0x00000007cfa00000| Complete 
|1275|0x00000007cfb00000, 0x00000007cfc00000, 0x00000007cfc00000|100%| E|CS|TAMS 0x00000007cfb00000| PB 0x00000007cfb00000| Complete 
|1276|0x00000007cfc00000, 0x00000007cfd00000, 0x00000007cfd00000|100%| E|CS|TAMS 0x00000007cfc00000| PB 0x00000007cfc00000| Complete 
|1277|0x00000007cfd00000, 0x00000007cfe00000, 0x00000007cfe00000|100%| E|CS|TAMS 0x00000007cfd00000| PB 0x00000007cfd00000| Complete 
|1278|0x00000007cfe00000, 0x00000007cff00000, 0x00000007cff00000|100%| E|CS|TAMS 0x00000007cfe00000| PB 0x00000007cfe00000| Complete 
|1279|0x00000007cff00000, 0x00000007d0000000, 0x00000007d0000000|100%| E|CS|TAMS 0x00000007cff00000| PB 0x00000007cff00000| Complete 
|1280|0x00000007d0000000, 0x00000007d0100000, 0x00000007d0100000|100%| E|CS|TAMS 0x00000007d0000000| PB 0x00000007d0000000| Complete 
|1281|0x00000007d0100000, 0x00000007d0200000, 0x00000007d0200000|100%| E|CS|TAMS 0x00000007d0100000| PB 0x00000007d0100000| Complete 
|1282|0x00000007d0200000, 0x00000007d0300000, 0x00000007d0300000|100%| E|CS|TAMS 0x00000007d0200000| PB 0x00000007d0200000| Complete 
|1283|0x00000007d0300000, 0x00000007d0400000, 0x00000007d0400000|100%| E|CS|TAMS 0x00000007d0300000| PB 0x00000007d0300000| Complete 
|1284|0x00000007d0400000, 0x00000007d0500000, 0x00000007d0500000|100%| E|CS|TAMS 0x00000007d0400000| PB 0x00000007d0400000| Complete 
|1285|0x00000007d0500000, 0x00000007d0600000, 0x00000007d0600000|100%| E|CS|TAMS 0x00000007d0500000| PB 0x00000007d0500000| Complete 
|1286|0x00000007d0600000, 0x00000007d0700000, 0x00000007d0700000|100%| E|CS|TAMS 0x00000007d0600000| PB 0x00000007d0600000| Complete 
|1287|0x00000007d0700000, 0x00000007d0800000, 0x00000007d0800000|100%| E|CS|TAMS 0x00000007d0700000| PB 0x00000007d0700000| Complete 
|1288|0x00000007d0800000, 0x00000007d0900000, 0x00000007d0900000|100%| E|CS|TAMS 0x00000007d0800000| PB 0x00000007d0800000| Complete 
|1289|0x00000007d0900000, 0x00000007d0a00000, 0x00000007d0a00000|100%| E|CS|TAMS 0x00000007d0900000| PB 0x00000007d0900000| Complete 
|1290|0x00000007d0a00000, 0x00000007d0b00000, 0x00000007d0b00000|100%| E|CS|TAMS 0x00000007d0a00000| PB 0x00000007d0a00000| Complete 
|1291|0x00000007d0b00000, 0x00000007d0c00000, 0x00000007d0c00000|100%| E|CS|TAMS 0x00000007d0b00000| PB 0x00000007d0b00000| Complete 
|1292|0x00000007d0c00000, 0x00000007d0d00000, 0x00000007d0d00000|100%| E|CS|TAMS 0x00000007d0c00000| PB 0x00000007d0c00000| Complete 
|1293|0x00000007d0d00000, 0x00000007d0e00000, 0x00000007d0e00000|100%| E|CS|TAMS 0x00000007d0d00000| PB 0x00000007d0d00000| Complete 
|1294|0x00000007d0e00000, 0x00000007d0f00000, 0x00000007d0f00000|100%| E|CS|TAMS 0x00000007d0e00000| PB 0x00000007d0e00000| Complete 
|1295|0x00000007d0f00000, 0x00000007d1000000, 0x00000007d1000000|100%| E|CS|TAMS 0x00000007d0f00000| PB 0x00000007d0f00000| Complete 
|1296|0x00000007d1000000, 0x00000007d1100000, 0x00000007d1100000|100%| E|CS|TAMS 0x00000007d1000000| PB 0x00000007d1000000| Complete 
|1297|0x00000007d1100000, 0x00000007d1200000, 0x00000007d1200000|100%| E|CS|TAMS 0x00000007d1100000| PB 0x00000007d1100000| Complete 
|1298|0x00000007d1200000, 0x00000007d1300000, 0x00000007d1300000|100%| E|CS|TAMS 0x00000007d1200000| PB 0x00000007d1200000| Complete 
|1299|0x00000007d1300000, 0x00000007d1400000, 0x00000007d1400000|100%| E|CS|TAMS 0x00000007d1300000| PB 0x00000007d1300000| Complete 
|1300|0x00000007d1400000, 0x00000007d1500000, 0x00000007d1500000|100%| E|CS|TAMS 0x00000007d1400000| PB 0x00000007d1400000| Complete 
|1301|0x00000007d1500000, 0x00000007d1600000, 0x00000007d1600000|100%| E|CS|TAMS 0x00000007d1500000| PB 0x00000007d1500000| Complete 
|1302|0x00000007d1600000, 0x00000007d1700000, 0x00000007d1700000|100%| E|CS|TAMS 0x00000007d1600000| PB 0x00000007d1600000| Complete 
|1303|0x00000007d1700000, 0x00000007d1800000, 0x00000007d1800000|100%| E|CS|TAMS 0x00000007d1700000| PB 0x00000007d1700000| Complete 
|1304|0x00000007d1800000, 0x00000007d1900000, 0x00000007d1900000|100%| E|CS|TAMS 0x00000007d1800000| PB 0x00000007d1800000| Complete 
|1305|0x00000007d1900000, 0x00000007d1a00000, 0x00000007d1a00000|100%| E|CS|TAMS 0x00000007d1900000| PB 0x00000007d1900000| Complete 
|1306|0x00000007d1a00000, 0x00000007d1b00000, 0x00000007d1b00000|100%| E|CS|TAMS 0x00000007d1a00000| PB 0x00000007d1a00000| Complete 
|1307|0x00000007d1b00000, 0x00000007d1c00000, 0x00000007d1c00000|100%| E|CS|TAMS 0x00000007d1b00000| PB 0x00000007d1b00000| Complete 
|1308|0x00000007d1c00000, 0x00000007d1d00000, 0x00000007d1d00000|100%| E|CS|TAMS 0x00000007d1c00000| PB 0x00000007d1c00000| Complete 
|1309|0x00000007d1d00000, 0x00000007d1e00000, 0x00000007d1e00000|100%| E|CS|TAMS 0x00000007d1d00000| PB 0x00000007d1d00000| Complete 
|1310|0x00000007d1e00000, 0x00000007d1f00000, 0x00000007d1f00000|100%| E|CS|TAMS 0x00000007d1e00000| PB 0x00000007d1e00000| Complete 
|1311|0x00000007d1f00000, 0x00000007d2000000, 0x00000007d2000000|100%| E|CS|TAMS 0x00000007d1f00000| PB 0x00000007d1f00000| Complete 
|1312|0x00000007d2000000, 0x00000007d2100000, 0x00000007d2100000|100%| E|CS|TAMS 0x00000007d2000000| PB 0x00000007d2000000| Complete 
|1313|0x00000007d2100000, 0x00000007d2200000, 0x00000007d2200000|100%| E|CS|TAMS 0x00000007d2100000| PB 0x00000007d2100000| Complete 
|1314|0x00000007d2200000, 0x00000007d2300000, 0x00000007d2300000|100%| E|CS|TAMS 0x00000007d2200000| PB 0x00000007d2200000| Complete 
|1315|0x00000007d2300000, 0x00000007d2400000, 0x00000007d2400000|100%| E|CS|TAMS 0x00000007d2300000| PB 0x00000007d2300000| Complete 
|1316|0x00000007d2400000, 0x00000007d2500000, 0x00000007d2500000|100%| E|CS|TAMS 0x00000007d2400000| PB 0x00000007d2400000| Complete 
|1317|0x00000007d2500000, 0x00000007d2600000, 0x00000007d2600000|100%| E|CS|TAMS 0x00000007d2500000| PB 0x00000007d2500000| Complete 
|1318|0x00000007d2600000, 0x00000007d2700000, 0x00000007d2700000|100%| E|CS|TAMS 0x00000007d2600000| PB 0x00000007d2600000| Complete 
|1319|0x00000007d2700000, 0x00000007d2800000, 0x00000007d2800000|100%| E|CS|TAMS 0x00000007d2700000| PB 0x00000007d2700000| Complete 
|1320|0x00000007d2800000, 0x00000007d2900000, 0x00000007d2900000|100%| E|CS|TAMS 0x00000007d2800000| PB 0x00000007d2800000| Complete 
|1321|0x00000007d2900000, 0x00000007d2a00000, 0x00000007d2a00000|100%| E|CS|TAMS 0x00000007d2900000| PB 0x00000007d2900000| Complete 
|1322|0x00000007d2a00000, 0x00000007d2b00000, 0x00000007d2b00000|100%| E|CS|TAMS 0x00000007d2a00000| PB 0x00000007d2a00000| Complete 
|1323|0x00000007d2b00000, 0x00000007d2c00000, 0x00000007d2c00000|100%| E|CS|TAMS 0x00000007d2b00000| PB 0x00000007d2b00000| Complete 
|1324|0x00000007d2c00000, 0x00000007d2d00000, 0x00000007d2d00000|100%| E|CS|TAMS 0x00000007d2c00000| PB 0x00000007d2c00000| Complete 
|1325|0x00000007d2d00000, 0x00000007d2e00000, 0x00000007d2e00000|100%| E|CS|TAMS 0x00000007d2d00000| PB 0x00000007d2d00000| Complete 
|1326|0x00000007d2e00000, 0x00000007d2f00000, 0x00000007d2f00000|100%| E|CS|TAMS 0x00000007d2e00000| PB 0x00000007d2e00000| Complete 
|1327|0x00000007d2f00000, 0x00000007d3000000, 0x00000007d3000000|100%| E|CS|TAMS 0x00000007d2f00000| PB 0x00000007d2f00000| Complete 
|1328|0x00000007d3000000, 0x00000007d3100000, 0x00000007d3100000|100%| E|CS|TAMS 0x00000007d3000000| PB 0x00000007d3000000| Complete 
|1329|0x00000007d3100000, 0x00000007d3200000, 0x00000007d3200000|100%| E|CS|TAMS 0x00000007d3100000| PB 0x00000007d3100000| Complete 
|1330|0x00000007d3200000, 0x00000007d3300000, 0x00000007d3300000|100%| E|CS|TAMS 0x00000007d3200000| PB 0x00000007d3200000| Complete 
|1331|0x00000007d3300000, 0x00000007d3400000, 0x00000007d3400000|100%| E|CS|TAMS 0x00000007d3300000| PB 0x00000007d3300000| Complete 
|1332|0x00000007d3400000, 0x00000007d3500000, 0x00000007d3500000|100%| E|CS|TAMS 0x00000007d3400000| PB 0x00000007d3400000| Complete 
|1333|0x00000007d3500000, 0x00000007d3600000, 0x00000007d3600000|100%| E|CS|TAMS 0x00000007d3500000| PB 0x00000007d3500000| Complete 
|1334|0x00000007d3600000, 0x00000007d3700000, 0x00000007d3700000|100%| E|CS|TAMS 0x00000007d3600000| PB 0x00000007d3600000| Complete 
|1335|0x00000007d3700000, 0x00000007d3800000, 0x00000007d3800000|100%| E|CS|TAMS 0x00000007d3700000| PB 0x00000007d3700000| Complete 
|1336|0x00000007d3800000, 0x00000007d3900000, 0x00000007d3900000|100%| E|CS|TAMS 0x00000007d3800000| PB 0x00000007d3800000| Complete 
|1337|0x00000007d3900000, 0x00000007d3a00000, 0x00000007d3a00000|100%| E|CS|TAMS 0x00000007d3900000| PB 0x00000007d3900000| Complete 
|1338|0x00000007d3a00000, 0x00000007d3b00000, 0x00000007d3b00000|100%| E|CS|TAMS 0x00000007d3a00000| PB 0x00000007d3a00000| Complete 
|1339|0x00000007d3b00000, 0x00000007d3c00000, 0x00000007d3c00000|100%| E|CS|TAMS 0x00000007d3b00000| PB 0x00000007d3b00000| Complete 
|1340|0x00000007d3c00000, 0x00000007d3d00000, 0x00000007d3d00000|100%| E|CS|TAMS 0x00000007d3c00000| PB 0x00000007d3c00000| Complete 
|1341|0x00000007d3d00000, 0x00000007d3e00000, 0x00000007d3e00000|100%| E|CS|TAMS 0x00000007d3d00000| PB 0x00000007d3d00000| Complete 
|1342|0x00000007d3e00000, 0x00000007d3f00000, 0x00000007d3f00000|100%| E|CS|TAMS 0x00000007d3e00000| PB 0x00000007d3e00000| Complete 
|1343|0x00000007d3f00000, 0x00000007d4000000, 0x00000007d4000000|100%| E|CS|TAMS 0x00000007d3f00000| PB 0x00000007d3f00000| Complete 
|1344|0x00000007d4000000, 0x00000007d4100000, 0x00000007d4100000|100%| E|CS|TAMS 0x00000007d4000000| PB 0x00000007d4000000| Complete 
|1345|0x00000007d4100000, 0x00000007d4200000, 0x00000007d4200000|100%| E|CS|TAMS 0x00000007d4100000| PB 0x00000007d4100000| Complete 
|1346|0x00000007d4200000, 0x00000007d4300000, 0x00000007d4300000|100%| E|CS|TAMS 0x00000007d4200000| PB 0x00000007d4200000| Complete 
|1347|0x00000007d4300000, 0x00000007d4400000, 0x00000007d4400000|100%| E|CS|TAMS 0x00000007d4300000| PB 0x00000007d4300000| Complete 
|1348|0x00000007d4400000, 0x00000007d4500000, 0x00000007d4500000|100%| E|CS|TAMS 0x00000007d4400000| PB 0x00000007d4400000| Complete 
|1349|0x00000007d4500000, 0x00000007d4600000, 0x00000007d4600000|100%| E|CS|TAMS 0x00000007d4500000| PB 0x00000007d4500000| Complete 
|1350|0x00000007d4600000, 0x00000007d4700000, 0x00000007d4700000|100%| E|CS|TAMS 0x00000007d4600000| PB 0x00000007d4600000| Complete 
|1351|0x00000007d4700000, 0x00000007d4800000, 0x00000007d4800000|100%| E|CS|TAMS 0x00000007d4700000| PB 0x00000007d4700000| Complete 
|1352|0x00000007d4800000, 0x00000007d4900000, 0x00000007d4900000|100%| E|CS|TAMS 0x00000007d4800000| PB 0x00000007d4800000| Complete 
|1353|0x00000007d4900000, 0x00000007d4a00000, 0x00000007d4a00000|100%| E|CS|TAMS 0x00000007d4900000| PB 0x00000007d4900000| Complete 
|1354|0x00000007d4a00000, 0x00000007d4b00000, 0x00000007d4b00000|100%| E|CS|TAMS 0x00000007d4a00000| PB 0x00000007d4a00000| Complete 
|1355|0x00000007d4b00000, 0x00000007d4c00000, 0x00000007d4c00000|100%| E|CS|TAMS 0x00000007d4b00000| PB 0x00000007d4b00000| Complete 
|1356|0x00000007d4c00000, 0x00000007d4d00000, 0x00000007d4d00000|100%| E|CS|TAMS 0x00000007d4c00000| PB 0x00000007d4c00000| Complete 
|1357|0x00000007d4d00000, 0x00000007d4e00000, 0x00000007d4e00000|100%| E|CS|TAMS 0x00000007d4d00000| PB 0x00000007d4d00000| Complete 
|1358|0x00000007d4e00000, 0x00000007d4f00000, 0x00000007d4f00000|100%| E|CS|TAMS 0x00000007d4e00000| PB 0x00000007d4e00000| Complete 
|1359|0x00000007d4f00000, 0x00000007d5000000, 0x00000007d5000000|100%| E|CS|TAMS 0x00000007d4f00000| PB 0x00000007d4f00000| Complete 
|1360|0x00000007d5000000, 0x00000007d5100000, 0x00000007d5100000|100%| E|CS|TAMS 0x00000007d5000000| PB 0x00000007d5000000| Complete 
|1361|0x00000007d5100000, 0x00000007d5200000, 0x00000007d5200000|100%| E|CS|TAMS 0x00000007d5100000| PB 0x00000007d5100000| Complete 
|1362|0x00000007d5200000, 0x00000007d5300000, 0x00000007d5300000|100%| E|CS|TAMS 0x00000007d5200000| PB 0x00000007d5200000| Complete 
|1363|0x00000007d5300000, 0x00000007d5400000, 0x00000007d5400000|100%| E|CS|TAMS 0x00000007d5300000| PB 0x00000007d5300000| Complete 
|1364|0x00000007d5400000, 0x00000007d5500000, 0x00000007d5500000|100%| E|CS|TAMS 0x00000007d5400000| PB 0x00000007d5400000| Complete 
|1365|0x00000007d5500000, 0x00000007d5600000, 0x00000007d5600000|100%| E|CS|TAMS 0x00000007d5500000| PB 0x00000007d5500000| Complete 
|1366|0x00000007d5600000, 0x00000007d5700000, 0x00000007d5700000|100%| E|CS|TAMS 0x00000007d5600000| PB 0x00000007d5600000| Complete 
|1367|0x00000007d5700000, 0x00000007d5800000, 0x00000007d5800000|100%| E|CS|TAMS 0x00000007d5700000| PB 0x00000007d5700000| Complete 
|1368|0x00000007d5800000, 0x00000007d5900000, 0x00000007d5900000|100%| E|CS|TAMS 0x00000007d5800000| PB 0x00000007d5800000| Complete 
|1369|0x00000007d5900000, 0x00000007d5a00000, 0x00000007d5a00000|100%| E|CS|TAMS 0x00000007d5900000| PB 0x00000007d5900000| Complete 
|1370|0x00000007d5a00000, 0x00000007d5b00000, 0x00000007d5b00000|100%| E|CS|TAMS 0x00000007d5a00000| PB 0x00000007d5a00000| Complete 
|1371|0x00000007d5b00000, 0x00000007d5c00000, 0x00000007d5c00000|100%| E|CS|TAMS 0x00000007d5b00000| PB 0x00000007d5b00000| Complete 
|1372|0x00000007d5c00000, 0x00000007d5d00000, 0x00000007d5d00000|100%| E|CS|TAMS 0x00000007d5c00000| PB 0x00000007d5c00000| Complete 
|1373|0x00000007d5d00000, 0x00000007d5e00000, 0x00000007d5e00000|100%| E|CS|TAMS 0x00000007d5d00000| PB 0x00000007d5d00000| Complete 
|1374|0x00000007d5e00000, 0x00000007d5f00000, 0x00000007d5f00000|100%| E|CS|TAMS 0x00000007d5e00000| PB 0x00000007d5e00000| Complete 
|1375|0x00000007d5f00000, 0x00000007d6000000, 0x00000007d6000000|100%| E|CS|TAMS 0x00000007d5f00000| PB 0x00000007d5f00000| Complete 
|1376|0x00000007d6000000, 0x00000007d6100000, 0x00000007d6100000|100%| E|CS|TAMS 0x00000007d6000000| PB 0x00000007d6000000| Complete 
|1377|0x00000007d6100000, 0x00000007d6200000, 0x00000007d6200000|100%| E|CS|TAMS 0x00000007d6100000| PB 0x00000007d6100000| Complete 
|1378|0x00000007d6200000, 0x00000007d6300000, 0x00000007d6300000|100%| E|CS|TAMS 0x00000007d6200000| PB 0x00000007d6200000| Complete 
|1379|0x00000007d6300000, 0x00000007d6400000, 0x00000007d6400000|100%| E|CS|TAMS 0x00000007d6300000| PB 0x00000007d6300000| Complete 
|1380|0x00000007d6400000, 0x00000007d6500000, 0x00000007d6500000|100%| E|CS|TAMS 0x00000007d6400000| PB 0x00000007d6400000| Complete 
|1381|0x00000007d6500000, 0x00000007d6600000, 0x00000007d6600000|100%| E|CS|TAMS 0x00000007d6500000| PB 0x00000007d6500000| Complete 
|1382|0x00000007d6600000, 0x00000007d6700000, 0x00000007d6700000|100%| E|CS|TAMS 0x00000007d6600000| PB 0x00000007d6600000| Complete 
|1383|0x00000007d6700000, 0x00000007d6800000, 0x00000007d6800000|100%| E|CS|TAMS 0x00000007d6700000| PB 0x00000007d6700000| Complete 
|1384|0x00000007d6800000, 0x00000007d6900000, 0x00000007d6900000|100%| E|CS|TAMS 0x00000007d6800000| PB 0x00000007d6800000| Complete 
|1385|0x00000007d6900000, 0x00000007d6a00000, 0x00000007d6a00000|100%| E|CS|TAMS 0x00000007d6900000| PB 0x00000007d6900000| Complete 
|1386|0x00000007d6a00000, 0x00000007d6b00000, 0x00000007d6b00000|100%| E|CS|TAMS 0x00000007d6a00000| PB 0x00000007d6a00000| Complete 
|1387|0x00000007d6b00000, 0x00000007d6c00000, 0x00000007d6c00000|100%| E|CS|TAMS 0x00000007d6b00000| PB 0x00000007d6b00000| Complete 
|1388|0x00000007d6c00000, 0x00000007d6d00000, 0x00000007d6d00000|100%| E|CS|TAMS 0x00000007d6c00000| PB 0x00000007d6c00000| Complete 
|1389|0x00000007d6d00000, 0x00000007d6e00000, 0x00000007d6e00000|100%| E|CS|TAMS 0x00000007d6d00000| PB 0x00000007d6d00000| Complete 
|1390|0x00000007d6e00000, 0x00000007d6f00000, 0x00000007d6f00000|100%| E|CS|TAMS 0x00000007d6e00000| PB 0x00000007d6e00000| Complete 
|1391|0x00000007d6f00000, 0x00000007d7000000, 0x00000007d7000000|100%| E|CS|TAMS 0x00000007d6f00000| PB 0x00000007d6f00000| Complete 
|1392|0x00000007d7000000, 0x00000007d7100000, 0x00000007d7100000|100%| E|CS|TAMS 0x00000007d7000000| PB 0x00000007d7000000| Complete 
|1393|0x00000007d7100000, 0x00000007d7200000, 0x00000007d7200000|100%| E|CS|TAMS 0x00000007d7100000| PB 0x00000007d7100000| Complete 
|1394|0x00000007d7200000, 0x00000007d7300000, 0x00000007d7300000|100%| E|CS|TAMS 0x00000007d7200000| PB 0x00000007d7200000| Complete 
|1395|0x00000007d7300000, 0x00000007d7400000, 0x00000007d7400000|100%| E|CS|TAMS 0x00000007d7300000| PB 0x00000007d7300000| Complete 
|1396|0x00000007d7400000, 0x00000007d7500000, 0x00000007d7500000|100%| E|CS|TAMS 0x00000007d7400000| PB 0x00000007d7400000| Complete 
|1397|0x00000007d7500000, 0x00000007d7600000, 0x00000007d7600000|100%| E|CS|TAMS 0x00000007d7500000| PB 0x00000007d7500000| Complete 
|1398|0x00000007d7600000, 0x00000007d7700000, 0x00000007d7700000|100%| E|CS|TAMS 0x00000007d7600000| PB 0x00000007d7600000| Complete 
|1399|0x00000007d7700000, 0x00000007d7800000, 0x00000007d7800000|100%| E|CS|TAMS 0x00000007d7700000| PB 0x00000007d7700000| Complete 
|1400|0x00000007d7800000, 0x00000007d7900000, 0x00000007d7900000|100%| E|CS|TAMS 0x00000007d7800000| PB 0x00000007d7800000| Complete 
|1401|0x00000007d7900000, 0x00000007d7a00000, 0x00000007d7a00000|100%| E|CS|TAMS 0x00000007d7900000| PB 0x00000007d7900000| Complete 
|1402|0x00000007d7a00000, 0x00000007d7b00000, 0x00000007d7b00000|100%| E|CS|TAMS 0x00000007d7a00000| PB 0x00000007d7a00000| Complete 
|1403|0x00000007d7b00000, 0x00000007d7c00000, 0x00000007d7c00000|100%| E|CS|TAMS 0x00000007d7b00000| PB 0x00000007d7b00000| Complete 
|1404|0x00000007d7c00000, 0x00000007d7d00000, 0x00000007d7d00000|100%| E|CS|TAMS 0x00000007d7c00000| PB 0x00000007d7c00000| Complete 
|1405|0x00000007d7d00000, 0x00000007d7e00000, 0x00000007d7e00000|100%| E|CS|TAMS 0x00000007d7d00000| PB 0x00000007d7d00000| Complete 
|1406|0x00000007d7e00000, 0x00000007d7f00000, 0x00000007d7f00000|100%| E|CS|TAMS 0x00000007d7e00000| PB 0x00000007d7e00000| Complete 
|1407|0x00000007d7f00000, 0x00000007d8000000, 0x00000007d8000000|100%| E|CS|TAMS 0x00000007d7f00000| PB 0x00000007d7f00000| Complete 
|1408|0x00000007d8000000, 0x00000007d8100000, 0x00000007d8100000|100%| E|CS|TAMS 0x00000007d8000000| PB 0x00000007d8000000| Complete 
|1409|0x00000007d8100000, 0x00000007d8200000, 0x00000007d8200000|100%| E|CS|TAMS 0x00000007d8100000| PB 0x00000007d8100000| Complete 
|1410|0x00000007d8200000, 0x00000007d8300000, 0x00000007d8300000|100%| E|CS|TAMS 0x00000007d8200000| PB 0x00000007d8200000| Complete 
|1411|0x00000007d8300000, 0x00000007d8400000, 0x00000007d8400000|100%| E|CS|TAMS 0x00000007d8300000| PB 0x00000007d8300000| Complete 
|1412|0x00000007d8400000, 0x00000007d8500000, 0x00000007d8500000|100%| E|CS|TAMS 0x00000007d8400000| PB 0x00000007d8400000| Complete 
|1413|0x00000007d8500000, 0x00000007d8600000, 0x00000007d8600000|100%| E|CS|TAMS 0x00000007d8500000| PB 0x00000007d8500000| Complete 
|1414|0x00000007d8600000, 0x00000007d8700000, 0x00000007d8700000|100%| E|CS|TAMS 0x00000007d8600000| PB 0x00000007d8600000| Complete 
|1415|0x00000007d8700000, 0x00000007d8800000, 0x00000007d8800000|100%| E|CS|TAMS 0x00000007d8700000| PB 0x00000007d8700000| Complete 
|1416|0x00000007d8800000, 0x00000007d8900000, 0x00000007d8900000|100%| E|CS|TAMS 0x00000007d8800000| PB 0x00000007d8800000| Complete 
|1417|0x00000007d8900000, 0x00000007d8a00000, 0x00000007d8a00000|100%| E|CS|TAMS 0x00000007d8900000| PB 0x00000007d8900000| Complete 
|1418|0x00000007d8a00000, 0x00000007d8b00000, 0x00000007d8b00000|100%| E|CS|TAMS 0x00000007d8a00000| PB 0x00000007d8a00000| Complete 
|1419|0x00000007d8b00000, 0x00000007d8c00000, 0x00000007d8c00000|100%| E|CS|TAMS 0x00000007d8b00000| PB 0x00000007d8b00000| Complete 
|1420|0x00000007d8c00000, 0x00000007d8d00000, 0x00000007d8d00000|100%| E|CS|TAMS 0x00000007d8c00000| PB 0x00000007d8c00000| Complete 
|1421|0x00000007d8d00000, 0x00000007d8e00000, 0x00000007d8e00000|100%| E|CS|TAMS 0x00000007d8d00000| PB 0x00000007d8d00000| Complete 
|1422|0x00000007d8e00000, 0x00000007d8f00000, 0x00000007d8f00000|100%| E|CS|TAMS 0x00000007d8e00000| PB 0x00000007d8e00000| Complete 
|1423|0x00000007d8f00000, 0x00000007d9000000, 0x00000007d9000000|100%| E|CS|TAMS 0x00000007d8f00000| PB 0x00000007d8f00000| Complete 
|1424|0x00000007d9000000, 0x00000007d9100000, 0x00000007d9100000|100%| E|CS|TAMS 0x00000007d9000000| PB 0x00000007d9000000| Complete 
|1425|0x00000007d9100000, 0x00000007d9200000, 0x00000007d9200000|100%| E|CS|TAMS 0x00000007d9100000| PB 0x00000007d9100000| Complete 
|1426|0x00000007d9200000, 0x00000007d9300000, 0x00000007d9300000|100%| E|CS|TAMS 0x00000007d9200000| PB 0x00000007d9200000| Complete 
|1427|0x00000007d9300000, 0x00000007d9400000, 0x00000007d9400000|100%| E|CS|TAMS 0x00000007d9300000| PB 0x00000007d9300000| Complete 
|1428|0x00000007d9400000, 0x00000007d9500000, 0x00000007d9500000|100%| E|CS|TAMS 0x00000007d9400000| PB 0x00000007d9400000| Complete 
|1429|0x00000007d9500000, 0x00000007d9600000, 0x00000007d9600000|100%| E|CS|TAMS 0x00000007d9500000| PB 0x00000007d9500000| Complete 
|1430|0x00000007d9600000, 0x00000007d9700000, 0x00000007d9700000|100%| E|CS|TAMS 0x00000007d9600000| PB 0x00000007d9600000| Complete 
|1431|0x00000007d9700000, 0x00000007d9800000, 0x00000007d9800000|100%| E|CS|TAMS 0x00000007d9700000| PB 0x00000007d9700000| Complete 
|1432|0x00000007d9800000, 0x00000007d9900000, 0x00000007d9900000|100%| E|CS|TAMS 0x00000007d9800000| PB 0x00000007d9800000| Complete 
|1433|0x00000007d9900000, 0x00000007d9a00000, 0x00000007d9a00000|100%| E|CS|TAMS 0x00000007d9900000| PB 0x00000007d9900000| Complete 
|1434|0x00000007d9a00000, 0x00000007d9b00000, 0x00000007d9b00000|100%| E|CS|TAMS 0x00000007d9a00000| PB 0x00000007d9a00000| Complete 
|1435|0x00000007d9b00000, 0x00000007d9c00000, 0x00000007d9c00000|100%| E|CS|TAMS 0x00000007d9b00000| PB 0x00000007d9b00000| Complete 
|1436|0x00000007d9c00000, 0x00000007d9d00000, 0x00000007d9d00000|100%| E|CS|TAMS 0x00000007d9c00000| PB 0x00000007d9c00000| Complete 
|1437|0x00000007d9d00000, 0x00000007d9e00000, 0x00000007d9e00000|100%| E|CS|TAMS 0x00000007d9d00000| PB 0x00000007d9d00000| Complete 
|1438|0x00000007d9e00000, 0x00000007d9f00000, 0x00000007d9f00000|100%| E|CS|TAMS 0x00000007d9e00000| PB 0x00000007d9e00000| Complete 
|1439|0x00000007d9f00000, 0x00000007da000000, 0x00000007da000000|100%| E|CS|TAMS 0x00000007d9f00000| PB 0x00000007d9f00000| Complete 
|1440|0x00000007da000000, 0x00000007da100000, 0x00000007da100000|100%| E|CS|TAMS 0x00000007da000000| PB 0x00000007da000000| Complete 
|1441|0x00000007da100000, 0x00000007da200000, 0x00000007da200000|100%| E|CS|TAMS 0x00000007da100000| PB 0x00000007da100000| Complete 
|1442|0x00000007da200000, 0x00000007da300000, 0x00000007da300000|100%| E|CS|TAMS 0x00000007da200000| PB 0x00000007da200000| Complete 
|1443|0x00000007da300000, 0x00000007da400000, 0x00000007da400000|100%| E|CS|TAMS 0x00000007da300000| PB 0x00000007da300000| Complete 
|1444|0x00000007da400000, 0x00000007da500000, 0x00000007da500000|100%| E|CS|TAMS 0x00000007da400000| PB 0x00000007da400000| Complete 
|1445|0x00000007da500000, 0x00000007da600000, 0x00000007da600000|100%| E|CS|TAMS 0x00000007da500000| PB 0x00000007da500000| Complete 
|1446|0x00000007da600000, 0x00000007da700000, 0x00000007da700000|100%| E|CS|TAMS 0x00000007da600000| PB 0x00000007da600000| Complete 
|1447|0x00000007da700000, 0x00000007da800000, 0x00000007da800000|100%| E|CS|TAMS 0x00000007da700000| PB 0x00000007da700000| Complete 
|1448|0x00000007da800000, 0x00000007da900000, 0x00000007da900000|100%| E|CS|TAMS 0x00000007da800000| PB 0x00000007da800000| Complete 
|1449|0x00000007da900000, 0x00000007daa00000, 0x00000007daa00000|100%| E|CS|TAMS 0x00000007da900000| PB 0x00000007da900000| Complete 
|1450|0x00000007daa00000, 0x00000007dab00000, 0x00000007dab00000|100%| E|CS|TAMS 0x00000007daa00000| PB 0x00000007daa00000| Complete 
|1451|0x00000007dab00000, 0x00000007dac00000, 0x00000007dac00000|100%| E|CS|TAMS 0x00000007dab00000| PB 0x00000007dab00000| Complete 
|1452|0x00000007dac00000, 0x00000007dad00000, 0x00000007dad00000|100%| E|CS|TAMS 0x00000007dac00000| PB 0x00000007dac00000| Complete 
|1453|0x00000007dad00000, 0x00000007dae00000, 0x00000007dae00000|100%| E|CS|TAMS 0x00000007dad00000| PB 0x00000007dad00000| Complete 
|1454|0x00000007dae00000, 0x00000007daf00000, 0x00000007daf00000|100%| E|CS|TAMS 0x00000007dae00000| PB 0x00000007dae00000| Complete 
|1455|0x00000007daf00000, 0x00000007db000000, 0x00000007db000000|100%| E|CS|TAMS 0x00000007daf00000| PB 0x00000007daf00000| Complete 
|1456|0x00000007db000000, 0x00000007db100000, 0x00000007db100000|100%| E|CS|TAMS 0x00000007db000000| PB 0x00000007db000000| Complete 
|1457|0x00000007db100000, 0x00000007db200000, 0x00000007db200000|100%| E|CS|TAMS 0x00000007db100000| PB 0x00000007db100000| Complete 
|1458|0x00000007db200000, 0x00000007db300000, 0x00000007db300000|100%| E|CS|TAMS 0x00000007db200000| PB 0x00000007db200000| Complete 
|1459|0x00000007db300000, 0x00000007db400000, 0x00000007db400000|100%| E|CS|TAMS 0x00000007db300000| PB 0x00000007db300000| Complete 
|1460|0x00000007db400000, 0x00000007db500000, 0x00000007db500000|100%| E|CS|TAMS 0x00000007db400000| PB 0x00000007db400000| Complete 
|1461|0x00000007db500000, 0x00000007db600000, 0x00000007db600000|100%| E|CS|TAMS 0x00000007db500000| PB 0x00000007db500000| Complete 
|1462|0x00000007db600000, 0x00000007db700000, 0x00000007db700000|100%| E|CS|TAMS 0x00000007db600000| PB 0x00000007db600000| Complete 
|1463|0x00000007db700000, 0x00000007db800000, 0x00000007db800000|100%| E|CS|TAMS 0x00000007db700000| PB 0x00000007db700000| Complete 
|1464|0x00000007db800000, 0x00000007db900000, 0x00000007db900000|100%| E|CS|TAMS 0x00000007db800000| PB 0x00000007db800000| Complete 
|1465|0x00000007db900000, 0x00000007dba00000, 0x00000007dba00000|100%| E|CS|TAMS 0x00000007db900000| PB 0x00000007db900000| Complete 
|1466|0x00000007dba00000, 0x00000007dbb00000, 0x00000007dbb00000|100%| E|CS|TAMS 0x00000007dba00000| PB 0x00000007dba00000| Complete 
|1467|0x00000007dbb00000, 0x00000007dbc00000, 0x00000007dbc00000|100%| E|CS|TAMS 0x00000007dbb00000| PB 0x00000007dbb00000| Complete 
|1468|0x00000007dbc00000, 0x00000007dbd00000, 0x00000007dbd00000|100%| E|CS|TAMS 0x00000007dbc00000| PB 0x00000007dbc00000| Complete 
|1469|0x00000007dbd00000, 0x00000007dbe00000, 0x00000007dbe00000|100%| E|CS|TAMS 0x00000007dbd00000| PB 0x00000007dbd00000| Complete 
|1470|0x00000007dbe00000, 0x00000007dbf00000, 0x00000007dbf00000|100%| E|CS|TAMS 0x00000007dbe00000| PB 0x00000007dbe00000| Complete 
|1471|0x00000007dbf00000, 0x00000007dc000000, 0x00000007dc000000|100%| E|CS|TAMS 0x00000007dbf00000| PB 0x00000007dbf00000| Complete 
|1472|0x00000007dc000000, 0x00000007dc100000, 0x00000007dc100000|100%| E|CS|TAMS 0x00000007dc000000| PB 0x00000007dc000000| Complete 
|1473|0x00000007dc100000, 0x00000007dc200000, 0x00000007dc200000|100%| E|CS|TAMS 0x00000007dc100000| PB 0x00000007dc100000| Complete 
|1474|0x00000007dc200000, 0x00000007dc300000, 0x00000007dc300000|100%| E|CS|TAMS 0x00000007dc200000| PB 0x00000007dc200000| Complete 
|1475|0x00000007dc300000, 0x00000007dc400000, 0x00000007dc400000|100%| E|CS|TAMS 0x00000007dc300000| PB 0x00000007dc300000| Complete 
|1476|0x00000007dc400000, 0x00000007dc500000, 0x00000007dc500000|100%| E|CS|TAMS 0x00000007dc400000| PB 0x00000007dc400000| Complete 
|1477|0x00000007dc500000, 0x00000007dc600000, 0x00000007dc600000|100%| E|CS|TAMS 0x00000007dc500000| PB 0x00000007dc500000| Complete 
|1478|0x00000007dc600000, 0x00000007dc700000, 0x00000007dc700000|100%| E|CS|TAMS 0x00000007dc600000| PB 0x00000007dc600000| Complete 
|1479|0x00000007dc700000, 0x00000007dc800000, 0x00000007dc800000|100%| E|CS|TAMS 0x00000007dc700000| PB 0x00000007dc700000| Complete 
|1480|0x00000007dc800000, 0x00000007dc900000, 0x00000007dc900000|100%| E|CS|TAMS 0x00000007dc800000| PB 0x00000007dc800000| Complete 
|1481|0x00000007dc900000, 0x00000007dca00000, 0x00000007dca00000|100%| E|CS|TAMS 0x00000007dc900000| PB 0x00000007dc900000| Complete 
|1482|0x00000007dca00000, 0x00000007dcb00000, 0x00000007dcb00000|100%| E|CS|TAMS 0x00000007dca00000| PB 0x00000007dca00000| Complete 
|1483|0x00000007dcb00000, 0x00000007dcc00000, 0x00000007dcc00000|100%| E|CS|TAMS 0x00000007dcb00000| PB 0x00000007dcb00000| Complete 
|1484|0x00000007dcc00000, 0x00000007dcd00000, 0x00000007dcd00000|100%| E|CS|TAMS 0x00000007dcc00000| PB 0x00000007dcc00000| Complete 
|1485|0x00000007dcd00000, 0x00000007dce00000, 0x00000007dce00000|100%| E|CS|TAMS 0x00000007dcd00000| PB 0x00000007dcd00000| Complete 
|1486|0x00000007dce00000, 0x00000007dcf00000, 0x00000007dcf00000|100%| S|CS|TAMS 0x00000007dce00000| PB 0x00000007dce00000| Complete 
|1487|0x00000007dcf00000, 0x00000007dd000000, 0x00000007dd000000|100%| S|CS|TAMS 0x00000007dcf00000| PB 0x00000007dcf00000| Complete 
|1488|0x00000007dd000000, 0x00000007dd100000, 0x00000007dd100000|100%| S|CS|TAMS 0x00000007dd000000| PB 0x00000007dd000000| Complete 
|1489|0x00000007dd100000, 0x00000007dd200000, 0x00000007dd200000|100%| S|CS|TAMS 0x00000007dd100000| PB 0x00000007dd100000| Complete 
|1490|0x00000007dd200000, 0x00000007dd300000, 0x00000007dd300000|100%| S|CS|TAMS 0x00000007dd200000| PB 0x00000007dd200000| Complete 
|1491|0x00000007dd300000, 0x00000007dd400000, 0x00000007dd400000|100%| S|CS|TAMS 0x00000007dd300000| PB 0x00000007dd300000| Complete 
|1492|0x00000007dd400000, 0x00000007dd500000, 0x00000007dd500000|100%| S|CS|TAMS 0x00000007dd400000| PB 0x00000007dd400000| Complete 
|1493|0x00000007dd500000, 0x00000007dd600000, 0x00000007dd600000|100%| S|CS|TAMS 0x00000007dd500000| PB 0x00000007dd500000| Complete 
|1494|0x00000007dd600000, 0x00000007dd700000, 0x00000007dd700000|100%| S|CS|TAMS 0x00000007dd600000| PB 0x00000007dd600000| Complete 
|1495|0x00000007dd700000, 0x00000007dd800000, 0x00000007dd800000|100%| S|CS|TAMS 0x00000007dd700000| PB 0x00000007dd700000| Complete 
|1496|0x00000007dd800000, 0x00000007dd900000, 0x00000007dd900000|100%| S|CS|TAMS 0x00000007dd800000| PB 0x00000007dd800000| Complete 
|1497|0x00000007dd900000, 0x00000007dda00000, 0x00000007dda00000|100%| S|CS|TAMS 0x00000007dd900000| PB 0x00000007dd900000| Complete 
|1498|0x00000007dda00000, 0x00000007ddb00000, 0x00000007ddb00000|100%| S|CS|TAMS 0x00000007dda00000| PB 0x00000007dda00000| Complete 
|1499|0x00000007ddb00000, 0x00000007ddc00000, 0x00000007ddc00000|100%| S|CS|TAMS 0x00000007ddb00000| PB 0x00000007ddb00000| Complete 
|1500|0x00000007ddc00000, 0x00000007ddd00000, 0x00000007ddd00000|100%| S|CS|TAMS 0x00000007ddc00000| PB 0x00000007ddc00000| Complete 
|1501|0x00000007ddd00000, 0x00000007dde00000, 0x00000007dde00000|100%| S|CS|TAMS 0x00000007ddd00000| PB 0x00000007ddd00000| Complete 
|1502|0x00000007dde00000, 0x00000007ddf00000, 0x00000007ddf00000|100%| S|CS|TAMS 0x00000007dde00000| PB 0x00000007dde00000| Complete 
|1503|0x00000007ddf00000, 0x00000007de000000, 0x00000007de000000|100%| S|CS|TAMS 0x00000007ddf00000| PB 0x00000007ddf00000| Complete 
|1504|0x00000007de000000, 0x00000007de100000, 0x00000007de100000|100%| S|CS|TAMS 0x00000007de000000| PB 0x00000007de000000| Complete 
|1505|0x00000007de100000, 0x00000007de200000, 0x00000007de200000|100%| S|CS|TAMS 0x00000007de100000| PB 0x00000007de100000| Complete 
|1506|0x00000007de200000, 0x00000007de300000, 0x00000007de300000|100%| S|CS|TAMS 0x00000007de200000| PB 0x00000007de200000| Complete 
|1507|0x00000007de300000, 0x00000007de400000, 0x00000007de400000|100%| S|CS|TAMS 0x00000007de300000| PB 0x00000007de300000| Complete 
|1508|0x00000007de400000, 0x00000007de500000, 0x00000007de500000|100%| S|CS|TAMS 0x00000007de400000| PB 0x00000007de400000| Complete 
|1509|0x00000007de500000, 0x00000007de600000, 0x00000007de600000|100%| S|CS|TAMS 0x00000007de500000| PB 0x00000007de500000| Complete 
|1510|0x00000007de600000, 0x00000007de700000, 0x00000007de700000|100%| S|CS|TAMS 0x00000007de600000| PB 0x00000007de600000| Complete 
|1511|0x00000007de700000, 0x00000007de800000, 0x00000007de800000|100%| S|CS|TAMS 0x00000007de700000| PB 0x00000007de700000| Complete 
|1512|0x00000007de800000, 0x00000007de900000, 0x00000007de900000|100%| S|CS|TAMS 0x00000007de800000| PB 0x00000007de800000| Complete 
|1513|0x00000007de900000, 0x00000007dea00000, 0x00000007dea00000|100%| S|CS|TAMS 0x00000007de900000| PB 0x00000007de900000| Complete 
|1514|0x00000007dea00000, 0x00000007deb00000, 0x00000007deb00000|100%| S|CS|TAMS 0x00000007dea00000| PB 0x00000007dea00000| Complete 
|1515|0x00000007deb00000, 0x00000007dec00000, 0x00000007dec00000|100%| S|CS|TAMS 0x00000007deb00000| PB 0x00000007deb00000| Complete 
|1516|0x00000007dec00000, 0x00000007ded00000, 0x00000007ded00000|100%| S|CS|TAMS 0x00000007dec00000| PB 0x00000007dec00000| Complete 
|1517|0x00000007ded00000, 0x00000007dee00000, 0x00000007dee00000|100%| S|CS|TAMS 0x00000007ded00000| PB 0x00000007ded00000| Complete 
|1518|0x00000007dee00000, 0x00000007def00000, 0x00000007def00000|100%| S|CS|TAMS 0x00000007dee00000| PB 0x00000007dee00000| Complete 
|1519|0x00000007def00000, 0x00000007df000000, 0x00000007df000000|100%| S|CS|TAMS 0x00000007def00000| PB 0x00000007def00000| Complete 
|1520|0x00000007df000000, 0x00000007df100000, 0x00000007df100000|100%| S|CS|TAMS 0x00000007df000000| PB 0x00000007df000000| Complete 
|1521|0x00000007df100000, 0x00000007df200000, 0x00000007df200000|100%| S|CS|TAMS 0x00000007df100000| PB 0x00000007df100000| Complete 
|1522|0x00000007df200000, 0x00000007df300000, 0x00000007df300000|100%| S|CS|TAMS 0x00000007df200000| PB 0x00000007df200000| Complete 
|1523|0x00000007df300000, 0x00000007df400000, 0x00000007df400000|100%| S|CS|TAMS 0x00000007df300000| PB 0x00000007df300000| Complete 
|1524|0x00000007df400000, 0x00000007df500000, 0x00000007df500000|100%| S|CS|TAMS 0x00000007df400000| PB 0x00000007df400000| Complete 
|1525|0x00000007df500000, 0x00000007df600000, 0x00000007df600000|100%| E|CS|TAMS 0x00000007df500000| PB 0x00000007df500000| Complete 
|1526|0x00000007df600000, 0x00000007df700000, 0x00000007df700000|100%| E|CS|TAMS 0x00000007df600000| PB 0x00000007df600000| Complete 
|1527|0x00000007df700000, 0x00000007df800000, 0x00000007df800000|100%| E|CS|TAMS 0x00000007df700000| PB 0x00000007df700000| Complete 
|1528|0x00000007df800000, 0x00000007df900000, 0x00000007df900000|100%| E|CS|TAMS 0x00000007df800000| PB 0x00000007df800000| Complete 
|1529|0x00000007df900000, 0x00000007dfa00000, 0x00000007dfa00000|100%| E|CS|TAMS 0x00000007df900000| PB 0x00000007df900000| Complete 
|1530|0x00000007dfa00000, 0x00000007dfb00000, 0x00000007dfb00000|100%| E|CS|TAMS 0x00000007dfa00000| PB 0x00000007dfa00000| Complete 
|1531|0x00000007dfb00000, 0x00000007dfc00000, 0x00000007dfc00000|100%| E|CS|TAMS 0x00000007dfb00000| PB 0x00000007dfb00000| Complete 
|1532|0x00000007dfc00000, 0x00000007dfd00000, 0x00000007dfd00000|100%| E|CS|TAMS 0x00000007dfc00000| PB 0x00000007dfc00000| Complete 
|1533|0x00000007dfd00000, 0x00000007dfe00000, 0x00000007dfe00000|100%| E|CS|TAMS 0x00000007dfd00000| PB 0x00000007dfd00000| Complete 
|1534|0x00000007dfe00000, 0x00000007dff00000, 0x00000007dff00000|100%| E|CS|TAMS 0x00000007dfe00000| PB 0x00000007dfe00000| Complete 
|1535|0x00000007dff00000, 0x00000007e0000000, 0x00000007e0000000|100%| E|CS|TAMS 0x00000007dff00000| PB 0x00000007dff00000| Complete 
|1536|0x00000007e0000000, 0x00000007e0100000, 0x00000007e0100000|100%| E|CS|TAMS 0x00000007e0000000| PB 0x00000007e0000000| Complete 
|1537|0x00000007e0100000, 0x00000007e0200000, 0x00000007e0200000|100%| E|CS|TAMS 0x00000007e0100000| PB 0x00000007e0100000| Complete 
|1538|0x00000007e0200000, 0x00000007e0300000, 0x00000007e0300000|100%| E|CS|TAMS 0x00000007e0200000| PB 0x00000007e0200000| Complete 
|1539|0x00000007e0300000, 0x00000007e0400000, 0x00000007e0400000|100%| E|CS|TAMS 0x00000007e0300000| PB 0x00000007e0300000| Complete 
|1540|0x00000007e0400000, 0x00000007e0500000, 0x00000007e0500000|100%| E|CS|TAMS 0x00000007e0400000| PB 0x00000007e0400000| Complete 
|1541|0x00000007e0500000, 0x00000007e0600000, 0x00000007e0600000|100%| E|CS|TAMS 0x00000007e0500000| PB 0x00000007e0500000| Complete 
|1542|0x00000007e0600000, 0x00000007e0700000, 0x00000007e0700000|100%| E|CS|TAMS 0x00000007e0600000| PB 0x00000007e0600000| Complete 
|1543|0x00000007e0700000, 0x00000007e0800000, 0x00000007e0800000|100%| E|CS|TAMS 0x00000007e0700000| PB 0x00000007e0700000| Complete 
|1544|0x00000007e0800000, 0x00000007e0900000, 0x00000007e0900000|100%| E|CS|TAMS 0x00000007e0800000| PB 0x00000007e0800000| Complete 
|1545|0x00000007e0900000, 0x00000007e0a00000, 0x00000007e0a00000|100%| E|CS|TAMS 0x00000007e0900000| PB 0x00000007e0900000| Complete 
|1546|0x00000007e0a00000, 0x00000007e0b00000, 0x00000007e0b00000|100%| E|CS|TAMS 0x00000007e0a00000| PB 0x00000007e0a00000| Complete 
|1547|0x00000007e0b00000, 0x00000007e0c00000, 0x00000007e0c00000|100%| E|CS|TAMS 0x00000007e0b00000| PB 0x00000007e0b00000| Complete 
|1548|0x00000007e0c00000, 0x00000007e0d00000, 0x00000007e0d00000|100%| E|CS|TAMS 0x00000007e0c00000| PB 0x00000007e0c00000| Complete 
|1549|0x00000007e0d00000, 0x00000007e0e00000, 0x00000007e0e00000|100%| E|CS|TAMS 0x00000007e0d00000| PB 0x00000007e0d00000| Complete 
|1550|0x00000007e0e00000, 0x00000007e0f00000, 0x00000007e0f00000|100%| E|CS|TAMS 0x00000007e0e00000| PB 0x00000007e0e00000| Complete 
|1551|0x00000007e0f00000, 0x00000007e1000000, 0x00000007e1000000|100%| E|CS|TAMS 0x00000007e0f00000| PB 0x00000007e0f00000| Complete 
|1552|0x00000007e1000000, 0x00000007e1100000, 0x00000007e1100000|100%| E|CS|TAMS 0x00000007e1000000| PB 0x00000007e1000000| Complete 
|1553|0x00000007e1100000, 0x00000007e1200000, 0x00000007e1200000|100%| E|CS|TAMS 0x00000007e1100000| PB 0x00000007e1100000| Complete 
|1554|0x00000007e1200000, 0x00000007e1300000, 0x00000007e1300000|100%| E|CS|TAMS 0x00000007e1200000| PB 0x00000007e1200000| Complete 
|1555|0x00000007e1300000, 0x00000007e1400000, 0x00000007e1400000|100%| E|CS|TAMS 0x00000007e1300000| PB 0x00000007e1300000| Complete 
|1556|0x00000007e1400000, 0x00000007e1500000, 0x00000007e1500000|100%| E|CS|TAMS 0x00000007e1400000| PB 0x00000007e1400000| Complete 
|1557|0x00000007e1500000, 0x00000007e1600000, 0x00000007e1600000|100%| E|CS|TAMS 0x00000007e1500000| PB 0x00000007e1500000| Complete 
|1558|0x00000007e1600000, 0x00000007e1700000, 0x00000007e1700000|100%| E|CS|TAMS 0x00000007e1600000| PB 0x00000007e1600000| Complete 
|1559|0x00000007e1700000, 0x00000007e1800000, 0x00000007e1800000|100%| E|CS|TAMS 0x00000007e1700000| PB 0x00000007e1700000| Complete 
|1560|0x00000007e1800000, 0x00000007e1900000, 0x00000007e1900000|100%| E|CS|TAMS 0x00000007e1800000| PB 0x00000007e1800000| Complete 
|1561|0x00000007e1900000, 0x00000007e1a00000, 0x00000007e1a00000|100%| E|CS|TAMS 0x00000007e1900000| PB 0x00000007e1900000| Complete 
|1562|0x00000007e1a00000, 0x00000007e1b00000, 0x00000007e1b00000|100%| E|CS|TAMS 0x00000007e1a00000| PB 0x00000007e1a00000| Complete 
|1563|0x00000007e1b00000, 0x00000007e1c00000, 0x00000007e1c00000|100%| E|CS|TAMS 0x00000007e1b00000| PB 0x00000007e1b00000| Complete 
|1564|0x00000007e1c00000, 0x00000007e1d00000, 0x00000007e1d00000|100%| E|CS|TAMS 0x00000007e1c00000| PB 0x00000007e1c00000| Complete 
|1565|0x00000007e1d00000, 0x00000007e1e00000, 0x00000007e1e00000|100%| E|CS|TAMS 0x00000007e1d00000| PB 0x00000007e1d00000| Complete 
|1566|0x00000007e1e00000, 0x00000007e1f00000, 0x00000007e1f00000|100%| E|CS|TAMS 0x00000007e1e00000| PB 0x00000007e1e00000| Complete 
|1567|0x00000007e1f00000, 0x00000007e2000000, 0x00000007e2000000|100%| E|CS|TAMS 0x00000007e1f00000| PB 0x00000007e1f00000| Complete 
|1568|0x00000007e2000000, 0x00000007e2100000, 0x00000007e2100000|100%| E|CS|TAMS 0x00000007e2000000| PB 0x00000007e2000000| Complete 
|1569|0x00000007e2100000, 0x00000007e2200000, 0x00000007e2200000|100%| E|CS|TAMS 0x00000007e2100000| PB 0x00000007e2100000| Complete 
|1570|0x00000007e2200000, 0x00000007e2300000, 0x00000007e2300000|100%| E|CS|TAMS 0x00000007e2200000| PB 0x00000007e2200000| Complete 
|1571|0x00000007e2300000, 0x00000007e2400000, 0x00000007e2400000|100%| E|CS|TAMS 0x00000007e2300000| PB 0x00000007e2300000| Complete 
|1572|0x00000007e2400000, 0x00000007e2500000, 0x00000007e2500000|100%| E|CS|TAMS 0x00000007e2400000| PB 0x00000007e2400000| Complete 
|1573|0x00000007e2500000, 0x00000007e2600000, 0x00000007e2600000|100%| E|CS|TAMS 0x00000007e2500000| PB 0x00000007e2500000| Complete 
|1574|0x00000007e2600000, 0x00000007e2700000, 0x00000007e2700000|100%| E|CS|TAMS 0x00000007e2600000| PB 0x00000007e2600000| Complete 
|1575|0x00000007e2700000, 0x00000007e2800000, 0x00000007e2800000|100%| E|CS|TAMS 0x00000007e2700000| PB 0x00000007e2700000| Complete 
|1576|0x00000007e2800000, 0x00000007e2900000, 0x00000007e2900000|100%| E|CS|TAMS 0x00000007e2800000| PB 0x00000007e2800000| Complete 
|1577|0x00000007e2900000, 0x00000007e2a00000, 0x00000007e2a00000|100%| E|CS|TAMS 0x00000007e2900000| PB 0x00000007e2900000| Complete 
|1578|0x00000007e2a00000, 0x00000007e2b00000, 0x00000007e2b00000|100%| E|CS|TAMS 0x00000007e2a00000| PB 0x00000007e2a00000| Complete 
|1579|0x00000007e2b00000, 0x00000007e2c00000, 0x00000007e2c00000|100%| E|CS|TAMS 0x00000007e2b00000| PB 0x00000007e2b00000| Complete 
|1580|0x00000007e2c00000, 0x00000007e2d00000, 0x00000007e2d00000|100%| E|CS|TAMS 0x00000007e2c00000| PB 0x00000007e2c00000| Complete 
|1581|0x00000007e2d00000, 0x00000007e2e00000, 0x00000007e2e00000|100%| E|CS|TAMS 0x00000007e2d00000| PB 0x00000007e2d00000| Complete 
|1582|0x00000007e2e00000, 0x00000007e2f00000, 0x00000007e2f00000|100%| E|CS|TAMS 0x00000007e2e00000| PB 0x00000007e2e00000| Complete 
|1583|0x00000007e2f00000, 0x00000007e3000000, 0x00000007e3000000|100%| E|CS|TAMS 0x00000007e2f00000| PB 0x00000007e2f00000| Complete 
|1584|0x00000007e3000000, 0x00000007e3100000, 0x00000007e3100000|100%| E|CS|TAMS 0x00000007e3000000| PB 0x00000007e3000000| Complete 
|1585|0x00000007e3100000, 0x00000007e3200000, 0x00000007e3200000|100%| E|CS|TAMS 0x00000007e3100000| PB 0x00000007e3100000| Complete 
|1586|0x00000007e3200000, 0x00000007e3300000, 0x00000007e3300000|100%| E|CS|TAMS 0x00000007e3200000| PB 0x00000007e3200000| Complete 
|1587|0x00000007e3300000, 0x00000007e3400000, 0x00000007e3400000|100%| E|CS|TAMS 0x00000007e3300000| PB 0x00000007e3300000| Complete 
|1588|0x00000007e3400000, 0x00000007e3500000, 0x00000007e3500000|100%| E|CS|TAMS 0x00000007e3400000| PB 0x00000007e3400000| Complete 
|1589|0x00000007e3500000, 0x00000007e3600000, 0x00000007e3600000|100%| E|CS|TAMS 0x00000007e3500000| PB 0x00000007e3500000| Complete 
|1590|0x00000007e3600000, 0x00000007e3700000, 0x00000007e3700000|100%| E|CS|TAMS 0x00000007e3600000| PB 0x00000007e3600000| Complete 
|1591|0x00000007e3700000, 0x00000007e3800000, 0x00000007e3800000|100%| E|CS|TAMS 0x00000007e3700000| PB 0x00000007e3700000| Complete 
|1592|0x00000007e3800000, 0x00000007e3900000, 0x00000007e3900000|100%| E|CS|TAMS 0x00000007e3800000| PB 0x00000007e3800000| Complete 
|1593|0x00000007e3900000, 0x00000007e3a00000, 0x00000007e3a00000|100%| E|CS|TAMS 0x00000007e3900000| PB 0x00000007e3900000| Complete 
|1594|0x00000007e3a00000, 0x00000007e3b00000, 0x00000007e3b00000|100%| E|CS|TAMS 0x00000007e3a00000| PB 0x00000007e3a00000| Complete 
|1595|0x00000007e3b00000, 0x00000007e3c00000, 0x00000007e3c00000|100%| E|CS|TAMS 0x00000007e3b00000| PB 0x00000007e3b00000| Complete 
|1596|0x00000007e3c00000, 0x00000007e3d00000, 0x00000007e3d00000|100%| E|CS|TAMS 0x00000007e3c00000| PB 0x00000007e3c00000| Complete 
|1597|0x00000007e3d00000, 0x00000007e3e00000, 0x00000007e3e00000|100%| E|CS|TAMS 0x00000007e3d00000| PB 0x00000007e3d00000| Complete 
|1598|0x00000007e3e00000, 0x00000007e3f00000, 0x00000007e3f00000|100%| E|CS|TAMS 0x00000007e3e00000| PB 0x00000007e3e00000| Complete 
|1599|0x00000007e3f00000, 0x00000007e4000000, 0x00000007e4000000|100%| E|CS|TAMS 0x00000007e3f00000| PB 0x00000007e3f00000| Complete 
|1600|0x00000007e4000000, 0x00000007e4100000, 0x00000007e4100000|100%| E|CS|TAMS 0x00000007e4000000| PB 0x00000007e4000000| Complete 
|1601|0x00000007e4100000, 0x00000007e4200000, 0x00000007e4200000|100%| E|CS|TAMS 0x00000007e4100000| PB 0x00000007e4100000| Complete 
|1602|0x00000007e4200000, 0x00000007e4300000, 0x00000007e4300000|100%| E|CS|TAMS 0x00000007e4200000| PB 0x00000007e4200000| Complete 
|1603|0x00000007e4300000, 0x00000007e4400000, 0x00000007e4400000|100%| E|CS|TAMS 0x00000007e4300000| PB 0x00000007e4300000| Complete 
|1604|0x00000007e4400000, 0x00000007e4500000, 0x00000007e4500000|100%| E|CS|TAMS 0x00000007e4400000| PB 0x00000007e4400000| Complete 
|1605|0x00000007e4500000, 0x00000007e4600000, 0x00000007e4600000|100%| E|CS|TAMS 0x00000007e4500000| PB 0x00000007e4500000| Complete 
|1606|0x00000007e4600000, 0x00000007e4700000, 0x00000007e4700000|100%| E|CS|TAMS 0x00000007e4600000| PB 0x00000007e4600000| Complete 
|1607|0x00000007e4700000, 0x00000007e4800000, 0x00000007e4800000|100%| E|CS|TAMS 0x00000007e4700000| PB 0x00000007e4700000| Complete 
|1608|0x00000007e4800000, 0x00000007e4900000, 0x00000007e4900000|100%| E|CS|TAMS 0x00000007e4800000| PB 0x00000007e4800000| Complete 
|1609|0x00000007e4900000, 0x00000007e4a00000, 0x00000007e4a00000|100%| E|CS|TAMS 0x00000007e4900000| PB 0x00000007e4900000| Complete 
|1610|0x00000007e4a00000, 0x00000007e4b00000, 0x00000007e4b00000|100%| E|CS|TAMS 0x00000007e4a00000| PB 0x00000007e4a00000| Complete 
|1611|0x00000007e4b00000, 0x00000007e4c00000, 0x00000007e4c00000|100%| E|CS|TAMS 0x00000007e4b00000| PB 0x00000007e4b00000| Complete 
|1612|0x00000007e4c00000, 0x00000007e4d00000, 0x00000007e4d00000|100%| E|CS|TAMS 0x00000007e4c00000| PB 0x00000007e4c00000| Complete 
|1613|0x00000007e4d00000, 0x00000007e4e00000, 0x00000007e4e00000|100%| E|CS|TAMS 0x00000007e4d00000| PB 0x00000007e4d00000| Complete 
|1614|0x00000007e4e00000, 0x00000007e4f00000, 0x00000007e4f00000|100%| E|CS|TAMS 0x00000007e4e00000| PB 0x00000007e4e00000| Complete 
|1615|0x00000007e4f00000, 0x00000007e5000000, 0x00000007e5000000|100%| E|CS|TAMS 0x00000007e4f00000| PB 0x00000007e4f00000| Complete 
|1616|0x00000007e5000000, 0x00000007e5100000, 0x00000007e5100000|100%| E|CS|TAMS 0x00000007e5000000| PB 0x00000007e5000000| Complete 
|1617|0x00000007e5100000, 0x00000007e5200000, 0x00000007e5200000|100%| E|CS|TAMS 0x00000007e5100000| PB 0x00000007e5100000| Complete 
|1618|0x00000007e5200000, 0x00000007e5300000, 0x00000007e5300000|100%| E|CS|TAMS 0x00000007e5200000| PB 0x00000007e5200000| Complete 
|1619|0x00000007e5300000, 0x00000007e5400000, 0x00000007e5400000|100%| E|CS|TAMS 0x00000007e5300000| PB 0x00000007e5300000| Complete 
|1620|0x00000007e5400000, 0x00000007e5500000, 0x00000007e5500000|100%| E|CS|TAMS 0x00000007e5400000| PB 0x00000007e5400000| Complete 
|1621|0x00000007e5500000, 0x00000007e5600000, 0x00000007e5600000|100%| E|CS|TAMS 0x00000007e5500000| PB 0x00000007e5500000| Complete 
|1622|0x00000007e5600000, 0x00000007e5700000, 0x00000007e5700000|100%| E|CS|TAMS 0x00000007e5600000| PB 0x00000007e5600000| Complete 
|1623|0x00000007e5700000, 0x00000007e5800000, 0x00000007e5800000|100%| E|CS|TAMS 0x00000007e5700000| PB 0x00000007e5700000| Complete 
|1624|0x00000007e5800000, 0x00000007e5900000, 0x00000007e5900000|100%| E|CS|TAMS 0x00000007e5800000| PB 0x00000007e5800000| Complete 
|1625|0x00000007e5900000, 0x00000007e5a00000, 0x00000007e5a00000|100%| E|CS|TAMS 0x00000007e5900000| PB 0x00000007e5900000| Complete 
|1626|0x00000007e5a00000, 0x00000007e5b00000, 0x00000007e5b00000|100%| E|CS|TAMS 0x00000007e5a00000| PB 0x00000007e5a00000| Complete 
|1627|0x00000007e5b00000, 0x00000007e5c00000, 0x00000007e5c00000|100%| E|CS|TAMS 0x00000007e5b00000| PB 0x00000007e5b00000| Complete 
|1628|0x00000007e5c00000, 0x00000007e5d00000, 0x00000007e5d00000|100%| E|CS|TAMS 0x00000007e5c00000| PB 0x00000007e5c00000| Complete 
|1629|0x00000007e5d00000, 0x00000007e5e00000, 0x00000007e5e00000|100%| E|CS|TAMS 0x00000007e5d00000| PB 0x00000007e5d00000| Complete 
|1630|0x00000007e5e00000, 0x00000007e5f00000, 0x00000007e5f00000|100%| E|CS|TAMS 0x00000007e5e00000| PB 0x00000007e5e00000| Complete 
|1631|0x00000007e5f00000, 0x00000007e6000000, 0x00000007e6000000|100%| E|CS|TAMS 0x00000007e5f00000| PB 0x00000007e5f00000| Complete 
|1632|0x00000007e6000000, 0x00000007e6100000, 0x00000007e6100000|100%| E|CS|TAMS 0x00000007e6000000| PB 0x00000007e6000000| Complete 
|1633|0x00000007e6100000, 0x00000007e6200000, 0x00000007e6200000|100%| E|CS|TAMS 0x00000007e6100000| PB 0x00000007e6100000| Complete 
|1634|0x00000007e6200000, 0x00000007e6300000, 0x00000007e6300000|100%| E|CS|TAMS 0x00000007e6200000| PB 0x00000007e6200000| Complete 
|1635|0x00000007e6300000, 0x00000007e6400000, 0x00000007e6400000|100%| E|CS|TAMS 0x00000007e6300000| PB 0x00000007e6300000| Complete 
|1636|0x00000007e6400000, 0x00000007e6500000, 0x00000007e6500000|100%| E|CS|TAMS 0x00000007e6400000| PB 0x00000007e6400000| Complete 
|1637|0x00000007e6500000, 0x00000007e6600000, 0x00000007e6600000|100%| E|CS|TAMS 0x00000007e6500000| PB 0x00000007e6500000| Complete 
|1638|0x00000007e6600000, 0x00000007e6700000, 0x00000007e6700000|100%| E|CS|TAMS 0x00000007e6600000| PB 0x00000007e6600000| Complete 
|1639|0x00000007e6700000, 0x00000007e6800000, 0x00000007e6800000|100%| E|CS|TAMS 0x00000007e6700000| PB 0x00000007e6700000| Complete 
|1640|0x00000007e6800000, 0x00000007e6900000, 0x00000007e6900000|100%| E|CS|TAMS 0x00000007e6800000| PB 0x00000007e6800000| Complete 
|1641|0x00000007e6900000, 0x00000007e6a00000, 0x00000007e6a00000|100%| E|CS|TAMS 0x00000007e6900000| PB 0x00000007e6900000| Complete 
|1642|0x00000007e6a00000, 0x00000007e6b00000, 0x00000007e6b00000|100%| E|CS|TAMS 0x00000007e6a00000| PB 0x00000007e6a00000| Complete 
|1643|0x00000007e6b00000, 0x00000007e6c00000, 0x00000007e6c00000|100%| E|CS|TAMS 0x00000007e6b00000| PB 0x00000007e6b00000| Complete 
|1644|0x00000007e6c00000, 0x00000007e6d00000, 0x00000007e6d00000|100%| E|CS|TAMS 0x00000007e6c00000| PB 0x00000007e6c00000| Complete 
|1645|0x00000007e6d00000, 0x00000007e6e00000, 0x00000007e6e00000|100%| E|CS|TAMS 0x00000007e6d00000| PB 0x00000007e6d00000| Complete 
|1646|0x00000007e6e00000, 0x00000007e6f00000, 0x00000007e6f00000|100%| E|CS|TAMS 0x00000007e6e00000| PB 0x00000007e6e00000| Complete 
|1647|0x00000007e6f00000, 0x00000007e7000000, 0x00000007e7000000|100%| E|CS|TAMS 0x00000007e6f00000| PB 0x00000007e6f00000| Complete 
|1648|0x00000007e7000000, 0x00000007e7100000, 0x00000007e7100000|100%| E|CS|TAMS 0x00000007e7000000| PB 0x00000007e7000000| Complete 
|1649|0x00000007e7100000, 0x00000007e7200000, 0x00000007e7200000|100%| E|CS|TAMS 0x00000007e7100000| PB 0x00000007e7100000| Complete 
|1650|0x00000007e7200000, 0x00000007e7300000, 0x00000007e7300000|100%| E|CS|TAMS 0x00000007e7200000| PB 0x00000007e7200000| Complete 
|1651|0x00000007e7300000, 0x00000007e7400000, 0x00000007e7400000|100%| E|CS|TAMS 0x00000007e7300000| PB 0x00000007e7300000| Complete 
|1652|0x00000007e7400000, 0x00000007e7500000, 0x00000007e7500000|100%| E|CS|TAMS 0x00000007e7400000| PB 0x00000007e7400000| Complete 
|1653|0x00000007e7500000, 0x00000007e7600000, 0x00000007e7600000|100%| E|CS|TAMS 0x00000007e7500000| PB 0x00000007e7500000| Complete 
|1654|0x00000007e7600000, 0x00000007e7700000, 0x00000007e7700000|100%| E|CS|TAMS 0x00000007e7600000| PB 0x00000007e7600000| Complete 
|1655|0x00000007e7700000, 0x00000007e7800000, 0x00000007e7800000|100%| E|CS|TAMS 0x00000007e7700000| PB 0x00000007e7700000| Complete 
|1656|0x00000007e7800000, 0x00000007e7900000, 0x00000007e7900000|100%| E|CS|TAMS 0x00000007e7800000| PB 0x00000007e7800000| Complete 
|1657|0x00000007e7900000, 0x00000007e7a00000, 0x00000007e7a00000|100%| E|CS|TAMS 0x00000007e7900000| PB 0x00000007e7900000| Complete 
|1658|0x00000007e7a00000, 0x00000007e7b00000, 0x00000007e7b00000|100%| E|CS|TAMS 0x00000007e7a00000| PB 0x00000007e7a00000| Complete 
|1659|0x00000007e7b00000, 0x00000007e7c00000, 0x00000007e7c00000|100%| E|CS|TAMS 0x00000007e7b00000| PB 0x00000007e7b00000| Complete 
|1660|0x00000007e7c00000, 0x00000007e7d00000, 0x00000007e7d00000|100%| E|CS|TAMS 0x00000007e7c00000| PB 0x00000007e7c00000| Complete 
|1661|0x00000007e7d00000, 0x00000007e7e00000, 0x00000007e7e00000|100%| E|CS|TAMS 0x00000007e7d00000| PB 0x00000007e7d00000| Complete 
|1662|0x00000007e7e00000, 0x00000007e7f00000, 0x00000007e7f00000|100%| E|CS|TAMS 0x00000007e7e00000| PB 0x00000007e7e00000| Complete 
|1663|0x00000007e7f00000, 0x00000007e8000000, 0x00000007e8000000|100%| E|CS|TAMS 0x00000007e7f00000| PB 0x00000007e7f00000| Complete 
|1664|0x00000007e8000000, 0x00000007e8100000, 0x00000007e8100000|100%| E|CS|TAMS 0x00000007e8000000| PB 0x00000007e8000000| Complete 
|1665|0x00000007e8100000, 0x00000007e8200000, 0x00000007e8200000|100%| E|CS|TAMS 0x00000007e8100000| PB 0x00000007e8100000| Complete 
|1666|0x00000007e8200000, 0x00000007e8300000, 0x00000007e8300000|100%| E|CS|TAMS 0x00000007e8200000| PB 0x00000007e8200000| Complete 
|1667|0x00000007e8300000, 0x00000007e8400000, 0x00000007e8400000|100%| E|CS|TAMS 0x00000007e8300000| PB 0x00000007e8300000| Complete 
|1668|0x00000007e8400000, 0x00000007e8500000, 0x00000007e8500000|100%| E|CS|TAMS 0x00000007e8400000| PB 0x00000007e8400000| Complete 
|1669|0x00000007e8500000, 0x00000007e8600000, 0x00000007e8600000|100%| E|CS|TAMS 0x00000007e8500000| PB 0x00000007e8500000| Complete 
|1670|0x00000007e8600000, 0x00000007e8700000, 0x00000007e8700000|100%| E|CS|TAMS 0x00000007e8600000| PB 0x00000007e8600000| Complete 
|1671|0x00000007e8700000, 0x00000007e8800000, 0x00000007e8800000|100%| E|CS|TAMS 0x00000007e8700000| PB 0x00000007e8700000| Complete 
|1672|0x00000007e8800000, 0x00000007e8900000, 0x00000007e8900000|100%| E|CS|TAMS 0x00000007e8800000| PB 0x00000007e8800000| Complete 
|2041|0x00000007ff900000, 0x00000007ffa00000, 0x00000007ffa00000|100%| E|CS|TAMS 0x00000007ff900000| PB 0x00000007ff900000| Complete 
|2042|0x00000007ffa00000, 0x00000007ffb00000, 0x00000007ffb00000|100%| E|CS|TAMS 0x00000007ffa00000| PB 0x00000007ffa00000| Complete 
|2043|0x00000007ffb00000, 0x00000007ffc00000, 0x00000007ffc00000|100%| E|CS|TAMS 0x00000007ffb00000| PB 0x00000007ffb00000| Complete 
|2044|0x00000007ffc00000, 0x00000007ffd00000, 0x00000007ffd00000|100%| E|CS|TAMS 0x00000007ffc00000| PB 0x00000007ffc00000| Complete 
|2045|0x00000007ffd00000, 0x00000007ffe00000, 0x00000007ffe00000|100%| E|CS|TAMS 0x00000007ffd00000| PB 0x00000007ffd00000| Complete 
|2046|0x00000007ffe00000, 0x00000007fff00000, 0x00000007fff00000|100%| E|CS|TAMS 0x00000007ffe00000| PB 0x00000007ffe00000| Complete 
|2047|0x00000007fff00000, 0x0000000800000000, 0x0000000800000000|100%| E|CS|TAMS 0x00000007fff00000| PB 0x00000007fff00000| Complete 

Card table byte_map: [0x0000000100f10000,0x0000000101310000] _byte_map_base: 0x00000000fd310000

Marking Bits: (CMBitMap*) 0x000000010c808810
 Bits: [0x000000010d000000, 0x000000010f000000)

Polling page: 0x00000001007d4000

Metaspace:

Usage:
  Non-class:    403.78 MB used.
      Class:     58.08 MB used.
       Both:    461.87 MB used.

Virtual space:
  Non-class space:      448.00 MB reserved,     406.31 MB ( 91%) committed,  7 nodes.
      Class space:        1.00 GB reserved,      60.75 MB (  6%) committed,  1 nodes.
             Both:        1.44 GB reserved,     467.06 MB ( 32%) committed. 

Chunk freelists:
   Non-Class:  8.89 MB
       Class:  3.09 MB
        Both:  11.98 MB

MaxMetaspaceSize: unlimited
CompressedClassSpaceSize: 1.00 GB
Initial GC threshold: 21.00 MB
Current GC threshold: 741.56 MB
CDS: on
 - commit_granule_bytes: 65536.
 - commit_granule_words: 8192.
 - virtual_space_node_default_size: 8388608.
 - enlarge_chunks_in_place: 1.
 - use_allocation_guard: 0.


Internal statistics:

num_allocs_failed_limit: 6.
num_arena_births: 9888.
num_arena_deaths: 86.
num_vsnodes_births: 8.
num_vsnodes_deaths: 0.
num_space_committed: 7465.
num_space_uncommitted: 2.
num_chunks_returned_to_freelist: 179.
num_chunks_taken_from_freelist: 32249.
num_chunk_merges: 29.
num_chunk_splits: 21520.
num_chunks_enlarged: 13795.
num_inconsistent_stats: 0.

CodeHeap 'non-profiled nmethods': size=120032Kb used=25064Kb max_used=33438Kb free=94967Kb
 bounds [0x0000000137ac8000, 0x0000000139b78000, 0x000000013f000000]
CodeHeap 'profiled nmethods': size=120016Kb used=88613Kb max_used=92543Kb free=31402Kb
 bounds [0x0000000130000000, 0x0000000135a60000, 0x0000000137534000]
CodeHeap 'non-nmethods': size=5712Kb used=2381Kb max_used=2482Kb free=3330Kb
 bounds [0x0000000137534000, 0x00000001377b4000, 0x0000000137ac8000]
 total_blobs=42677 nmethods=41242 adapters=1338
 compilation: enabled
              stopped_count=0, restarted_count=0
 full_count=0

Compilation events (20 events):
Event: 167.492 Thread 0x000000010b00da00 nmethod 102145 0x0000000131455b90 code [0x0000000131455d80, 0x00000001314561e8]
Event: 167.492 Thread 0x000000010b00da00 102146       3       com.intellij.psi.impl.source.tree.RecursiveTreeElementWalkingVisitor$ASTTreeGuide::getPrevSibling (15 bytes)
Event: 167.492 Thread 0x000000010b00da00 nmethod 102146 0x0000000131455590 code [0x0000000131455740, 0x0000000131455a30]
Event: 167.492 Thread 0x000000010b00da00 102117   !   3       kotlin.jvm.internal.ArrayIterator::next (48 bytes)
Event: 167.492 Thread 0x000000010b00da00 nmethod 102117 0x0000000131454f10 code [0x00000001314550c0, 0x0000000131455410]
Event: 167.492 Thread 0x000000010b00da00 102025       2       com.intellij.psi.util.CachedValuesManager::getCachedValue (34 bytes)
Event: 167.492 Thread 0x000000010b00da00 nmethod 102025 0x0000000131454990 code [0x0000000131454b80, 0x0000000131454d90]
Event: 167.492 Thread 0x000000010b00da00 102195       2       com.android.tools.lint.uast.KotlinStaticPsiDeclarationFromBinaryModuleProvider::getFunctions (414 bytes)
Event: 167.493 Thread 0x000000010b00da00 nmethod 102195 0x000000013223e690 code [0x000000013223eb00, 0x000000013223fa80]
Event: 167.493 Thread 0x000000010b00da00 102174       3       com.intellij.psi.impl.source.tree.FileElement$1::visitComposite (73 bytes)
Event: 167.494 Thread 0x000000010b00da00 nmethod 102174 0x000000013223b710 code [0x000000013223bc80, 0x000000013223dc28]
Event: 167.494 Thread 0x000000010b00da00 102197 % !   3       org.jetbrains.uast.kotlin.FirKotlinUastResolveProviderService::getArgumentForParameter @ 2397 (2840 bytes)
Event: 167.500 Thread 0x000000010b00d200 nmethod 94166 0x0000000139103010 code [0x0000000139103380, 0x0000000139104df8]
Event: 167.500 Thread 0x000000010b00d200 102202       4       com.intellij.psi.stubs.StubList$TempState::prepareForChildren (78 bytes)
Event: 167.502 Thread 0x000000010b00d200 nmethod 102202 0x0000000138dd3290 code [0x0000000138dd3440, 0x0000000138dd3690]
Event: 167.502 Thread 0x000000010b00d200 94174       4       com.android.tools.lint.client.api.LintJarVerifier$methodVisitor$1::visitMethodInsn (42 bytes)
Event: 167.503 Thread 0x000000010b00d200 nmethod 94174 0x00000001391b0590 code [0x00000001391b0740, 0x00000001391b0910]
Event: 167.503 Thread 0x000000010b00d200 94167       4       org.objectweb.asm.MethodVisitor::visitMethodInsn (80 bytes)
Event: 167.503 Thread 0x000000010b00d200 nmethod 94167 0x0000000138dd2d90 code [0x0000000138dd2f00, 0x0000000138dd2fe8]
Event: 167.503 Thread 0x000000010b00d200 102213       4       com.intellij.psi.stubs.MaterialStubList$1::visitStub (110 bytes)

GC Heap History (20 events):
Event: 97.226 GC heap before
{Heap before GC invocations=165 (full 0):
 garbage-first heap   total 2097152K, used 1748534K [0x0000000780000000, 0x0000000800000000)
  region size 1024K, 1 young (1024K), 1 survivors (1024K)
 Metaspace       used 225585K, committed 229056K, reserved 1310720K
  class space    used 29531K, committed 31360K, reserved 1048576K
}
Event: 97.804 GC heap after
{Heap after GC invocations=166 (full 1):
 garbage-first heap   total 2097152K, used 622982K [0x0000000780000000, 0x0000000800000000)
  region size 1024K, 0 young (0K), 0 survivors (0K)
 Metaspace       used 225342K, committed 228928K, reserved 1310720K
  class space    used 29511K, committed 31360K, reserved 1048576K
}
Event: 120.459 GC heap before
{Heap before GC invocations=166 (full 1):
 garbage-first heap   total 2097152K, used 1572230K [0x0000000780000000, 0x0000000800000000)
  region size 1024K, 769 young (787456K), 0 survivors (0K)
 Metaspace       used 258043K, committed 261824K, reserved 1310720K
  class space    used 34231K, committed 36224K, reserved 1048576K
}
Event: 120.493 GC heap after
{Heap after GC invocations=167 (full 1):
 garbage-first heap   total 2097152K, used 689734K [0x0000000780000000, 0x0000000800000000)
  region size 1024K, 39 young (39936K), 39 survivors (39936K)
 Metaspace       used 258043K, committed 261824K, reserved 1310720K
  class space    used 34231K, committed 36224K, reserved 1048576K
}
Event: 152.619 GC heap before
{Heap before GC invocations=168 (full 1):
 garbage-first heap   total 1720320K, used 1326786K [0x0000000780000000, 0x0000000800000000)
  region size 1024K, 819 young (838656K), 39 survivors (39936K)
 Metaspace       used 305354K, committed 309440K, reserved 1376256K
  class space    used 40092K, committed 42240K, reserved 1048576K
}
Event: 152.699 GC heap after
{Heap after GC invocations=169 (full 1):
 garbage-first heap   total 1720320K, used 549890K [0x0000000780000000, 0x0000000800000000)
  region size 1024K, 78 young (79872K), 78 survivors (79872K)
 Metaspace       used 305354K, committed 309440K, reserved 1376256K
  class space    used 40092K, committed 42240K, reserved 1048576K
}
Event: 157.174 GC heap before
{Heap before GC invocations=170 (full 1):
 garbage-first heap   total 1720320K, used 1209346K [0x0000000780000000, 0x0000000800000000)
  region size 1024K, 721 young (738304K), 78 survivors (79872K)
 Metaspace       used 328338K, committed 332672K, reserved 1376256K
  class space    used 42164K, committed 44416K, reserved 1048576K
}
Event: 157.267 GC heap after
{Heap after GC invocations=171 (full 1):
 garbage-first heap   total 1720320K, used 547330K [0x0000000780000000, 0x0000000800000000)
  region size 1024K, 15 young (15360K), 15 survivors (15360K)
 Metaspace       used 328338K, committed 332672K, reserved 1376256K
  class space    used 42164K, committed 44416K, reserved 1048576K
}
Event: 161.128 GC heap before
{Heap before GC invocations=172 (full 1):
 garbage-first heap   total 1720320K, used 1572354K [0x0000000780000000, 0x0000000800000000)
  region size 1024K, 1008 young (1032192K), 15 survivors (15360K)
 Metaspace       used 330663K, committed 335104K, reserved 1376256K
  class space    used 42368K, committed 44736K, reserved 1048576K
}
Event: 161.193 GC heap after
{Heap after GC invocations=173 (full 1):
 garbage-first heap   total 1720320K, used 591362K [0x0000000780000000, 0x0000000800000000)
  region size 1024K, 66 young (67584K), 66 survivors (67584K)
 Metaspace       used 330663K, committed 335104K, reserved 1376256K
  class space    used 42368K, committed 44736K, reserved 1048576K
}
Event: 163.209 GC heap before
{Heap before GC invocations=173 (full 1):
 garbage-first heap   total 1720320K, used 1571330K [0x0000000780000000, 0x0000000800000000)
  region size 1024K, 1008 young (1032192K), 66 survivors (67584K)
 Metaspace       used 383924K, committed 388480K, reserved 1441792K
  class space    used 48555K, committed 50944K, reserved 1048576K
}
Event: 163.316 GC heap after
{Heap after GC invocations=174 (full 1):
 garbage-first heap   total 1720320K, used 538931K [0x0000000780000000, 0x0000000800000000)
  region size 1024K, 97 young (99328K), 97 survivors (99328K)
 Metaspace       used 383924K, committed 388480K, reserved 1441792K
  class space    used 48555K, committed 50944K, reserved 1048576K
}
Event: 163.410 GC heap before
{Heap before GC invocations=174 (full 1):
 garbage-first heap   total 1720320K, used 668979K [0x0000000780000000, 0x0000000800000000)
  region size 1024K, 225 young (230400K), 97 survivors (99328K)
 Metaspace       used 386225K, committed 390784K, reserved 1441792K
  class space    used 48817K, committed 51200K, reserved 1048576K
}
Event: 163.456 GC heap after
{Heap after GC invocations=175 (full 1):
 garbage-first heap   total 1720320K, used 552243K [0x0000000780000000, 0x0000000800000000)
  region size 1024K, 62 young (63488K), 62 survivors (63488K)
 Metaspace       used 386225K, committed 390784K, reserved 1441792K
  class space    used 48817K, committed 51200K, reserved 1048576K
}
Event: 165.142 GC heap before
{Heap before GC invocations=176 (full 1):
 garbage-first heap   total 1720320K, used 1586865K [0x0000000780000000, 0x0000000800000000)
  region size 1024K, 1008 young (1032192K), 62 survivors (63488K)
 Metaspace       used 427276K, committed 432512K, reserved 1441792K
  class space    used 53773K, committed 56512K, reserved 1048576K
}
Event: 165.180 GC heap after
{Heap after GC invocations=177 (full 1):
 garbage-first heap   total 1720320K, used 613041K [0x0000000780000000, 0x0000000800000000)
  region size 1024K, 125 young (128000K), 125 survivors (128000K)
 Metaspace       used 427276K, committed 432512K, reserved 1441792K
  class space    used 53773K, committed 56512K, reserved 1048576K
}
Event: 166.021 GC heap before
{Heap before GC invocations=177 (full 1):
 garbage-first heap   total 1720320K, used 1519281K [0x0000000780000000, 0x0000000800000000)
  region size 1024K, 994 young (1017856K), 125 survivors (128000K)
 Metaspace       used 443902K, committed 449152K, reserved 1441792K
  class space    used 56110K, committed 58816K, reserved 1048576K
}
Event: 166.062 GC heap after
{Heap after GC invocations=178 (full 1):
 garbage-first heap   total 1720320K, used 525713K [0x0000000780000000, 0x0000000800000000)
  region size 1024K, 28 young (28672K), 28 survivors (28672K)
 Metaspace       used 443902K, committed 449152K, reserved 1441792K
  class space    used 56110K, committed 58816K, reserved 1048576K
}
Event: 166.097 GC heap before
{Heap before GC invocations=178 (full 1):
 garbage-first heap   total 1720320K, used 682385K [0x0000000780000000, 0x0000000800000000)
  region size 1024K, 183 young (187392K), 28 survivors (28672K)
 Metaspace       used 444320K, committed 449600K, reserved 1441792K
  class space    used 56158K, committed 58880K, reserved 1048576K
}
Event: 166.107 GC heap after
{Heap after GC invocations=179 (full 1):
 garbage-first heap   total 1720320K, used 535953K [0x0000000780000000, 0x0000000800000000)
  region size 1024K, 39 young (39936K), 39 survivors (39936K)
 Metaspace       used 444320K, committed 449600K, reserved 1441792K
  class space    used 56158K, committed 58880K, reserved 1048576K
}

Dll operation events (17 events):
Event: 0.005 Loaded shared library /Users/j/Library/Java/JavaVirtualMachines/openjdk-21.0.2/Contents/Home/lib/libjava.dylib
Event: 0.035 Loaded shared library /Users/j/Library/Java/JavaVirtualMachines/openjdk-21.0.2/Contents/Home/lib/libzip.dylib
Event: 0.036 Loaded shared library /Users/j/Library/Java/JavaVirtualMachines/openjdk-21.0.2/Contents/Home/lib/libinstrument.dylib
Event: 0.038 Loaded shared library /Users/j/Library/Java/JavaVirtualMachines/openjdk-21.0.2/Contents/Home/lib/libnio.dylib
Event: 0.039 Loaded shared library /Users/j/Library/Java/JavaVirtualMachines/openjdk-21.0.2/Contents/Home/lib/libzip.dylib
Event: 0.123 Loaded shared library /Users/j/Library/Java/JavaVirtualMachines/openjdk-21.0.2/Contents/Home/lib/libjimage.dylib
Event: 0.170 Loaded shared library /Users/j/Library/Java/JavaVirtualMachines/openjdk-21.0.2/Contents/Home/lib/libverify.dylib
Event: 0.198 Loaded shared library /Users/j/Library/Java/JavaVirtualMachines/openjdk-21.0.2/Contents/Home/lib/libnet.dylib
Event: 0.200 Loaded shared library /Users/j/.gradle/native/1def1411415f61bf3af743bc5b6707747c0891f09f0c88961ee8f79bc544acac/osx-aarch64/libnative-platform.dylib
Event: 0.207 Loaded shared library /Users/j/.gradle/native/0.2.7/aarch64-macos/libgradle-fileevents.dylib
Event: 0.565 Loaded shared library /Users/j/Library/Java/JavaVirtualMachines/openjdk-21.0.2/Contents/Home/lib/libmanagement.dylib
Event: 0.566 Loaded shared library /Users/j/Library/Java/JavaVirtualMachines/openjdk-21.0.2/Contents/Home/lib/libmanagement_ext.dylib
Event: 0.624 Loaded shared library /Users/j/Library/Java/JavaVirtualMachines/openjdk-21.0.2/Contents/Home/lib/libextnet.dylib
Event: 5.756 Loaded shared library /Users/j/Library/Java/JavaVirtualMachines/openjdk-21.0.2/Contents/Home/lib/librmi.dylib
Event: 162.525 Loaded shared library /Users/j/Library/Java/JavaVirtualMachines/openjdk-21.0.2/Contents/Home/lib/libawt.dylib
Event: 162.546 Loaded shared library /Users/j/Library/Java/JavaVirtualMachines/openjdk-21.0.2/Contents/Home/lib/libawt_lwawt.dylib
Event: 162.554 Loaded shared library /Users/j/Library/Java/JavaVirtualMachines/openjdk-21.0.2/Contents/Home/lib/libfontmanager.dylib

Deoptimization events (20 events):
Event: 167.420 Thread 0x000000011e03cc00 DEOPT PACKING pc=0x0000000139224f94 sp=0x0000000315466b90
Event: 167.420 Thread 0x000000011e03cc00 DEOPT UNPACKING pc=0x000000013757701c sp=0x0000000315466b10 mode 2
Event: 167.420 Thread 0x000000011e03cc00 Uncommon trap: trap_request=0xffffff45 fr.pc=0x00000001383f0f7c relative=0x00000000000001bc
Event: 167.420 Thread 0x000000011e03cc00 Uncommon trap: reason=unstable_if action=reinterpret pc=0x00000001383f0f7c method=java.lang.StringLatin1.indexOf([BIII)I @ 4 c2
Event: 167.420 Thread 0x000000011e03cc00 DEOPT PACKING pc=0x00000001383f0f7c sp=0x00000003154669d0
Event: 167.420 Thread 0x000000011e03cc00 DEOPT UNPACKING pc=0x000000013757701c sp=0x00000003154668c0 mode 2
Event: 167.420 Thread 0x000000011e03cc00 Uncommon trap: trap_request=0xffffff45 fr.pc=0x0000000138f6e674 relative=0x0000000000000274
Event: 167.420 Thread 0x000000011e03cc00 Uncommon trap: reason=unstable_if action=reinterpret pc=0x0000000138f6e674 method=com.intellij.openapi.util.text.StringUtil.isPrintableUnicode(C)Z @ 41 c2
Event: 167.420 Thread 0x000000011e03cc00 DEOPT PACKING pc=0x0000000138f6e674 sp=0x00000003154669c0
Event: 167.420 Thread 0x000000011e03cc00 DEOPT UNPACKING pc=0x000000013757701c sp=0x0000000315466950 mode 2
Event: 167.461 Thread 0x000000011e03aa00 DEOPT PACKING pc=0x00000001304bdb9c sp=0x0000000315c9fa50
Event: 167.462 Thread 0x000000011e03aa00 DEOPT UNPACKING pc=0x0000000137576e7c sp=0x0000000315c9f720 mode 0
Event: 167.465 Thread 0x000000010f716400 Uncommon trap: trap_request=0xffffffde fr.pc=0x0000000137e054dc relative=0x000000000000035c
Event: 167.465 Thread 0x000000010f716400 Uncommon trap: reason=class_check action=maybe_recompile pc=0x0000000137e054dc method=java.util.regex.Pattern$StartS.match(Ljava/util/regex/Matcher;ILjava/lang/CharSequence;)Z @ 44 c2
Event: 167.465 Thread 0x000000010f716400 DEOPT PACKING pc=0x0000000137e054dc sp=0x0000000315055380
Event: 167.465 Thread 0x000000010f716400 DEOPT UNPACKING pc=0x000000013757701c sp=0x0000000315055320 mode 2
Event: 167.476 Thread 0x000000010f716400 Uncommon trap: trap_request=0xffffffde fr.pc=0x0000000137e054dc relative=0x000000000000035c
Event: 167.476 Thread 0x000000010f716400 Uncommon trap: reason=class_check action=maybe_recompile pc=0x0000000137e054dc method=java.util.regex.Pattern$StartS.match(Ljava/util/regex/Matcher;ILjava/lang/CharSequence;)Z @ 44 c2
Event: 167.476 Thread 0x000000010f716400 DEOPT PACKING pc=0x0000000137e054dc sp=0x0000000315055380
Event: 167.476 Thread 0x000000010f716400 DEOPT UNPACKING pc=0x000000013757701c sp=0x0000000315055320 mode 2

Classes loaded (20 events):
Event: 163.937 Loading class com/sun/org/apache/xerces/internal/dom/DeferredElementNSImpl
Event: 163.937 Loading class com/sun/org/apache/xerces/internal/dom/DeferredElementNSImpl done
Event: 163.939 Loading class com/sun/org/apache/xerces/internal/dom/DeferredAttrNSImpl
Event: 163.939 Loading class com/sun/org/apache/xerces/internal/dom/DeferredAttrNSImpl done
Event: 164.149 Loading class java/util/jar/JarInputStream
Event: 164.149 Loading class java/util/jar/JarInputStream done
Event: 165.600 Loading class java/util/EnumMap$KeySet
Event: 165.600 Loading class java/util/EnumMap$KeySet done
Event: 165.600 Loading class java/util/EnumMap$KeyIterator
Event: 165.600 Loading class java/util/EnumMap$KeyIterator done
Event: 165.794 Loading class java/util/concurrent/Executors$PrivilegedThreadFactory
Event: 165.794 Loading class java/util/concurrent/Executors$PrivilegedThreadFactory done
Event: 165.794 Loading class java/util/concurrent/DelayQueue
Event: 165.794 Loading class java/util/concurrent/DelayQueue done
Event: 165.806 Loading class java/util/concurrent/Executors$PrivilegedThreadFactory$1
Event: 165.806 Loading class java/util/concurrent/Executors$PrivilegedThreadFactory$1 done
Event: 165.806 Loading class java/util/concurrent/Executors$PrivilegedThreadFactory$1$1
Event: 165.806 Loading class java/util/concurrent/Executors$PrivilegedThreadFactory$1$1 done
Event: 165.809 Loading class sun/management/NotificationEmitterSupport$ListenerInfo
Event: 165.809 Loading class sun/management/NotificationEmitterSupport$ListenerInfo done

Classes unloaded (20 events):
Event: 166.330 Thread 0x000000011c608ee0 Unloading class 0x000000a8044a8518 'androidx/compose/runtime/lint/MutableCollectionMutableStateDetector$Companion'
Event: 166.330 Thread 0x000000011c608ee0 Unloading class 0x000000a8044a8000 'androidx/compose/runtime/lint/MutableCollectionMutableStateDetector'
Event: 166.330 Thread 0x000000011c608ee0 Unloading class 0x000000a8044a7c60 'androidx/compose/runtime/lint/CompositionLocalNamingDetector$Companion'
Event: 166.330 Thread 0x000000011c608ee0 Unloading class 0x000000a8044a7748 'androidx/compose/runtime/lint/CompositionLocalNamingDetector'
Event: 166.330 Thread 0x000000011c608ee0 Unloading class 0x000000a8044a7548 'androidx/compose/runtime/lint/ComposableStateFlowValueDetector$Companion'
Event: 166.330 Thread 0x000000011c608ee0 Unloading class 0x000000a8044a7030 'androidx/compose/runtime/lint/ComposableStateFlowValueDetector'
Event: 166.330 Thread 0x000000011c608ee0 Unloading class 0x000000a8044a6e30 'androidx/compose/runtime/lint/ComposableNamingDetector$Companion'
Event: 166.330 Thread 0x000000011c608ee0 Unloading class 0x000000a8044a6918 'androidx/compose/runtime/lint/ComposableNamingDetector'
Event: 166.330 Thread 0x000000011c608ee0 Unloading class 0x000000a8044a6718 'androidx/compose/runtime/lint/ComposableLambdaParameterDetector$Companion'
Event: 166.330 Thread 0x000000011c608ee0 Unloading class 0x000000a8044a6200 'androidx/compose/runtime/lint/ComposableLambdaParameterDetector'
Event: 166.330 Thread 0x000000011c608ee0 Unloading class 0x000000a8044a6000 'androidx/compose/runtime/lint/ComposableFlowOperatorDetector$Companion'
Event: 166.330 Thread 0x000000011c608ee0 Unloading class 0x000000a8044a5918 'androidx/compose/runtime/lint/ComposableFlowOperatorDetector'
Event: 166.330 Thread 0x000000011c608ee0 Unloading class 0x000000a8044a5718 'androidx/compose/runtime/lint/ComposableCoroutineCreationDetector$Companion'
Event: 166.330 Thread 0x000000011c608ee0 Unloading class 0x000000a8044a5200 'androidx/compose/runtime/lint/ComposableCoroutineCreationDetector'
Event: 166.330 Thread 0x000000011c608ee0 Unloading class 0x000000a8044a5000 'androidx/compose/runtime/lint/AutoboxingStateCreationDetector$Companion'
Event: 166.330 Thread 0x000000011c608ee0 Unloading class 0x000000a8044a4978 'androidx/compose/runtime/lint/AutoboxingStateCreationDetector'
Event: 166.330 Thread 0x000000011c608ee0 Unloading class 0x000000a8044a4778 'androidx/compose/runtime/lint/AutoboxingStateValuePropertyDetector$Companion'
Event: 166.330 Thread 0x000000011c608ee0 Unloading class 0x000000a8044a4260 'androidx/compose/runtime/lint/AutoboxingStateValuePropertyDetector'
Event: 166.330 Thread 0x000000011c608ee0 Unloading class 0x000000a8044a4000 'androidx/compose/runtime/lint/RuntimeIssueRegistry'
Event: 166.330 Thread 0x000000011c608ee0 Unloading class 0x000000a803e64000 'java/lang/invoke/LambdaForm$DMH+0x000000a803e64000'

Classes redefined (0 events):
No events

Internal exceptions (20 events):
Event: 164.141 Thread 0x000000011e03aa00 Exception <a 'java/lang/NoSuchMethodError'{0x00000007d362c2b8}: 'java.lang.Object java.lang.invoke.DirectMethodHandle$Holder.invokeStaticInit(java.lang.Object, long)'> (0x00000007d362c2b8) 
thrown [open/src/hotspot/share/interpreter/linkResolver.cpp, line 773]
Event: 164.884 Thread 0x00000001685eb800 Exception <a 'java/lang/NoSuchMethodError'{0x00000007b73c6f38}: 'java.lang.Object java.lang.invoke.DirectMethodHandle$Holder.invokeStaticInit(java.lang.Object, int, int, java.lang.Object)'> (0x00000007b73c6f38) 
thrown [open/src/hotspot/share/interpreter/linkResolver.cpp, line 773]
Event: 165.271 Thread 0x00000001685eb800 Exception <a 'java/lang/NoSuchMethodError'{0x00000007e3a7bcf0}: 'java.lang.Object java.lang.invoke.DirectMethodHandle$Holder.newInvokeSpecial(java.lang.Object, int, java.lang.Object, java.lang.Object, java.lang.Object, int)'> (0x00000007e3a7bcf0) 
thrown [open/src/hotspot/share/interpreter/linkResolver.cpp, line 773]
Event: 165.275 Thread 0x00000001685eb800 Exception <a 'java/lang/NoSuchMethodError'{0x00000007e32036f0}: 'java.lang.Object java.lang.invoke.DirectMethodHandle$Holder.newInvokeSpecial(java.lang.Object, int, java.lang.Object, java.lang.Object)'> (0x00000007e32036f0) 
thrown [open/src/hotspot/share/interpreter/linkResolver.cpp, line 773]
Event: 165.275 Thread 0x00000001685eb800 Exception <a 'java/lang/NoSuchMethodError'{0x00000007e3207410}: 'java.lang.Object java.lang.invoke.DirectMethodHandle$Holder.invokeSpecial(java.lang.Object, java.lang.Object, int, java.lang.Object, java.lang.Object)'> (0x00000007e3207410) 
thrown [open/src/hotspot/share/interpreter/linkResolver.cpp, line 773]
Event: 165.275 Thread 0x00000001685eb800 Exception <a 'java/lang/NoSuchMethodError'{0x00000007e320aa88}: 'java.lang.Object java.lang.invoke.Invokers$Holder.linkToTargetMethod(int, java.lang.Object, java.lang.Object, java.lang.Object)'> (0x00000007e320aa88) 
thrown [open/src/hotspot/share/interpreter/linkResolver.cpp, line 773]
Event: 165.805 Thread 0x000000010f716400 Exception <a 'java/lang/NoSuchMethodError'{0x00000007c2f32e68}: 'java.lang.Object java.lang.invoke.DirectMethodHandle$Holder.invokeStatic(java.lang.Object, java.lang.Object, int, java.lang.Object, java.lang.Object, java.lang.Object)'> (0x00000007c2f32e68) 
thrown [open/src/hotspot/share/interpreter/linkResolver.cpp, line 773]
Event: 166.131 Thread 0x000000011e03aa00 Exception <a 'java/lang/NoSuchMethodError'{0x00000007e6dc8978}: 'void java.lang.invoke.DirectMethodHandle$Holder.invokeStatic(java.lang.Object, java.lang.Object, java.lang.Object, long)'> (0x00000007e6dc8978) 
thrown [open/src/hotspot/share/interpreter/linkResolver.cpp, line 773]
Event: 166.131 Thread 0x000000010f716400 Exception <a 'java/lang/NoSuchMethodError'{0x00000007e5c59f08}: 'void java.lang.invoke.DirectMethodHandle$Holder.invokeStatic(java.lang.Object, java.lang.Object, java.lang.Object, long)'> (0x00000007e5c59f08) 
thrown [open/src/hotspot/share/interpreter/linkResolver.cpp, line 773]
Event: 166.132 Thread 0x000000011e03aa00 Exception <a 'java/lang/NoSuchMethodError'{0x00000007e6dcc800}: 'long java.lang.invoke.DirectMethodHandle$Holder.invokeStatic(java.lang.Object, int)'> (0x00000007e6dcc800) 
thrown [open/src/hotspot/share/interpreter/linkResolver.cpp, line 773]
Event: 166.132 Thread 0x000000010f716400 Exception <a 'java/lang/NoSuchMethodError'{0x00000007e5c5dd50}: 'long java.lang.invoke.DirectMethodHandle$Holder.invokeStatic(java.lang.Object, int)'> (0x00000007e5c5dd50) 
thrown [open/src/hotspot/share/interpreter/linkResolver.cpp, line 773]
Event: 166.133 Thread 0x000000010f716400 Exception <a 'java/lang/NoSuchMethodError'{0x00000007e5c65038}: 'void java.lang.invoke.DelegatingMethodHandle$Holder.reinvoke_L(java.lang.Object, java.lang.Object, java.lang.Object, long)'> (0x00000007e5c65038) 
thrown [open/src/hotspot/share/interpreter/linkResolver.cpp, line 773]
Event: 166.133 Thread 0x000000011e03aa00 Exception <a 'java/lang/NoSuchMethodError'{0x00000007e6dd34f8}: 'void java.lang.invoke.DelegatingMethodHandle$Holder.reinvoke_L(java.lang.Object, java.lang.Object, java.lang.Object, long)'> (0x00000007e6dd34f8) 
thrown [open/src/hotspot/share/interpreter/linkResolver.cpp, line 773]
Event: 166.196 Thread 0x000000011e03cc00 Implicit null exception at 0x00000001384b8f64 to 0x00000001384b98c8
Event: 166.595 Thread 0x000000011e03cc00 Exception <a 'java/lang/IncompatibleClassChangeError'{0x00000007d98b0230}: Found class java.lang.Object, but interface was expected> (0x00000007d98b0230) 
thrown [open/src/hotspot/share/interpreter/linkResolver.cpp, line 840]
Event: 166.655 Thread 0x000000011e03aa00 Exception <a 'java/lang/NoSuchMethodError'{0x00000007d74ddb90}: 'void java.lang.invoke.DirectMethodHandle$Holder.invokeStatic(java.lang.Object, java.lang.Object, java.lang.Object, java.lang.Object, int)'> (0x00000007d74ddb90) 
thrown [open/src/hotspot/share/interpreter/linkResolver.cpp, line 773]
Event: 166.677 Thread 0x000000011e03aa00 Exception <a 'java/lang/NoSuchMethodError'{0x00000007d70f20a0}: 'java.lang.Object java.lang.invoke.DirectMethodHandle$Holder.newInvokeSpecial(java.lang.Object, java.lang.Object, java.lang.Object, java.lang.Object, int, java.lang.Object, java.lang.Object)'> (0x00000007d70f20a0) 
thrown [open/src/hotspot/share/interpreter/linkResolver.cpp, line 773]
Event: 166.677 Thread 0x000000011e03aa00 Exception <a 'java/lang/NoSuchMethodError'{0x00000007d70f6730}: 'java.lang.Object java.lang.invoke.Invokers$Holder.linkToTargetMethod(java.lang.Object, java.lang.Object, java.lang.Object, int, java.lang.Object, java.lang.Object, java.lang.Object)'> (0x00000007d70f6730) 
thrown [open/src/hotspot/share/interpreter/linkResolver.cpp, line 773]
Event: 166.761 Thread 0x000000011e03cc00 Exception <a 'java/lang/NoSuchMethodError'{0x00000007d5883e28}: 'java.lang.Object java.lang.invoke.DirectMethodHandle$Holder.invokeStatic(java.lang.Object, int, java.lang.Object, int)'> (0x00000007d5883e28) 
thrown [open/src/hotspot/share/interpreter/linkResolver.cpp, line 773]
Event: 166.892 Thread 0x000000011e03cc00 Exception <a 'java/lang/NoSuchMethodError'{0x00000007d1b8cfa8}: 'java.lang.Object java.lang.invoke.DirectMethodHandle$Holder.invokeStatic(java.lang.Object, java.lang.Object, java.lang.Object, int, java.lang.Object, java.lang.Object)'> (0x00000007d1b8cfa8) 
thrown [open/src/hotspot/share/interpreter/linkResolver.cpp, line 773]

ZGC Phase Switch (0 events):
No events

VM Operations (20 events):
Event: 167.114 Executing VM operation: ICBufferFull
Event: 167.114 Executing VM operation: ICBufferFull done
Event: 167.175 Executing VM operation: ICBufferFull
Event: 167.175 Executing VM operation: ICBufferFull done
Event: 167.211 Executing VM operation: ICBufferFull
Event: 167.211 Executing VM operation: ICBufferFull done
Event: 167.249 Executing VM operation: HandshakeAllThreads (Deoptimize)
Event: 167.250 Executing VM operation: HandshakeAllThreads (Deoptimize) done
Event: 167.260 Executing VM operation: ICBufferFull
Event: 167.260 Executing VM operation: ICBufferFull done
Event: 167.338 Executing VM operation: ICBufferFull
Event: 167.338 Executing VM operation: ICBufferFull done
Event: 167.389 Executing VM operation: ICBufferFull
Event: 167.390 Executing VM operation: ICBufferFull done
Event: 167.449 Executing VM operation: ICBufferFull
Event: 167.449 Executing VM operation: ICBufferFull done
Event: 167.488 Executing VM operation: HandshakeAllThreads (Deoptimize)
Event: 167.489 Executing VM operation: HandshakeAllThreads (Deoptimize) done
Event: 167.504 Executing VM operation: ICBufferFull
Event: 167.504 Executing VM operation: ICBufferFull done

Events (20 events):
Event: 166.369 Thread 0x000000011c608ee0 flushing nmethod 0x00000001383dc910
Event: 166.369 Thread 0x000000011c608ee0 flushing nmethod 0x0000000138476d10
Event: 166.369 Thread 0x000000011c608ee0 flushing nmethod 0x000000013831c310
Event: 166.369 Thread 0x000000011c608ee0 flushing nmethod 0x00000001382c2910
Event: 166.369 Thread 0x000000011c608ee0 flushing nmethod 0x000000013804ee10
Event: 166.369 Thread 0x000000011c608ee0 flushing nmethod 0x0000000138188410
Event: 166.369 Thread 0x000000011c608ee0 flushing nmethod 0x00000001381bbf90
Event: 166.369 Thread 0x000000011c608ee0 flushing nmethod 0x00000001380b7190
Event: 166.369 Thread 0x000000011c608ee0 flushing nmethod 0x000000013813c710
Event: 166.369 Thread 0x000000011c608ee0 flushing nmethod 0x0000000138121810
Event: 166.369 Thread 0x000000011c608ee0 flushing nmethod 0x0000000137f47810
Event: 166.369 Thread 0x000000011c608ee0 flushing nmethod 0x0000000137f70a10
Event: 166.369 Thread 0x000000011c608ee0 flushing nmethod 0x0000000137e00310
Event: 166.369 Thread 0x000000011c608ee0 flushing nmethod 0x0000000137d38610
Event: 166.369 Thread 0x000000011c608ee0 flushing nmethod 0x0000000137d27310
Event: 166.369 Thread 0x000000011c608ee0 flushing nmethod 0x0000000137c8c090
Event: 166.369 Thread 0x000000011c608ee0 flushing nmethod 0x0000000137b31390
Event: 166.369 Thread 0x000000011c608ee0 flushing nmethod 0x0000000137b39e90
Event: 166.369 Thread 0x000000011c608ee0 flushing nmethod 0x0000000137b43b90
Event: 166.369 Thread 0x000000011c608ee0 flushing nmethod 0x0000000137b83510


Dynamic libraries:
0x0000000100780000 	/Users/j/Library/Java/JavaVirtualMachines/openjdk-21.0.2/Contents/Home/lib/libjli.dylib
0x00000001a2fc9000 	/System/Library/Frameworks/Cocoa.framework/Versions/A/Cocoa
0x0000000187caf000 	/System/Library/Frameworks/AppKit.framework/Versions/C/AppKit
0x000000018b2ee000 	/System/Library/Frameworks/CoreData.framework/Versions/A/CoreData
0x00000001850aa000 	/System/Library/Frameworks/Foundation.framework/Versions/C/Foundation
0x000000019364c000 	/usr/lib/libSystem.B.dylib
0x00000001893d2000 	/System/Library/PrivateFrameworks/UIFoundation.framework/Versions/A/UIFoundation
0x000000023c0e8000 	/System/Library/PrivateFrameworks/CollectionViewCore.framework/Versions/A/CollectionViewCore
0x00000001908f3000 	/System/Library/PrivateFrameworks/XCTTargetBootstrap.framework/Versions/A/XCTTargetBootstrap
0x000000024e940000 	/System/Library/PrivateFrameworks/GenerativeModels.framework/Versions/A/GenerativeModels
0x0000000195fe0000 	/System/Library/PrivateFrameworks/InternationalSupport.framework/Versions/A/InternationalSupport
0x000000019633c000 	/System/Library/PrivateFrameworks/UserActivity.framework/Versions/A/UserActivity
0x000000018b983000 	/System/Library/PrivateFrameworks/BaseBoard.framework/Versions/A/BaseBoard
0x0000000245b56000 	/System/Library/PrivateFrameworks/FrontBoard.framework/Versions/A/FrontBoard
0x000000019dd0c000 	/System/Library/PrivateFrameworks/FrontBoardServices.framework/Versions/A/FrontBoardServices
0x0000000286908000 	/usr/lib/libRosetta.dylib
0x0000000279c2c000 	/System/Library/PrivateFrameworks/UIIntelligenceSupport.framework/Versions/A/UIIntelligenceSupport
0x000000023047f000 	/System/Library/Frameworks/SwiftUICore.framework/Versions/A/SwiftUICore
0x00000002807c0000 	/System/Library/PrivateFrameworks/WritingTools.framework/Versions/A/WritingTools
0x000000027f5bb000 	/System/Library/PrivateFrameworks/WindowManagement.framework/Versions/A/WindowManagement
0x0000000184d19000 	/System/Library/Frameworks/SystemConfiguration.framework/Versions/A/SystemConfiguration
0x000000019524b000 	/usr/lib/libspindump.dylib
0x000000018958b000 	/System/Library/Frameworks/UniformTypeIdentifiers.framework/Versions/A/UniformTypeIdentifiers
0x00000001928a3000 	/usr/lib/libbsm.0.dylib
0x000000018e085000 	/usr/lib/libapp_launch_measurement.dylib
0x000000018d38e000 	/System/Library/PrivateFrameworks/CoreAnalytics.framework/Versions/A/CoreAnalytics
0x000000018e089000 	/System/Library/PrivateFrameworks/CoreAutoLayout.framework/Versions/A/CoreAutoLayout
0x000000018fe6c000 	/System/Library/Frameworks/Metal.framework/Versions/A/Metal
0x000000019122f000 	/usr/lib/liblangid.dylib
0x00000001908f9000 	/System/Library/PrivateFrameworks/CoreSVG.framework/Versions/A/CoreSVG
0x0000000189fe5000 	/System/Library/PrivateFrameworks/SkyLight.framework/Versions/A/SkyLight
0x000000024588b000 	/System/Library/PrivateFrameworks/FocusEngine.framework/Versions/A/FocusEngine
0x000000018a59c000 	/System/Library/Frameworks/CoreGraphics.framework/Versions/A/CoreGraphics
0x0000000243297000 	/System/Library/PrivateFrameworks/DesignLibrary.framework/Versions/A/DesignLibrary
0x000000019bf98000 	/System/Library/Frameworks/Accelerate.framework/Versions/A/Accelerate
0x0000000195041000 	/System/Library/PrivateFrameworks/IconServices.framework/Versions/A/IconServices
0x000000018fe44000 	/System/Library/Frameworks/IOSurface.framework/Versions/A/IOSurface
0x000000018d3be000 	/usr/lib/libDiagnosticMessagesClient.dylib
0x0000000193596000 	/usr/lib/libz.1.dylib
0x00000001a03e6000 	/System/Library/Frameworks/ApplicationServices.framework/Versions/A/ApplicationServices
0x00000001908de000 	/System/Library/PrivateFrameworks/DFRFoundation.framework/Versions/A/DFRFoundation
0x00000001874fe000 	/usr/lib/libicucore.A.dylib
0x0000000197567000 	/System/Library/Frameworks/AudioToolbox.framework/Versions/A/AudioToolbox
0x00000001962ea000 	/System/Library/PrivateFrameworks/DataDetectorsCore.framework/Versions/A/DataDetectorsCore
0x000000027ab75000 	/System/Library/PrivateFrameworks/UpdateCycle.framework/Versions/A/UpdateCycle
0x00000001b4929000 	/System/Library/PrivateFrameworks/TextInput.framework/Versions/A/TextInput
0x0000000189f29000 	/usr/lib/libMobileGestalt.dylib
0x00000001905e2000 	/System/Library/Frameworks/Carbon.framework/Versions/A/Frameworks/HIToolbox.framework/Versions/A/HIToolbox
0x000000018d8e8000 	/System/Library/Frameworks/QuartzCore.framework/Versions/A/QuartzCore
0x00000001870df000 	/System/Library/Frameworks/Security.framework/Versions/A/Security
0x000000019b907000 	/System/Library/Frameworks/Carbon.framework/Versions/A/Frameworks/SpeechRecognition.framework/Versions/A/SpeechRecognition
0x000000018dd50000 	/System/Library/PrivateFrameworks/CoreUI.framework/Versions/A/CoreUI
0x0000000186949000 	/System/Library/Frameworks/CoreAudio.framework/Versions/A/CoreAudio
0x000000018d4b9000 	/System/Library/Frameworks/DiskArbitration.framework/Versions/A/DiskArbitration
0x00000001957e9000 	/System/Library/PrivateFrameworks/MultitouchSupport.framework/Versions/A/MultitouchSupport
0x0000000189f27000 	/usr/lib/libenergytrace.dylib
0x00000001a7c70000 	/System/Library/PrivateFrameworks/RenderBox.framework/Versions/A/RenderBox
0x0000000187b56000 	/System/Library/Frameworks/IOKit.framework/Versions/A/IOKit
0x000000019bd19000 	/System/Library/Frameworks/CoreServices.framework/Versions/A/CoreServices
0x000000018e00c000 	/System/Library/PrivateFrameworks/PerformanceAnalysis.framework/Versions/A/PerformanceAnalysis
0x0000000228d6c000 	/System/Library/Frameworks/OpenGL.framework/Versions/A/OpenGL
0x000000018e0d2000 	/usr/lib/libxml2.2.dylib
0x0000000192784000 	/System/Library/PrivateFrameworks/MobileKeyBag.framework/Versions/A/MobileKeyBag
0x0000000183398000 	/usr/lib/libobjc.A.dylib
0x000000018370d000 	/usr/lib/libc++.1.dylib
0x000000019bc97000 	/System/Library/Frameworks/Accessibility.framework/Versions/A/Accessibility
0x000000018acf2000 	/System/Library/Frameworks/ColorSync.framework/Versions/A/ColorSync
0x000000018383d000 	/System/Library/Frameworks/CoreFoundation.framework/Versions/A/CoreFoundation
0x0000000190c77000 	/System/Library/Frameworks/CoreImage.framework/Versions/A/CoreImage
0x0000000186720000 	/System/Library/Frameworks/CoreText.framework/Versions/A/CoreText
0x000000022a76c000 	/System/Library/Frameworks/CoreTransferable.framework/Versions/A/CoreTransferable
0x000000022ac87000 	/System/Library/Frameworks/DataDetection.framework/Versions/A/DataDetection
0x000000022ac9e000 	/System/Library/Frameworks/DeveloperToolsSupport.framework/Versions/A/DeveloperToolsSupport
0x0000000190937000 	/System/Library/Frameworks/ImageIO.framework/Versions/A/ImageIO
0x00000002313dc000 	/System/Library/Frameworks/Symbols.framework/Versions/A/Symbols
0x00000001b9ca4000 	/System/Library/PrivateFrameworks/AttributeGraph.framework/Versions/A/AttributeGraph
0x000000019dde6000 	/System/Library/PrivateFrameworks/BoardServices.framework/Versions/A/BoardServices
0x00000001deee2000 	/System/Library/PrivateFrameworks/FeatureFlags.framework/Versions/A/FeatureFlags
0x000000024edeb000 	/System/Library/PrivateFrameworks/Gestures.framework/Versions/A/Gestures
0x0000000193650000 	/System/Library/PrivateFrameworks/SoftLinking.framework/Versions/A/SoftLinking
0x00000001c8985000 	/usr/lib/swift/libswiftAccelerate.dylib
0x00000001beafa000 	/usr/lib/swift/libswiftCompression.dylib
0x0000000196ebc000 	/usr/lib/swift/libswiftCore.dylib
0x00000001b0b47000 	/usr/lib/swift/libswiftCoreFoundation.dylib
0x00000001b0ba7000 	/usr/lib/swift/libswiftCoreImage.dylib
0x000000019da85000 	/usr/lib/swift/libswiftDispatch.dylib
0x00000001b0ba8000 	/usr/lib/swift/libswiftIOKit.dylib
0x00000001beaec000 	/usr/lib/swift/libswiftMetal.dylib
0x00000001ce2b3000 	/usr/lib/swift/libswiftOSLog.dylib
0x00000001a0a5d000 	/usr/lib/swift/libswiftObjectiveC.dylib
0x0000000288081000 	/usr/lib/swift/libswiftObservation.dylib
0x00000001c3ee1000 	/usr/lib/swift/libswiftQuartzCore.dylib
0x0000000288143000 	/usr/lib/swift/libswiftSpatial.dylib
0x00000002881bd000 	/usr/lib/swift/libswiftSynchronization.dylib
0x00000001c8975000 	/usr/lib/swift/libswiftUniformTypeIdentifiers.dylib
0x00000001b0b5a000 	/usr/lib/swift/libswiftXPC.dylib
0x0000000288203000 	/usr/lib/swift/libswift_Builtin_float.dylib
0x0000000288204000 	/usr/lib/swift/libswift_Concurrency.dylib
0x00000001a0a61000 	/usr/lib/swift/libswiftos.dylib
0x00000001b469b000 	/usr/lib/swift/libswiftsimd.dylib
0x0000000193874000 	/usr/lib/libcompression.dylib
0x0000000195f49000 	/System/Library/PrivateFrameworks/TextureIO.framework/Versions/A/TextureIO
0x000000018ae9a000 	/System/Library/Frameworks/ApplicationServices.framework/Versions/A/Frameworks/HIServices.framework/Versions/A/HIServices
0x0000000194ccb000 	/usr/lib/libate.dylib
0x0000000193646000 	/usr/lib/system/libcache.dylib
0x0000000193601000 	/usr/lib/system/libcommonCrypto.dylib
0x000000019362c000 	/usr/lib/system/libcompiler_rt.dylib
0x0000000193621000 	/usr/lib/system/libcopyfile.dylib
0x0000000183541000 	/usr/lib/system/libcorecrypto.dylib
0x0000000183641000 	/usr/lib/system/libdispatch.dylib
0x00000001833eb000 	/usr/lib/system/libdyld.dylib
0x000000019363c000 	/usr/lib/system/libkeymgr.dylib
0x00000001935e4000 	/usr/lib/system/libmacho.dylib
0x000000019287b000 	/usr/lib/system/libquarantine.dylib
0x0000000193639000 	/usr/lib/system/libremovefile.dylib
0x0000000189fa9000 	/usr/lib/system/libsystem_asl.dylib
0x00000001834c7000 	/usr/lib/system/libsystem_blocks.dylib
0x000000018368c000 	/usr/lib/system/libsystem_c.dylib
0x0000000193630000 	/usr/lib/system/libsystem_collections.dylib
0x000000019121c000 	/usr/lib/system/libsystem_configuration.dylib
0x000000018fe0b000 	/usr/lib/system/libsystem_containermanager.dylib
0x000000019301a000 	/usr/lib/system/libsystem_coreservices.dylib
0x00000001877d4000 	/usr/lib/system/libsystem_darwin.dylib
0x0000000288525000 	/usr/lib/system/libsystem_darwindirectory.dylib
0x000000019363d000 	/usr/lib/system/libsystem_dnssd.dylib
0x0000000288529000 	/usr/lib/system/libsystem_eligibility.dylib
0x0000000183689000 	/usr/lib/system/libsystem_featureflags.dylib
0x000000018380d000 	/usr/lib/system/libsystem_info.dylib
0x00000001935a5000 	/usr/lib/system/libsystem_m.dylib
0x00000001835f0000 	/usr/lib/system/libsystem_malloc.dylib
0x0000000189f0c000 	/usr/lib/system/libsystem_networkextension.dylib
0x0000000187c3f000 	/usr/lib/system/libsystem_notify.dylib
0x0000000191221000 	/usr/lib/system/libsystem_sandbox.dylib
0x0000000288533000 	/usr/lib/system/libsystem_sanitizers.dylib
0x0000000193635000 	/usr/lib/system/libsystem_secinit.dylib
0x00000001837b9000 	/usr/lib/system/libsystem_kernel.dylib
0x0000000183804000 	/usr/lib/system/libsystem_platform.dylib
0x00000001837f7000 	/usr/lib/system/libsystem_pthread.dylib
0x000000018bb67000 	/usr/lib/system/libsystem_symptoms.dylib
0x0000000183520000 	/usr/lib/system/libsystem_trace.dylib
0x000000028853b000 	/usr/lib/system/libsystem_trial.dylib
0x000000019360f000 	/usr/lib/system/libunwind.dylib
0x00000001834cb000 	/usr/lib/system/libxpc.dylib
0x000000018379e000 	/usr/lib/libc++abi.dylib
0x0000000287d8e000 	/usr/lib/libswiftPrespecialized.dylib
0x000000019364e000 	/usr/lib/libfakelink.dylib
0x0000000189b56000 	/System/Library/Frameworks/CFNetwork.framework/Versions/A/CFNetwork
0x00000001936a1000 	/usr/lib/libarchive.2.dylib
0x00000001999b3000 	/System/Library/Frameworks/Combine.framework/Versions/A/Combine
0x000000023c10d000 	/System/Library/PrivateFrameworks/CollectionsInternal.framework/Versions/A/CollectionsInternal
0x000000026800c000 	/System/Library/PrivateFrameworks/ReflectionInternal.framework/Versions/A/ReflectionInternal
0x0000000268f5f000 	/System/Library/PrivateFrameworks/RuntimeInternal.framework/Versions/A/RuntimeInternal
0x00000001ad9dd000 	/usr/lib/swift/libswiftDarwin.dylib
0x00000002881d1000 	/usr/lib/swift/libswiftSystem.dylib
0x0000000288290000 	/usr/lib/swift/libswift_DarwinFoundation1.dylib
0x0000000288334000 	/usr/lib/swift/libswift_StringProcessing.dylib
0x0000000187ad6000 	/System/Library/PrivateFrameworks/CoreServicesInternal.framework/Versions/A/CoreServicesInternal
0x0000000193619000 	/usr/lib/liboah.dylib
0x000000019fe91000 	/System/Library/PrivateFrameworks/DiskImages.framework/Versions/A/DiskImages
0x00000001ad482000 	/System/Library/Frameworks/NetFS.framework/Versions/A/NetFS
0x000000018e04e000 	/System/Library/Frameworks/CoreServices.framework/Versions/A/Frameworks/FSEvents.framework/Versions/A/FSEvents
0x00000001877de000 	/System/Library/Frameworks/CoreServices.framework/Versions/A/Frameworks/CarbonCore.framework/Versions/A/CarbonCore
0x000000018d42d000 	/System/Library/Frameworks/CoreServices.framework/Versions/A/Frameworks/Metadata.framework/Versions/A/Metadata
0x0000000193021000 	/System/Library/Frameworks/CoreServices.framework/Versions/A/Frameworks/OSServices.framework/Versions/A/OSServices
0x0000000193799000 	/System/Library/Frameworks/CoreServices.framework/Versions/A/Frameworks/SearchKit.framework/Versions/A/SearchKit
0x000000018bae1000 	/System/Library/Frameworks/CoreServices.framework/Versions/A/Frameworks/AE.framework/Versions/A/AE
0x0000000183d9c000 	/System/Library/Frameworks/CoreServices.framework/Versions/A/Frameworks/LaunchServices.framework/Versions/A/LaunchServices
0x0000000194b1f000 	/System/Library/Frameworks/CoreServices.framework/Versions/A/Frameworks/DictionaryServices.framework/Versions/A/DictionaryServices
0x000000018e05b000 	/System/Library/Frameworks/CoreServices.framework/Versions/A/Frameworks/SharedFileList.framework/Versions/A/SharedFileList
0x000000019382c000 	/usr/lib/libapple_nghttp2.dylib
0x000000018b6f8000 	/usr/lib/libsqlite3.dylib
0x000000018b8e1000 	/System/Library/Frameworks/Accounts.framework/Versions/A/Accounts
0x00000001a00d3000 	/System/Library/PrivateFrameworks/AppSupport.framework/Versions/A/AppSupport
0x00000001af90b000 	/System/Library/Frameworks/AVFoundation.framework/Versions/A/AVFoundation
0x0000000197bee000 	/System/Library/Frameworks/GSS.framework/Versions/A/GSS
0x000000018ba75000 	/System/Library/PrivateFrameworks/RunningBoardServices.framework/Versions/A/RunningBoardServices
0x00000001a09e5000 	/System/Library/PrivateFrameworks/StreamingZip.framework/Versions/A/StreamingZip
0x000000018bb70000 	/System/Library/Frameworks/Network.framework/Versions/A/Network
0x00000001935e8000 	/usr/lib/system/libkxld.dylib
0x00000002376ed000 	/System/Library/PrivateFrameworks/AppleKeyStore.framework/Versions/A/AppleKeyStore
0x000000028660a000 	/usr/lib/libCoreEntitlements.dylib
0x000000025c6ef000 	/System/Library/PrivateFrameworks/MessageSecurity.framework/Versions/A/MessageSecurity
0x000000018b6dc000 	/System/Library/PrivateFrameworks/ProtocolBuffer.framework/Versions/A/ProtocolBuffer
0x000000019ce94000 	/System/Library/PrivateFrameworks/SymptomDiagnosticReporter.framework/Versions/A/SymptomDiagnosticReporter
0x0000000194d64000 	/System/Library/PrivateFrameworks/CrashReporterSupport.framework/Versions/A/CrashReporterSupport
0x0000000193001000 	/System/Library/PrivateFrameworks/AppleFSCompression.framework/Versions/A/AppleFSCompression
0x000000019288b000 	/usr/lib/libcoretls.dylib
0x0000000194b95000 	/usr/lib/libcoretls_cfhelpers.dylib
0x000000019386e000 	/usr/lib/libpam.2.dylib
0x0000000194c0b000 	/usr/lib/libxar.1.dylib
0x0000000194b97000 	/System/Library/PrivateFrameworks/APFS.framework/Versions/A/APFS
0x000000027468c000 	/System/Library/PrivateFrameworks/SwiftASN1Internal.framework/Versions/A/SwiftASN1Internal
0x0000000194c1a000 	/usr/lib/libutil.dylib
0x000000019122a000 	/System/Library/PrivateFrameworks/AppleSystemInfo.framework/Versions/A/AppleSystemInfo
0x0000000192552000 	/System/Library/PrivateFrameworks/IOMobileFramebuffer.framework/Versions/A/IOMobileFramebuffer
0x000000019f7f1000 	/System/Library/PrivateFrameworks/CoreWiFi.framework/Versions/A/CoreWiFi
0x00000001b0a09000 	/System/Library/PrivateFrameworks/LoggingSupport.framework/Versions/A/LoggingSupport
0x0000000197c51000 	/System/Library/PrivateFrameworks/MobileAsset.framework/Versions/A/MobileAsset
0x000000019cea4000 	/System/Library/PrivateFrameworks/PowerLog.framework/Versions/A/PowerLog
0x000000019e366000 	/System/Library/PrivateFrameworks/Rapport.framework/Versions/A/Rapport
0x0000000230312000 	/System/Library/Frameworks/SwiftData.framework/Versions/A/SwiftData
0x000000018e27b000 	/System/Library/PrivateFrameworks/UserManagement.framework/Versions/A/UserManagement
0x0000000189a7d000 	/usr/lib/libboringssl.dylib
0x000000018bb55000 	/usr/lib/libdns_services.dylib
0x00000001afa3f000 	/usr/lib/libquic.dylib
0x0000000196e4d000 	/usr/lib/libusrtcp.dylib
0x00000002385a6000 	/System/Library/PrivateFrameworks/AtomicsInternal.framework/Versions/A/AtomicsInternal
0x00000001d6d18000 	/System/Library/PrivateFrameworks/InternalSwiftProtobuf.framework/Versions/A/InternalSwiftProtobuf
0x0000000288058000 	/usr/lib/swift/libswiftDistributed.dylib
0x0000000191228000 	/System/Library/PrivateFrameworks/AggregateDictionary.framework/Versions/A/AggregateDictionary
0x0000000238dd4000 	/System/Library/PrivateFrameworks/BiomeLibrary.framework/Versions/A/BiomeLibrary
0x00000001bfb57000 	/System/Library/PrivateFrameworks/BiomeStreams.framework/Versions/A/BiomeStreams
0x00000001bbbbc000 	/System/Library/PrivateFrameworks/BiomeFoundation.framework/Versions/A/BiomeFoundation
0x00000001c5ddb000 	/System/Library/PrivateFrameworks/BiomePubSub.framework/Versions/A/BiomePubSub
0x00000001a19c8000 	/System/Library/PrivateFrameworks/ProactiveSupport.framework/Versions/A/ProactiveSupport
0x000000023236b000 	/System/Library/Frameworks/_LocationEssentials.framework/Versions/A/_LocationEssentials
0x0000000194b76000 	/usr/lib/liblzma.5.dylib
0x00000001a03e7000 	/System/Library/PrivateFrameworks/InternationalTextSearch.framework/Versions/A/InternationalTextSearch
0x00000001b8097000 	/System/Library/PrivateFrameworks/SoftwareUpdateCoreSupport.framework/Versions/A/SoftwareUpdateCoreSupport
0x00000001c05f5000 	/System/Library/PrivateFrameworks/SoftwareUpdateCoreConnect.framework/Versions/A/SoftwareUpdateCoreConnect
0x000000019ff8b000 	/System/Library/PrivateFrameworks/RemoteServiceDiscovery.framework/Versions/A/RemoteServiceDiscovery
0x00000001b7c6f000 	/System/Library/PrivateFrameworks/MSUDataAccessor.framework/Versions/A/MSUDataAccessor
0x00000001b2bd7000 	/usr/lib/libbootpolicy.dylib
0x000000019ffa2000 	/System/Library/PrivateFrameworks/RemoteXPC.framework/Versions/A/RemoteXPC
0x00000001bfa2b000 	/usr/lib/libFDR.dylib
0x00000001c59dd000 	/usr/lib/libamsupport.dylib
0x0000000286900000 	/usr/lib/libReverseProxyDevice.dylib
0x0000000236f5d000 	/System/Library/PrivateFrameworks/AppleDeviceQuerySupport.framework/Versions/A/AppleDeviceQuerySupport
0x00000001c8b9f000 	/usr/lib/libpartition2_dynamic.dylib
0x0000000193808000 	/System/Library/PrivateFrameworks/AppleSauce.framework/Versions/A/AppleSauce
0x00000002864b5000 	/usr/lib/libAppleArchive.dylib
0x000000019300d000 	/usr/lib/libbz2.1.0.dylib
0x000000018d4c3000 	/System/Library/Frameworks/Accelerate.framework/Versions/A/Frameworks/vImage.framework/Versions/A/vImage
0x000000019bcf4000 	/System/Library/Frameworks/Accelerate.framework/Versions/A/Frameworks/vecLib.framework/Versions/A/vecLib
0x0000000194c51000 	/System/Library/Frameworks/Accelerate.framework/Versions/A/Frameworks/vecLib.framework/Versions/A/libvMisc.dylib
0x00000001842a0000 	/System/Library/Frameworks/Accelerate.framework/Versions/A/Frameworks/vecLib.framework/Versions/A/libBLAS.dylib
0x000000018e1b9000 	/System/Library/Frameworks/CoreVideo.framework/Versions/A/CoreVideo
0x0000000197805000 	/System/Library/Frameworks/ApplicationServices.framework/Versions/A/Frameworks/ATS.framework/Versions/A/ATS
0x0000000195ed6000 	/System/Library/Frameworks/ApplicationServices.framework/Versions/A/Frameworks/PrintCore.framework/Versions/A/PrintCore
0x0000000197bb7000 	/System/Library/Frameworks/ApplicationServices.framework/Versions/A/Frameworks/QD.framework/Versions/A/QD
0x0000000197bb2000 	/System/Library/Frameworks/ApplicationServices.framework/Versions/A/Frameworks/ColorSyncLegacy.framework/Versions/A/ColorSyncLegacy
0x00000001977d7000 	/System/Library/Frameworks/ApplicationServices.framework/Versions/A/Frameworks/SpeechSynthesis.framework/Versions/A/SpeechSynthesis
0x0000000190312000 	/System/Library/PrivateFrameworks/FontServices.framework/libFontParser.dylib
0x000000019fcb3000 	/System/Library/PrivateFrameworks/BackBoardServices.framework/Versions/A/BackBoardServices
0x0000000238cd9000 	/System/Library/PrivateFrameworks/BackBoardHIDEventFoundation.framework/Versions/A/BackBoardHIDEventFoundation
0x000000018623c000 	/System/Library/Frameworks/CoreDisplay.framework/Versions/A/CoreDisplay
0x000000019582f000 	/System/Library/Frameworks/VideoToolbox.framework/Versions/A/VideoToolbox
0x000000019386c000 	/System/Library/Frameworks/MetalPerformanceShaders.framework/Versions/A/MetalPerformanceShaders
0x0000000266f16000 	/System/Library/PrivateFrameworks/ProDisplayLibrary.framework/Versions/A/ProDisplayLibrary
0x00000001a3ae4000 	/System/Library/PrivateFrameworks/IOSurfaceAccelerator.framework/Versions/A/IOSurfaceAccelerator
0x000000018fe61000 	/System/Library/PrivateFrameworks/IOAccelerator.framework/Versions/A/IOAccelerator
0x0000000190170000 	/System/Library/Frameworks/CoreMedia.framework/Versions/A/CoreMedia
0x0000000189fc1000 	/System/Library/PrivateFrameworks/TCC.framework/Versions/A/TCC
0x00000001957e7000 	/System/Library/PrivateFrameworks/WatchdogClient.framework/Versions/A/WatchdogClient
0x00000001b0b27000 	/usr/lib/swift/libswiftCoreAudio.dylib
0x00000001ccb00000 	/usr/lib/swift/libswiftCoreMedia.dylib
0x00000002881eb000 	/usr/lib/swift/libswiftVideoToolbox.dylib
0x00000001c5e3c000 	/System/Library/PrivateFrameworks/BiomeStorage.framework/Versions/A/BiomeStorage
0x0000000255433000 	/System/Library/PrivateFrameworks/IntelligencePlatformLibrary.framework/Versions/A/IntelligencePlatformLibrary
0x0000000265cda000 	/System/Library/PrivateFrameworks/PoirotSchematizer.framework/Versions/A/PoirotSchematizer
0x0000000239687000 	/System/Library/PrivateFrameworks/BiomeSync.framework/Versions/A/BiomeSync
0x0000000238dba000 	/System/Library/PrivateFrameworks/BiomeDSL.framework/Versions/A/BiomeDSL
0x0000000265d48000 	/System/Library/PrivateFrameworks/PoirotUDFs.framework/Versions/A/PoirotUDFs
0x0000000288293000 	/usr/lib/swift/libswift_DarwinFoundation2.dylib
0x0000000288294000 	/usr/lib/swift/libswift_DarwinFoundation3.dylib
0x000000019e35b000 	/System/Library/PrivateFrameworks/CoreTime.framework/Versions/A/CoreTime
0x0000000193686000 	/usr/lib/libiconv.2.dylib
0x00000001935e3000 	/usr/lib/libcharset.1.dylib
0x0000000265c9d000 	/System/Library/PrivateFrameworks/PoirotSQLite.framework/Versions/A/PoirotSQLite
0x0000000288295000 	/usr/lib/swift/libswift_RegexParser.dylib
0x000000023acbd000 	/System/Library/PrivateFrameworks/CascadeSets.framework/Versions/A/CascadeSets
0x0000000197dc8000 	/System/Library/PrivateFrameworks/CorePhoneNumbers.framework/Versions/A/CorePhoneNumbers
0x00000001955e1000 	/System/Library/PrivateFrameworks/AppleJPEG.framework/Versions/A/AppleJPEG
0x0000000194fbb000 	/usr/lib/libexpat.1.dylib
0x0000000195dac000 	/System/Library/Frameworks/ImageIO.framework/Versions/A/Resources/libPng.dylib
0x0000000195dd7000 	/System/Library/Frameworks/ImageIO.framework/Versions/A/Resources/libTIFF.dylib
0x0000000195ebf000 	/System/Library/Frameworks/ImageIO.framework/Versions/A/Resources/libGIF.dylib
0x0000000195626000 	/System/Library/Frameworks/ImageIO.framework/Versions/A/Resources/libJP2.dylib
0x0000000195e66000 	/System/Library/Frameworks/ImageIO.framework/Versions/A/Resources/libJPEG.dylib
0x0000000195e5d000 	/System/Library/Frameworks/ImageIO.framework/Versions/A/Resources/libRadiance.dylib
0x000000024b0ea000 	/System/Library/PrivateFrameworks/GPUCompiler.framework/Versions/32023/Libraries/libllvm-flatbuffers.dylib
0x0000000245b49000 	/System/Library/PrivateFrameworks/FramePacing.framework/Versions/A/FramePacing
0x0000000228d5e000 	/System/Library/Frameworks/OpenGL.framework/Versions/A/Libraries/libCoreFSCache.dylib
0x0000000246c77000 	/System/Library/PrivateFrameworks/GPUCompiler.framework/Versions/32023/Libraries/libGPUCompilerUtils.dylib
0x000000019deb3000 	/System/Library/PrivateFrameworks/GraphicsServices.framework/Versions/A/GraphicsServices
0x0000000228dbd000 	/System/Library/Frameworks/OpenGL.framework/Versions/A/Libraries/libGLU.dylib
0x0000000228d80000 	/System/Library/Frameworks/OpenGL.framework/Versions/A/Libraries/libGFXShared.dylib
0x0000000228f4d000 	/System/Library/Frameworks/OpenGL.framework/Versions/A/Libraries/libGL.dylib
0x0000000228d89000 	/System/Library/Frameworks/OpenGL.framework/Versions/A/Libraries/libGLImage.dylib
0x0000000228d7d000 	/System/Library/Frameworks/OpenGL.framework/Versions/A/Libraries/libCVMSPluginSupport.dylib
0x0000000228d66000 	/System/Library/Frameworks/OpenGL.framework/Versions/A/Libraries/libCoreVMClient.dylib
0x0000000195e58000 	/System/Library/PrivateFrameworks/GPUWrangler.framework/Versions/A/GPUWrangler
0x0000000195e38000 	/System/Library/PrivateFrameworks/IOPresentment.framework/Versions/A/IOPresentment
0x0000000195e60000 	/System/Library/PrivateFrameworks/DSExternalDisplay.framework/Versions/A/DSExternalDisplay
0x000000027c24f000 	/System/Library/PrivateFrameworks/VideoToolboxParavirtualizationSupport.framework/Versions/A/VideoToolboxParavirtualizationSupport
0x0000000194f72000 	/System/Library/PrivateFrameworks/AppleVA.framework/Versions/A/AppleVA
0x000000022ade8000 	/System/Library/Frameworks/ExtensionFoundation.framework/Versions/A/ExtensionFoundation
0x0000000195ec5000 	/System/Library/PrivateFrameworks/CMCaptureCore.framework/Versions/A/CMCaptureCore
0x000000019523e000 	/System/Library/PrivateFrameworks/AppServerSupport.framework/Versions/A/AppServerSupport
0x0000000197bc0000 	/System/Library/PrivateFrameworks/perfdata.framework/Versions/A/perfdata
0x000000018635d000 	/System/Library/PrivateFrameworks/AudioToolboxCore.framework/Versions/A/AudioToolboxCore
0x0000000190146000 	/System/Library/PrivateFrameworks/caulk.framework/Versions/A/caulk
0x00000001977bd000 	/usr/lib/libAudioStatistics.dylib
0x00000001afb34000 	/System/Library/PrivateFrameworks/SystemPolicy.framework/Versions/A/SystemPolicy
0x0000000197a65000 	/usr/lib/libSMC.dylib
0x00000001b7483000 	/usr/lib/swift/libswiftCoreMIDI.dylib
0x00000001a2dd6000 	/System/Library/Frameworks/CoreMIDI.framework/Versions/A/CoreMIDI
0x0000000195d86000 	/usr/lib/libAudioToolboxUtility.dylib
0x0000000197bce000 	/usr/lib/libperfcheck.dylib
0x0000000238675000 	/System/Library/PrivateFrameworks/AudioAnalytics.framework/Versions/A/AudioAnalytics
0x00000001d6a06000 	/System/Library/Frameworks/OSLog.framework/Versions/A/OSLog
0x0000000261750000 	/System/Library/PrivateFrameworks/OSEligibility.framework/Versions/A/OSEligibility
0x000000022c1cc000 	/System/Library/Frameworks/LightweightCodeRequirements.framework/Versions/A/LightweightCodeRequirements
0x0000000194ebb000 	/System/Library/PrivateFrameworks/PlugInKit.framework/Versions/A/PlugInKit
0x000000019279c000 	/System/Library/PrivateFrameworks/AssertionServices.framework/Versions/A/AssertionServices
0x0000000194fe0000 	/System/Library/PrivateFrameworks/IconFoundation.framework/Versions/A/IconFoundation
0x0000000251fc1000 	/System/Library/PrivateFrameworks/IconRendering.framework/Versions/A/IconRendering
0x000000026912b000 	/System/Library/PrivateFrameworks/SFSymbols.framework/Versions/A/SFSymbols
0x00000001951ee000 	/System/Library/PrivateFrameworks/GraphVisualizer.framework/Versions/A/GraphVisualizer
0x0000000245a54000 	/System/Library/PrivateFrameworks/FontServices.framework/Versions/A/FontServices
0x00000001951fe000 	/System/Library/PrivateFrameworks/OTSVG.framework/Versions/A/OTSVG
0x000000018dcfe000 	/System/Library/Frameworks/ApplicationServices.framework/Versions/A/Frameworks/ATS.framework/Versions/A/Resources/libFontRegistry.dylib
0x00000002873c8000 	/usr/lib/libhvf.dylib
0x00000002623dc000 	/System/Library/PrivateFrameworks/ParsingInternal.framework/Versions/A/ParsingInternal
0x0000000245a58000 	/System/Library/PrivateFrameworks/FontServices.framework/libXTFontStaticRegistryData.dylib
0x0000000191162000 	/System/Library/Frameworks/MetalPerformanceShaders.framework/Versions/A/Frameworks/MPSCore.framework/Versions/A/MPSCore
0x0000000192f6c000 	/System/Library/Frameworks/MetalPerformanceShaders.framework/Versions/A/Frameworks/MPSImage.framework/Versions/A/MPSImage
0x000000019292b000 	/System/Library/Frameworks/MetalPerformanceShaders.framework/Versions/A/Frameworks/MPSNeuralNetwork.framework/Versions/A/MPSNeuralNetwork
0x0000000192d6a000 	/System/Library/Frameworks/MetalPerformanceShaders.framework/Versions/A/Frameworks/MPSMatrix.framework/Versions/A/MPSMatrix
0x0000000192b82000 	/System/Library/Frameworks/MetalPerformanceShaders.framework/Versions/A/Frameworks/MPSRayIntersector.framework/Versions/A/MPSRayIntersector
0x0000000192d9c000 	/System/Library/Frameworks/MetalPerformanceShaders.framework/Versions/A/Frameworks/MPSNDArray.framework/Versions/A/MPSNDArray
0x000000022d051000 	/System/Library/Frameworks/MetalPerformanceShaders.framework/Versions/A/Frameworks/MPSFunctions.framework/Versions/A/MPSFunctions
0x000000022d032000 	/System/Library/Frameworks/MetalPerformanceShaders.framework/Versions/A/Frameworks/MPSBenchmarkLoop.framework/Versions/A/MPSBenchmarkLoop
0x000000022d065000 	/System/Library/Frameworks/MetalPerformanceShaders.framework/Versions/A/Frameworks/MPSHost.framework/Versions/A/MPSHost
0x00000001840b7000 	/System/Library/PrivateFrameworks/MetalTools.framework/Versions/A/MetalTools
0x00000001b5dc0000 	/System/Library/PrivateFrameworks/IOAccelMemoryInfo.framework/Versions/A/IOAccelMemoryInfo
0x00000001c42d4000 	/System/Library/PrivateFrameworks/kperf.framework/Versions/A/kperf
0x00000001b0b23000 	/System/Library/PrivateFrameworks/GPURawCounter.framework/Versions/A/GPURawCounter
0x00000001a1b53000 	/System/Library/PrivateFrameworks/ASEProcessing.framework/Versions/A/ASEProcessing
0x00000001d23b9000 	/System/Library/PrivateFrameworks/Symbolication.framework/Versions/A/Symbolication
0x0000000265889000 	/System/Library/PrivateFrameworks/PhotosensitivityProcessing.framework/Versions/A/PhotosensitivityProcessing
0x00000002691b1000 	/System/Library/PrivateFrameworks/SILManager.framework/Versions/A/SILManager
0x000000019e1fe000 	/System/Library/PrivateFrameworks/CoreSymbolication.framework/Versions/A/CoreSymbolication
0x00000001b0a98000 	/System/Library/PrivateFrameworks/MallocStackLogging.framework/Versions/A/MallocStackLogging
0x000000019e1dc000 	/System/Library/PrivateFrameworks/DebugSymbols.framework/Versions/A/DebugSymbols
0x00000001c2a47000 	/System/Library/PrivateFrameworks/OSAnalytics.framework/Versions/A/OSAnalytics
0x00000002437b6000 	/System/Library/PrivateFrameworks/DeviceRecovery.framework/Versions/A/DeviceRecovery
0x0000000277adf000 	/System/Library/PrivateFrameworks/Tightbeam.framework/Versions/A/Tightbeam
0x00000001c910c000 	/System/Library/PrivateFrameworks/AFKUser.framework/Versions/A/AFKUser
0x00000001933da000 	/System/Library/Frameworks/UserNotifications.framework/Versions/A/UserNotifications
0x00000001b6555000 	/System/Library/PrivateFrameworks/SiriInstrumentation.framework/Versions/A/SiriInstrumentation
0x000000026b60c000 	/System/Library/PrivateFrameworks/SiriAnalytics.framework/Versions/A/SiriAnalytics
0x00000001b3cbd000 	/System/Library/PrivateFrameworks/FeedbackLogger.framework/Versions/A/FeedbackLogger
0x00000001ce54c000 	/usr/lib/swift/libswiftAVFoundation.dylib
0x000000027a307000 	/System/Library/PrivateFrameworks/UnifiedAssetFramework.framework/Versions/A/UnifiedAssetFramework
0x000000019773c000 	/System/Library/PrivateFrameworks/AudioSession.framework/Versions/A/AudioSession
0x00000001950ff000 	/System/Library/PrivateFrameworks/MediaExperience.framework/Versions/A/MediaExperience
0x0000000197511000 	/System/Library/PrivateFrameworks/AudioSession.framework/libSessionUtility.dylib
0x000000019cd89000 	/System/Library/Frameworks/CoreBluetooth.framework/Versions/A/CoreBluetooth
0x000000019260f000 	/System/Library/PrivateFrameworks/CoreUtils.framework/Versions/A/CoreUtils
0x00000001a89a3000 	/System/Library/PrivateFrameworks/HID.framework/Versions/A/HID
0x00000002426cf000 	/System/Library/PrivateFrameworks/CoreUtilsExtras.framework/Versions/A/CoreUtilsExtras
0x0000000251f16000 	/System/Library/PrivateFrameworks/IO80211.framework/Versions/A/IO80211
0x00000001996ff000 	/System/Library/Frameworks/IOBluetooth.framework/Versions/A/IOBluetooth
0x00000002880a0000 	/usr/lib/swift/libswiftRegexBuilder.dylib
0x0000000194d5b000 	/usr/lib/libIOReport.dylib
0x00000001def66000 	/System/Library/PrivateFrameworks/WiFiPeerToPeer.framework/Versions/A/WiFiPeerToPeer
0x00000001927ab000 	/System/Library/Frameworks/SecurityFoundation.framework/Versions/A/SecurityFoundation
0x000000023ad71000 	/System/Library/PrivateFrameworks/Centauri.framework/Versions/A/Centauri
0x0000000184a9b000 	/System/Library/PrivateFrameworks/Lexicon.framework/Versions/A/Lexicon
0x0000000287818000 	/usr/lib/libmrc.dylib
0x0000000251f81000 	/System/Library/PrivateFrameworks/IPConfiguration.framework/Versions/A/IPConfiguration
0x00000001d2b90000 	/System/Library/PrivateFrameworks/Netrb.framework/Versions/A/Netrb
0x0000000192914000 	/usr/lib/libgermantok.dylib
0x0000000191351000 	/System/Library/PrivateFrameworks/LinguisticData.framework/Versions/A/LinguisticData
0x000000019cf92000 	/System/Library/PrivateFrameworks/MediaKit.framework/Versions/A/MediaKit
0x000000019cee0000 	/System/Library/Frameworks/DiscRecording.framework/Versions/A/DiscRecording
0x0000000194fd6000 	/usr/lib/libheimdal-asn1.dylib
0x00000001a09bb000 	/System/Library/Frameworks/AudioUnit.framework/Versions/A/AudioUnit
0x000000018e016000 	/System/Library/Frameworks/OpenDirectory.framework/Versions/A/OpenDirectory
0x000000018e024000 	/System/Library/Frameworks/OpenDirectory.framework/Versions/A/Frameworks/CFOpenDirectory.framework/Versions/A/CFOpenDirectory
0x0000000199aa7000 	/System/Library/PrivateFrameworks/GeoServices.framework/Versions/A/GeoServices
0x00000001974d7000 	/System/Library/PrivateFrameworks/LocationSupport.framework/Versions/A/LocationSupport
0x000000024ec3d000 	/System/Library/PrivateFrameworks/GeoServicesCore.framework/Versions/A/GeoServicesCore
0x00000001a98a7000 	/System/Library/PrivateFrameworks/PhoneNumbers.framework/Versions/A/PhoneNumbers
0x00000002573c5000 	/System/Library/PrivateFrameworks/LocationLogEncryption.framework/Versions/A/LocationLogEncryption
0x00000002292d9000 	/System/Library/Frameworks/AVFAudio.framework/Versions/A/AVFAudio
0x000000022941d000 	/System/Library/Frameworks/AVRouting.framework/Versions/A/AVRouting
0x00000001a99bf000 	/usr/lib/libAccessibility.dylib
0x0000000255daf000 	/System/Library/PrivateFrameworks/IsolatedCoreAudioClient.framework/Versions/A/IsolatedCoreAudioClient
0x000000023e507000 	/System/Library/PrivateFrameworks/CoreAudioOrchestration.framework/Versions/A/CoreAudioOrchestration
0x00000001963ad000 	/System/Library/Frameworks/MediaToolbox.framework/Versions/A/MediaToolbox
0x000000019d0b8000 	/System/Library/PrivateFrameworks/CoreAVCHD.framework/Versions/A/CoreAVCHD
0x000000019bfe7000 	/System/Library/Frameworks/MediaAccessibility.framework/Versions/A/MediaAccessibility
0x000000019d0b4000 	/System/Library/PrivateFrameworks/Mangrove.framework/Versions/A/Mangrove
0x000000023a3ad000 	/System/Library/PrivateFrameworks/CMPhoto.framework/Versions/A/CMPhoto
0x000000019d881000 	/System/Library/Frameworks/CoreTelephony.framework/Versions/A/CoreTelephony
0x000000019d0a7000 	/System/Library/PrivateFrameworks/CoreAUC.framework/Versions/A/CoreAUC
0x000000023751e000 	/System/Library/PrivateFrameworks/AppleJPEGXL.framework/Versions/A/AppleJPEGXL
0x0000000197dd8000 	/usr/lib/libTelephonyUtilDynamic.dylib
0x00000001d9af8000 	/System/Library/Frameworks/CryptoKit.framework/Versions/A/CryptoKit
0x00000001a09b6000 	/System/Library/PrivateFrameworks/CryptoKitCBridging.framework/Versions/A/CryptoKitCBridging
0x000000019dec5000 	/System/Library/Frameworks/CryptoTokenKit.framework/Versions/A/CryptoTokenKit
0x0000000243227000 	/System/Library/PrivateFrameworks/Dendrite.framework/Versions/A/Dendrite
0x00000001b06cb000 	/System/Library/Frameworks/NaturalLanguage.framework/Versions/A/NaturalLanguage
0x00000001deeee000 	/usr/lib/swift/libswiftNaturalLanguage.dylib
0x0000000238094000 	/System/Library/PrivateFrameworks/AppleMobileFileIntegrity.framework/Versions/A/AppleMobileFileIntegrity
0x0000000286977000 	/usr/lib/libTLE.dylib
0x00000001b0aca000 	/usr/lib/libmis.dylib
0x00000001e85f5000 	/System/Library/PrivateFrameworks/ConfigProfileHelper.framework/Versions/A/ConfigProfileHelper
0x00000001a0b45000 	/System/Library/PrivateFrameworks/Espresso.framework/Versions/A/Espresso
0x000000018e7a5000 	/System/Library/Frameworks/CoreML.framework/Versions/A/CoreML
0x00000001dcdab000 	/usr/lib/libedit.3.dylib
0x00000002260e8000 	/System/Library/PrivateFrameworks/ANECompiler.framework/Versions/A/ANECompiler
0x00000001a2c1a000 	/System/Library/PrivateFrameworks/AppleNeuralEngine.framework/Versions/A/AppleNeuralEngine
0x00000002574e3000 	/System/Library/PrivateFrameworks/MIL.framework/Versions/A/MIL
0x000000022d06b000 	/System/Library/Frameworks/MetalPerformanceShadersGraph.framework/Versions/A/MetalPerformanceShadersGraph
0x0000000257c52000 	/System/Library/PrivateFrameworks/MLCompilerServices.framework/Versions/A/MLCompilerServices
0x00000001a1997000 	/System/Library/PrivateFrameworks/ANEServices.framework/Versions/A/ANEServices
0x00000001b5d83000 	/usr/lib/libncurses.5.4.dylib
0x0000000187c52000 	/usr/lib/libsandbox.1.dylib
0x0000000194efc000 	/usr/lib/libMatch.1.dylib
0x00000002614d2000 	/System/Library/PrivateFrameworks/ODIE.framework/Versions/A/ODIE
0x000000025a8df000 	/System/Library/PrivateFrameworks/MLModelAsset.framework/Versions/A/MLModelAsset
0x0000000257bf8000 	/System/Library/PrivateFrameworks/MLCompilerRuntime.framework/Versions/A/MLCompilerRuntime
0x0000000192bd7000 	/System/Library/Frameworks/MLCompute.framework/Versions/A/MLCompute
0x0000000257b7a000 	/System/Library/PrivateFrameworks/MLAssetIO.framework/Versions/A/MLAssetIO
0x0000000288072000 	/usr/lib/swift/libswiftMLCompute.dylib
0x000000019da9c000 	/System/Library/PrivateFrameworks/AVFCore.framework/Versions/A/AVFCore
0x00000001a72c1000 	/System/Library/PrivateFrameworks/AVFCapture.framework/Versions/A/AVFCapture
0x000000023a1a4000 	/System/Library/PrivateFrameworks/CMImaging.framework/Versions/A/CMImaging
0x00000001a7503000 	/System/Library/PrivateFrameworks/Quagga.framework/Versions/A/Quagga
0x00000001a7634000 	/System/Library/PrivateFrameworks/CMCapture.framework/Versions/A/CMCapture
0x0000000197962000 	/System/Library/Frameworks/CoreMediaIO.framework/Versions/A/CoreMediaIO
0x000000023a0df000 	/System/Library/PrivateFrameworks/CMCaptureDevice.framework/Versions/A/CMCaptureDevice
0x0000000195337000 	/System/Library/PrivateFrameworks/CoreBrightness.framework/Versions/A/CoreBrightness
0x000000023b268000 	/System/Library/PrivateFrameworks/CinematicFraming.framework/Versions/A/CinematicFraming
0x000000025d9ba000 	/System/Library/PrivateFrameworks/ModelManagerServices.framework/Versions/A/ModelManagerServices
0x00000001cb5b6000 	/System/Library/PrivateFrameworks/CPMS.framework/Versions/A/CPMS
0x0000000275207000 	/System/Library/PrivateFrameworks/SystemStatus.framework/Versions/A/SystemStatus
0x00000001af509000 	/System/Library/Frameworks/CoreMotion.framework/Versions/A/CoreMotion
0x00000001bfad6000 	/System/Library/PrivateFrameworks/TimeSync.framework/Versions/A/TimeSync
0x0000000243bed000 	/System/Library/PrivateFrameworks/DistributedSensing.framework/Versions/A/DistributedSensing
0x00000001baecb000 	/System/Library/PrivateFrameworks/MobileBluetooth.framework/Versions/A/MobileBluetooth
0x00000001c1794000 	/System/Library/PrivateFrameworks/IOKitten.framework/Versions/A/IOKitten
0x0000000237398000 	/System/Library/PrivateFrameworks/AppleIntelligenceReporting.framework/Versions/A/AppleIntelligenceReporting
0x000000019251e000 	/System/Library/PrivateFrameworks/CoreEmoji.framework/Versions/A/CoreEmoji
0x0000000184dad000 	/usr/lib/libCRFSuite.dylib
0x000000018608d000 	/System/Library/PrivateFrameworks/LanguageModeling.framework/Versions/A/LanguageModeling
0x0000000191231000 	/System/Library/PrivateFrameworks/CoreNLP.framework/Versions/A/CoreNLP
0x000000018b003000 	/System/Library/PrivateFrameworks/Montreal.framework/Versions/A/Montreal
0x000000019368e000 	/usr/lib/libcmph.dylib
0x00000001928b5000 	/usr/lib/libmecab.dylib
0x00000001937ff000 	/usr/lib/libThaiTokenizer.dylib
0x000000024ea22000 	/System/Library/PrivateFrameworks/GenerativeModelsFoundation.framework/Versions/A/GenerativeModelsFoundation
0x0000000277fe4000 	/System/Library/PrivateFrameworks/TokenGeneration.framework/Versions/A/TokenGeneration
0x000000024e7f6000 	/System/Library/PrivateFrameworks/GenerativeFunctions.framework/Versions/A/GenerativeFunctions
0x000000024e844000 	/System/Library/PrivateFrameworks/GenerativeFunctionsFoundation.framework/Versions/A/GenerativeFunctionsFoundation
0x000000025d680000 	/System/Library/PrivateFrameworks/ModelCatalog.framework/Versions/A/ModelCatalog
0x000000026a826000 	/System/Library/PrivateFrameworks/SensitiveContentAnalysisML.framework/Versions/A/SensitiveContentAnalysisML
0x000000024e8da000 	/System/Library/PrivateFrameworks/GenerativeFunctionsInstrumentation.framework/Versions/A/GenerativeFunctionsInstrumentation
0x000000026769e000 	/System/Library/PrivateFrameworks/PromptKit.framework/Versions/A/PromptKit
0x00000002670b5000 	/System/Library/PrivateFrameworks/ProactiveDaemonSupport.framework/Versions/A/ProactiveDaemonSupport
0x000000027821c000 	/System/Library/PrivateFrameworks/TokenGenerationCore.framework/Versions/A/TokenGenerationCore
0x00000001b1596000 	/System/Library/PrivateFrameworks/Trial.framework/Versions/A/Trial
0x00000001b1517000 	/System/Library/PrivateFrameworks/TrialProto.framework/Versions/A/TrialProto
0x0000000236fc4000 	/System/Library/PrivateFrameworks/AppleFlatBuffers.framework/Versions/A/AppleFlatBuffers
0x000000026aaf6000 	/System/Library/PrivateFrameworks/SentencePieceInternal.framework/Versions/A/SentencePieceInternal
0x000000019c041000 	/System/Library/Frameworks/Vision.framework/Versions/A/Vision
0x00000002423b1000 	/System/Library/PrivateFrameworks/CoreSceneUnderstanding.framework/Versions/A/CoreSceneUnderstanding
0x000000027ce5c000 	/System/Library/PrivateFrameworks/VisionCore.framework/Versions/A/VisionCore
0x00000001b9e59000 	/System/Library/Frameworks/Vision.framework/libfaceCore.dylib
0x00000001ba973000 	/System/Library/PrivateFrameworks/Futhark.framework/Versions/A/Futhark
0x00000001be8b3000 	/System/Library/PrivateFrameworks/InertiaCam.framework/Versions/A/InertiaCam
0x00000001ba700000 	/System/Library/PrivateFrameworks/TextRecognition.framework/Versions/A/TextRecognition
0x0000000194d99000 	/System/Library/PrivateFrameworks/CVNLP.framework/Versions/A/CVNLP
0x00000001d6eef000 	/System/Library/PrivateFrameworks/HIDDisplay.framework/Versions/A/HIDDisplay
0x0000000195e91000 	/System/Library/Frameworks/ApplicationServices.framework/Versions/A/Frameworks/ATSUI.framework/Versions/A/ATSUI
0x0000000197b46000 	/usr/lib/libcups.2.dylib
0x0000000197bdc000 	/System/Library/Frameworks/Kerberos.framework/Versions/A/Kerberos
0x000000019784d000 	/usr/lib/libresolv.9.dylib
0x0000000195252000 	/System/Library/PrivateFrameworks/Heimdal.framework/Versions/A/Heimdal
0x00000001a09ba000 	/System/Library/Frameworks/Kerberos.framework/Versions/A/Libraries/libHeimdalProxy.dylib
0x0000000197c40000 	/System/Library/PrivateFrameworks/CommonAuth.framework/Versions/A/CommonAuth
0x00000001a98b3000 	/System/Library/PrivateFrameworks/AXCoreUtilities.framework/Versions/A/AXCoreUtilities
0x0000000286478000 	/usr/lib/libAXSafeCategoryBundle.dylib
0x00000002313f6000 	/System/Library/Frameworks/TabularData.framework/Versions/A/TabularData
0x0000000238244000 	/System/Library/PrivateFrameworks/ArgumentParserInternal.framework/Versions/A/ArgumentParserInternal
0x00000001923e0000 	/System/Library/Frameworks/Accelerate.framework/Versions/A/Frameworks/vecLib.framework/Versions/A/libvDSP.dylib
0x000000019394e000 	/System/Library/Frameworks/Accelerate.framework/Versions/A/Frameworks/vecLib.framework/Versions/A/libLAPACK.dylib
0x0000000192917000 	/System/Library/Frameworks/Accelerate.framework/Versions/A/Frameworks/vecLib.framework/Versions/A/libLinearAlgebra.dylib
0x0000000193845000 	/System/Library/Frameworks/Accelerate.framework/Versions/A/Frameworks/vecLib.framework/Versions/A/libSparseBLAS.dylib
0x0000000193949000 	/System/Library/Frameworks/Accelerate.framework/Versions/A/Frameworks/vecLib.framework/Versions/A/libQuadrature.dylib
0x0000000191358000 	/System/Library/Frameworks/Accelerate.framework/Versions/A/Frameworks/vecLib.framework/Versions/A/libBNNS.dylib
0x0000000184bab000 	/System/Library/Frameworks/Accelerate.framework/Versions/A/Frameworks/vecLib.framework/Versions/A/libSparse.dylib
0x0000000197ba5000 	/System/Library/PrivateFrameworks/NetAuth.framework/Versions/A/NetAuth
0x000000018e23a000 	/System/Library/PrivateFrameworks/login.framework/Versions/A/Frameworks/loginsupport.framework/Versions/A/loginsupport
0x000000019287f000 	/usr/lib/libCheckFix.dylib
0x000000018d3c0000 	/System/Library/PrivateFrameworks/MetadataUtilities.framework/Versions/A/MetadataUtilities
0x0000000252a08000 	/System/Library/PrivateFrameworks/InstalledContentLibrary.framework/Versions/A/InstalledContentLibrary
0x0000000187b16000 	/System/Library/PrivateFrameworks/CoreServicesStore.framework/Versions/A/CoreServicesStore
0x00000001c43eb000 	/System/Library/PrivateFrameworks/MobileSystemServices.framework/Versions/A/MobileSystemServices
0x0000000194c1e000 	/usr/lib/libxslt.1.dylib
0x000000019283e000 	/System/Library/PrivateFrameworks/BackgroundTaskManagement.framework/Versions/A/BackgroundTaskManagement
0x00000001a004c000 	/usr/lib/libcurl.4.dylib
0x000000028717c000 	/usr/lib/libcrypto.46.dylib
0x0000000287d1b000 	/usr/lib/libssl.48.dylib
0x000000019fd26000 	/System/Library/Frameworks/LDAP.framework/Versions/A/LDAP
0x000000019fd62000 	/System/Library/PrivateFrameworks/TrustEvaluationAgent.framework/Versions/A/TrustEvaluationAgent
0x000000019786a000 	/usr/lib/libsasl2.2.dylib
0x00000001ad9dc000 	/usr/lib/swift/libswiftCoreGraphics.dylib
0x000000019c6db000 	/usr/lib/swift/libswiftFoundation.dylib
0x00000001e7f99000 	/usr/lib/swift/libswiftSwiftOnoneSupport.dylib
0x00000002883c9000 	/usr/lib/swift/libswiftsys_time.dylib
0x00000001d2bce000 	/System/Library/PrivateFrameworks/CoreMaterial.framework/Versions/A/CoreMaterial
0x0000000286974000 	/usr/lib/libSpatial.dylib
0x0000000286395000 	/System/Library/SubFrameworks/UIUtilities.framework/Versions/A/UIUtilities
0x0000000101ac8000 	/Users/j/Library/Java/JavaVirtualMachines/openjdk-21.0.2/Contents/Home/lib/server/libjvm.dylib
0x00000001007e8000 	/Users/j/Library/Java/JavaVirtualMachines/openjdk-21.0.2/Contents/Home/lib/libjimage.dylib
0x0000000100814000 	/Users/j/Library/Java/JavaVirtualMachines/openjdk-21.0.2/Contents/Home/lib/libinstrument.dylib
0x000000010085c000 	/Users/j/Library/Java/JavaVirtualMachines/openjdk-21.0.2/Contents/Home/lib/libjava.dylib
0x00000001013a0000 	/Users/j/Library/Java/JavaVirtualMachines/openjdk-21.0.2/Contents/Home/lib/libzip.dylib
0x00000001013c8000 	/Users/j/Library/Java/JavaVirtualMachines/openjdk-21.0.2/Contents/Home/lib/libnio.dylib
0x0000000101378000 	/Users/j/Library/Java/JavaVirtualMachines/openjdk-21.0.2/Contents/Home/lib/libnet.dylib
0x0000000101700000 	/Users/j/Library/Java/JavaVirtualMachines/openjdk-21.0.2/Contents/Home/lib/libverify.dylib
0x0000000101390000 	/Users/j/.gradle/native/1def1411415f61bf3af743bc5b6707747c0891f09f0c88961ee8f79bc544acac/osx-aarch64/libnative-platform.dylib
0x00000001017a0000 	/Users/j/.gradle/native/0.2.7/aarch64-macos/libgradle-fileevents.dylib
0x00000001013e8000 	/Users/j/Library/Java/JavaVirtualMachines/openjdk-21.0.2/Contents/Home/lib/libmanagement.dylib
0x000000010171c000 	/Users/j/Library/Java/JavaVirtualMachines/openjdk-21.0.2/Contents/Home/lib/libmanagement_ext.dylib
0x0000000101730000 	/Users/j/Library/Java/JavaVirtualMachines/openjdk-21.0.2/Contents/Home/lib/libextnet.dylib
0x0000000101744000 	/Users/j/Library/Java/JavaVirtualMachines/openjdk-21.0.2/Contents/Home/lib/librmi.dylib
0x0000000101a00000 	/Users/j/Library/Java/JavaVirtualMachines/openjdk-21.0.2/Contents/Home/lib/libawt.dylib
0x000000010af38000 	/Users/j/Library/Java/JavaVirtualMachines/openjdk-21.0.2/Contents/Home/lib/libmlib_image.dylib
0x000000022c1c3000 	/System/Library/Frameworks/JavaRuntimeSupport.framework/Versions/A/JavaRuntimeSupport
0x00000001af508000 	/System/Library/Frameworks/Carbon.framework/Versions/A/Carbon
0x00000001a56ca000 	/System/Library/Frameworks/Carbon.framework/Versions/A/Frameworks/CommonPanels.framework/Versions/A/CommonPanels
0x00000001a0037000 	/System/Library/Frameworks/Carbon.framework/Versions/A/Frameworks/Help.framework/Versions/A/Help
0x00000001a56ce000 	/System/Library/Frameworks/Carbon.framework/Versions/A/Frameworks/ImageCapture.framework/Versions/A/ImageCapture
0x00000001a56a9000 	/System/Library/Frameworks/Carbon.framework/Versions/A/Frameworks/OpenScripting.framework/Versions/A/OpenScripting
0x00000001a56c9000 	/System/Library/Frameworks/Carbon.framework/Versions/A/Frameworks/Ink.framework/Versions/A/Ink
0x00000001a56c6000 	/System/Library/Frameworks/Carbon.framework/Versions/A/Frameworks/SecurityHI.framework/Versions/A/SecurityHI
0x00000002867e8000 	/usr/lib/libInterpreterSecurity.dylib
0x00000001c6168000 	/System/Library/PrivateFrameworks/XprotectFramework.framework/Versions/A/XprotectFramework
0x00000001a8cc4000 	/System/Library/PrivateFrameworks/yara.framework/Versions/A/yara
0x0000000286765000 	/usr/lib/libEndpointSecuritySystem.dylib
0x0000000316020000 	/Users/j/Library/Java/JavaVirtualMachines/openjdk-21.0.2/Contents/Home/lib/libawt_lwawt.dylib
0x0000000101824000 	/Users/j/Library/Java/JavaVirtualMachines/openjdk-21.0.2/Contents/Home/lib/libosxapp.dylib
0x00000001ada45000 	/System/Library/Frameworks/ExceptionHandling.framework/Versions/A/ExceptionHandling
0x0000000316364000 	/Users/j/Library/Java/JavaVirtualMachines/openjdk-21.0.2/Contents/Home/lib/libfontmanager.dylib
0x000000016b600000 	/Users/j/Library/Java/JavaVirtualMachines/openjdk-21.0.2/Contents/Home/lib/libfreetype.dylib


VM Arguments:
jvm_args: --add-opens=java.base/java.lang=ALL-UNNAMED --add-opens=java.base/java.lang.invoke=ALL-UNNAMED --add-opens=java.base/java.util=ALL-UNNAMED --add-opens=java.prefs/java.util.prefs=ALL-UNNAMED --add-exports=jdk.compiler/com.sun.tools.javac.api=ALL-UNNAMED --add-exports=jdk.compiler/com.sun.tools.javac.util=ALL-UNNAMED --add-opens=java.base/java.util=ALL-UNNAMED --add-opens=java.prefs/java.util.prefs=ALL-UNNAMED --add-opens=java.base/java.nio.charset=ALL-UNNAMED --add-opens=java.base/java.net=ALL-UNNAMED --add-opens=java.base/java.util.concurrent.atomic=ALL-UNNAMED --add-opens=java.xml/javax.xml.namespace=ALL-UNNAMED -Xmx2048m -Dfile.encoding=UTF-8 -Duser.country=PL -Duser.language=en -Duser.variant -javaagent:/Users/j/.gradle/wrapper/dists/gradle-8.14.5-bin/690y85m0j9nfaub7xoiayko8a/gradle-8.14.5/lib/agents/gradle-instrumentation-agent-8.14.5.jar 
java_command: org.gradle.launcher.daemon.bootstrap.GradleDaemon 8.14.5
java_class_path (initial): /Users/j/.gradle/wrapper/dists/gradle-8.14.5-bin/690y85m0j9nfaub7xoiayko8a/gradle-8.14.5/lib/gradle-daemon-main-8.14.5.jar
Launcher Type: SUN_STANDARD

[Global flags]
     intx CICompilerCount                          = 4                                         {product} {ergonomic}
     uint ConcGCThreads                            = 2                                         {product} {ergonomic}
     uint G1ConcRefinementThreads                  = 8                                         {product} {ergonomic}
   size_t G1HeapRegionSize                         = 1048576                                   {product} {ergonomic}
    uintx GCDrainStackTargetSize                   = 64                                        {product} {ergonomic}
   size_t InitialHeapSize                          = 268435456                                 {product} {ergonomic}
   size_t MarkStackSize                            = 4194304                                   {product} {ergonomic}
   size_t MaxHeapSize                              = 2147483648                                {product} {command line}
   size_t MaxNewSize                               = 1287651328                                {product} {ergonomic}
   size_t MinHeapDeltaBytes                        = 1048576                                   {product} {ergonomic}
   size_t MinHeapSize                              = 8388608                                   {product} {ergonomic}
    uintx NonNMethodCodeHeapSize                   = 5839564                                {pd product} {ergonomic}
    uintx NonProfiledCodeHeapSize                  = 122909338                              {pd product} {ergonomic}
    uintx ProfiledCodeHeapSize                     = 122909338                              {pd product} {ergonomic}
    uintx ReservedCodeCacheSize                    = 251658240                              {pd product} {ergonomic}
     bool SegmentedCodeCache                       = true                                      {product} {ergonomic}
   size_t SoftMaxHeapSize                          = 2147483648                             {manageable} {ergonomic}
     bool UseCompressedOops                        = true                           {product lp64_product} {ergonomic}
     bool UseG1GC                                  = true                                      {product} {ergonomic}
     bool UseNUMA                                  = false                                     {product} {ergonomic}
     bool UseNUMAInterleaving                      = false                                     {product} {ergonomic}

Logging:
Log output configuration:
 #0: stdout all=warning uptime,level,tags foldmultilines=false
 #1: stderr all=off uptime,level,tags foldmultilines=false

Environment Variables:
PATH=/Users/j/.local/bin:/Users/j/.local/bin:/Users/j/.local/bin:/opt/homebrew/bin:/opt/homebrew/sbin:/usr/local/bin:/System/Cryptexes/App/usr/bin:/usr/bin:/bin:/usr/sbin:/sbin:/var/run/com.apple.security.cryptexd/codex.system/bootstrap/usr/local/bin:/var/run/com.apple.security.cryptexd/codex.system/bootstrap/usr/bin:/var/run/com.apple.security.cryptexd/codex.system/bootstrap/usr/appleinternal/bin:/pkg/env/global/bin:/Library/Apple/usr/bin:/Users/j/android-platform-tools/34.0.5/platform-tools:/Users/j/android-platform-tools/platform-tools/:/Users/j/android-platform-tools/34.0.5/platform-tools/:/Users/j/.maestro/bin:/Users/j/.claude/plugins/cache/claude-plugins-official/frontend-design/unknown/bin:/Users/j/.claude/plugins/cache/claude-plugins-official/vercel/0.45.1/bin:/Users/j/.claude/plugins/cache/claude-plugins-official/swift-lsp/1.0.0/bin:/Users/j/.claude/plugins/cache/claude-plugins-official/clangd-lsp/1.0.0/bin
SHELL=/bin/zsh
LANG=C.UTF-8
LC_CTYPE=UTF-8
TERM=xterm-256color
TMPDIR=/var/folders/_8/0bp8ht195ns26_l8gqdzq1n40000gn/T/

Active Locale:
LC_ALL=C.UTF-8/UTF-8/C.UTF-8/C.UTF-8/C.UTF-8/C.UTF-8
LC_COLLATE=C.UTF-8
LC_CTYPE=UTF-8
LC_MESSAGES=C.UTF-8
LC_MONETARY=C.UTF-8
LC_NUMERIC=C.UTF-8
LC_TIME=C.UTF-8

Signal Handlers:
   SIGSEGV: crash_handler in libjvm.dylib, mask=11100110000111110111111111111111, flags=SA_ONSTACK|SA_RESTART|SA_SIGINFO, unblocked
    SIGBUS: crash_handler in libjvm.dylib, mask=11100110000111110111111111111111, flags=SA_RESTART|SA_SIGINFO, unblocked
    SIGFPE: crash_handler in libjvm.dylib, mask=11100110000111110111111111111111, flags=SA_RESTART|SA_SIGINFO, unblocked
   SIGPIPE: javaSignalHandler in libjvm.dylib, mask=11100110000111110111111111111111, flags=SA_RESTART|SA_SIGINFO, unblocked
   SIGXFSZ: javaSignalHandler in libjvm.dylib, mask=11100110000111110111111111111111, flags=SA_RESTART|SA_SIGINFO, unblocked
    SIGILL: crash_handler in libjvm.dylib, mask=11100110000111110111111111111111, flags=SA_RESTART|SA_SIGINFO, unblocked
   SIGUSR2: SR_handler in libjvm.dylib, mask=00000000000000000000000000000000, flags=SA_RESTART|SA_SIGINFO, unblocked
    SIGHUP: UserHandler in libjvm.dylib, mask=11100110000111110111111111111111, flags=SA_RESTART|SA_SIGINFO, unblocked
    SIGINT: UserHandler in libjvm.dylib, mask=11100110000111110111111111111111, flags=SA_RESTART|SA_SIGINFO, unblocked
   SIGTERM: UserHandler in libjvm.dylib, mask=11100110000111110111111111111111, flags=SA_RESTART|SA_SIGINFO, unblocked
   SIGQUIT: UserHandler in libjvm.dylib, mask=11100110000111110111111111111111, flags=SA_RESTART|SA_SIGINFO, blocked
   SIGTRAP: crash_handler in libjvm.dylib, mask=11100110000111110111111111111111, flags=SA_RESTART|SA_SIGINFO, unblocked


Periodic native trim disabled

---------------  S Y S T E M  ---------------

OS:
uname: Darwin 25.5.0 Darwin Kernel Version 25.5.0: Tue Jun  9 22:26:46 PDT 2026; root:xnu-12377.121.10~1/RELEASE_ARM64_T8103 arm64
OS uptime: 1 days 21:22 hours
rlimit (soft/hard): STACK 8176k/65520k , CORE 0k/infinity , NPROC 2666/4000 , NOFILE 10240/infinity , AS infinity/infinity , CPU infinity/infinity , DATA infinity/infinity , FSIZE infinity/infinity , MEMLOCK infinity/infinity , RSS infinity/infinity
load average: 20.17 16.40 12.82

CPU: total 8 (initial active 8) 0x61:0x0:0x1b588bb3:0, fp, asimd, aes, pmull, sha1, sha256, crc32, lse, sha3, sha512
machdep.cpu.brand_string:Apple M1
hw.cachelinesize:128
hw.l1icachesize:131072
hw.l1dcachesize:65536
hw.l2cachesize:4194304

Memory: 16k page, physical 16777216k(101584k free), swap 7340032k(698368k free)

vm_info: OpenJDK 64-Bit Server VM (21.0.2+13-58) for bsd-aarch64 JRE (21.0.2+13-58), built on 2024-01-05T18:32:24Z by "mach5one" with clang Apple LLVM 12.0.0 (clang-1200.0.32.29)

END.
